{"data":[{"ObjectIdentifier": "BE54CC4B-F7F3-4069-9085-18D905FF7A31", "Properties": {"domain": "TOMBWATCHER.HTB", "name": "ADCS@TOMBWATCHER.HTB", "distinguishedname": "OU=ADCS,DC=TOMBWATCHER,DC=HTB", "domainsid": "S-1-5-21-1392491010-1358638721-2126982587", "highvalue": false, "blocksinheritance": false, "description": null, "whencreated": 1731718559}, "IsDeleted": false, "IsACLProtected": false, "Aces": [{"RightName": "Owns", "IsInherited": false, "PrincipalSID": "S-1-5-21-1392491010-1358638721-2126982587-512", "PrincipalType": "Group"}, {"RightName": "GenericAll", "IsInherited": false, "PrincipalSID": "S-1-5-21-1392491010-1358638721-2126982587-512", "PrincipalType": "Group"}, {"RightName": "GenericAll", "IsInherited": false, "PrincipalSID": "S-1-5-21-1392491010-1358638721-2126982587-1106", "PrincipalType": "User"}, {"RightName": "GenericAll", "IsInherited": false, "PrincipalSID": "S-1-5-21-1392491010-1358638721-2126982587-1106", "PrincipalType": "User"}, {"RightName": "GenericAll", "IsInherited": true, "PrincipalSID": "S-1-5-21-1392491010-1358638721-2126982587-519", "PrincipalType": "Group"}, {"RightName": "GenericWrite", "IsInherited": true, "PrincipalSID": "TOMBWATCHER.HTB-S-1-5-32-544", "PrincipalType": "Group"}, {"RightName": "WriteOwner", "IsInherited": true, "PrincipalSID": "TOMBWATCHER.HTB-S-1-5-32-544", "PrincipalType": "Group"}, {"RightName": "WriteDacl", "IsInherited": true, "PrincipalSID": "TOMBWATCHER.HTB-S-1-5-32-544", "PrincipalType": "Group"}], "Links": [], "ChildObjects": [{"ObjectIdentifier": "S-1-5-21-1392491010-1358638721-2126982587-1111", "ObjectType": "User"}], "GPOChanges": {"AffectedComputers": [], "DcomUsers": [], "LocalAdmins": [], "PSRemoteUsers": [], "RemoteDesktopUsers": []}},{"ObjectIdentifier": "35822152-0800-46B6-82BD-45C7897CCB62", "Properties": {"domain": "TOMBWATCHER.HTB", "name": "DOMAIN CONTROLLERS@TOMBWATCHER.HTB", "distinguishedname": "OU=DOMAIN CONTROLLERS,DC=TOMBWATCHER,DC=HTB", "domainsid": "S-1-5-21-1392491010-1358638721-2126982587", "highvalue": false, "blocksinheritance": false, "description": "Default container for domain controllers", "whencreated": 1731715301}, "IsDeleted": false, "IsACLProtected": false, "Aces": [{"RightName": "Owns", "IsInherited": false, "PrincipalSID": "S-1-5-21-1392491010-1358638721-2126982587-512", "PrincipalType": "Group"}, {"RightName": "GenericWrite", "IsInherited": false, "PrincipalSID": "S-1-5-21-1392491010-1358638721-2126982587-512", "PrincipalType": "Group"}, {"RightName": "WriteOwner", "IsInherited": false, "PrincipalSID": "S-1-5-21-1392491010-1358638721-2126982587-512", "PrincipalType": "Group"}, {"RightName": "WriteDacl", "IsInherited": false, "PrincipalSID": "S-1-5-21-1392491010-1358638721-2126982587-512", "PrincipalType": "Group"}, {"RightName": "GenericAll", "IsInherited": true, "PrincipalSID": "S-1-5-21-1392491010-1358638721-2126982587-519", "PrincipalType": "Group"}, {"RightName": "GenericWrite", "IsInherited": true, "PrincipalSID": "TOMBWATCHER.HTB-S-1-5-32-544", "PrincipalType": "Group"}, {"RightName": "WriteOwner", "IsInherited": true, "PrincipalSID": "TOMBWATCHER.HTB-S-1-5-32-544", "PrincipalType": "Group"}, {"RightName": "WriteDacl", "IsInherited": true, "PrincipalSID": "TOMBWATCHER.HTB-S-1-5-32-544", "PrincipalType": "Group"}], "Links": [{"IsEnforced": false, "GUID": "C24AA96A-ABBC-4123-BAB0-EA5937BE394F"}], "ChildObjects": [{"ObjectIdentifier": "S-1-5-21-1392491010-1358638721-2126982587-1000", "ObjectType": "Computer"}], "GPOChanges": {"AffectedComputers": [], "DcomUsers": [], "LocalAdmins": [], "PSRemoteUsers": [], "RemoteDesktopUsers": []}}],"meta":{"methods":0,"type":"ous","count":2, "version":5}}