{"data":[{"AllowedToDelegate": [], "ObjectIdentifier": "TOMBWATCHER.HTB-S-1-5-20", "PrimaryGroupSID": null, "Properties": {"domain": "TOMBWATCHER.HTB", "domainsid": "S-1-5-21-1392491010-1358638721-2126982587", "name": "NT AUTHORITY@TOMBWATCHER.HTB"}, "Aces": [], "SPNTargets": [], "HasSIDHistory": [], "IsDeleted": false, "IsACLProtected": false},{"AllowedToDelegate": [], "ObjectIdentifier": "S-1-5-21-1392491010-1358638721-2126982587-1106", "PrimaryGroupSID": "S-1-5-21-1392491010-1358638721-2126982587-513", "Properties": {"name": "JOHN@TOMBWATCHER.HTB", "domain": "TOMBWATCHER.HTB", "domainsid": "S-1-5-21-1392491010-1358638721-2126982587", "distinguishedname": "CN=JOHN,CN=USERS,DC=TOMBWATCHER,DC=HTB", "unconstraineddelegation": false, "trustedtoauth": false, "passwordnotreqd": false, "enabled": true, "lastlogon": 1749446854, "lastlogontimestamp": 1749078444, "pwdlastset": 1747661110, "dontreqpreauth": false, "pwdneverexpires": true, "sensitive": false, "serviceprincipalnames": [], "hasspn": false, "displayname": null, "email": null, "title": null, "homedirectory": null, "description": null, "userpassword": null, "admincount": false, "sidhistory": [], "whencreated": 1731718453, "unixpassword": null, "unicodepassword": null, "logonscript": null, "samaccountname": "john", "sfupassword": null}, "Aces": [{"RightName": "Owns", "IsInherited": false, "PrincipalSID": "S-1-5-21-1392491010-1358638721-2126982587-512", "PrincipalType": "Group"}, {"RightName": "GenericAll", "IsInherited": false, "PrincipalSID": "S-1-5-21-1392491010-1358638721-2126982587-512", "PrincipalType": "Group"}, {"RightName": "WriteOwner", "IsInherited": false, "PrincipalSID": "S-1-5-21-1392491010-1358638721-2126982587-1105", "PrincipalType": "User"}, {"RightName": "GenericAll", "IsInherited": false, "PrincipalSID": "TOMBWATCHER.HTB-S-1-5-32-548", "PrincipalType": "Group"}, {"RightName": "AddKeyCredentialLink", "IsInherited": true, "PrincipalSID": "S-1-5-21-1392491010-1358638721-2126982587-526", "PrincipalType": "Group"}, {"RightName": "AddKeyCredentialLink", "IsInherited": true, "PrincipalSID": "S-1-5-21-1392491010-1358638721-2126982587-527", "PrincipalType": "Group"}, {"RightName": "GenericAll", "IsInherited": true, "PrincipalSID": "S-1-5-21-1392491010-1358638721-2126982587-519", "PrincipalType": "Group"}, {"RightName": "GenericWrite", "IsInherited": true, "PrincipalSID": "TOMBWATCHER.HTB-S-1-5-32-544", "PrincipalType": "Group"}, {"RightName": "WriteOwner", "IsInherited": true, "PrincipalSID": "TOMBWATCHER.HTB-S-1-5-32-544", "PrincipalType": "Group"}, {"RightName": "AllExtendedRights", "IsInherited": true, "PrincipalSID": "TOMBWATCHER.HTB-S-1-5-32-544", "PrincipalType": "Group"}, {"RightName": "WriteDacl", "IsInherited": true, "PrincipalSID": "TOMBWATCHER.HTB-S-1-5-32-544", "PrincipalType": "Group"}], "SPNTargets": [], "HasSIDHistory": [], "IsDeleted": false, "IsACLProtected": false},{"AllowedToDelegate": [], "ObjectIdentifier": "S-1-5-21-1392491010-1358638721-2126982587-1108", "PrimaryGroupSID": "S-1-5-21-1392491010-1358638721-2126982587-515", "Properties": {"name": "ANSIBLE_DEV$@TOMBWATCHER.HTB", "domain": "TOMBWATCHER.HTB", "domainsid": "S-1-5-21-1392491010-1358638721-2126982587", "distinguishedname": "CN=ANSIBLE_DEV,CN=MANAGED SERVICE ACCOUNTS,DC=TOMBWATCHER,DC=HTB", "unconstraineddelegation": false, "trustedtoauth": false, "passwordnotreqd": false, "enabled": true, "lastlogon": 0, "lastlogontimestamp": 1749445687, "pwdlastset": 1749445542, "dontreqpreauth": false, "pwdneverexpires": false, "sensitive": false, "serviceprincipalnames": [], "hasspn": false, "displayname": null, "email": null, "title": null, "homedirectory": null, "description": null, "userpassword": null, "admincount": false, "sidhistory": [], "whencreated": 1731718453, "unixpassword": null, "unicodepassword": null, "logonscript": null, "samaccountname": "ansible_dev$", "sfupassword": null}, "Aces": [{"RightName": "ReadGMSAPassword", "IsInherited": false, "PrincipalSID": "TOMBWATCHER.HTB-S-1-5-32-544", "PrincipalType": "Group"}, {"RightName": "ReadGMSAPassword", "IsInherited": false, "PrincipalSID": "S-1-5-21-1392491010-1358638721-2126982587-1107", "PrincipalType": "Group"}, {"RightName": "Owns", "IsInherited": false, "PrincipalSID": "S-1-5-21-1392491010-1358638721-2126982587-512", "PrincipalType": "Group"}, {"RightName": "AllExtendedRights", "IsInherited": false, "PrincipalSID": "S-1-5-21-1392491010-1358638721-2126982587-512", "PrincipalType": "Group"}, {"RightName": "GenericAll", "IsInherited": false, "PrincipalSID": "S-1-5-21-1392491010-1358638721-2126982587-512", "PrincipalType": "Group"}, {"RightName": "GenericAll", "IsInherited": false, "PrincipalSID": "TOMBWATCHER.HTB-S-1-5-32-548", "PrincipalType": "Group"}, {"RightName": "AddKeyCredentialLink", "IsInherited": true, "PrincipalSID": "S-1-5-21-1392491010-1358638721-2126982587-526", "PrincipalType": "Group"}, {"RightName": "AddKeyCredentialLink", "IsInherited": true, "PrincipalSID": "S-1-5-21-1392491010-1358638721-2126982587-527", "PrincipalType": "Group"}, {"RightName": "GenericAll", "IsInherited": true, "PrincipalSID": "S-1-5-21-1392491010-1358638721-2126982587-519", "PrincipalType": "Group"}, {"RightName": "GenericWrite", "IsInherited": true, "PrincipalSID": "TOMBWATCHER.HTB-S-1-5-32-544", "PrincipalType": "Group"}, {"RightName": "WriteOwner", "IsInherited": true, "PrincipalSID": "TOMBWATCHER.HTB-S-1-5-32-544", "PrincipalType": "Group"}, {"RightName": "AllExtendedRights", "IsInherited": true, "PrincipalSID": "TOMBWATCHER.HTB-S-1-5-32-544", "PrincipalType": "Group"}, {"RightName": "WriteDacl", "IsInherited": true, "PrincipalSID": "TOMBWATCHER.HTB-S-1-5-32-544", "PrincipalType": "Group"}], "SPNTargets": [], "HasSIDHistory": [], "IsDeleted": false, "IsACLProtected": false},{"AllowedToDelegate": [], "ObjectIdentifier": "S-1-5-21-1392491010-1358638721-2126982587-1111", "PrimaryGroupSID": "S-1-5-21-1392491010-1358638721-2126982587-513", "Properties": {"name": "CERT_ADMIN@TOMBWATCHER.HTB", "domain": "TOMBWATCHER.HTB", "domainsid": "S-1-5-21-1392491010-1358638721-2126982587", "distinguishedname": "CN=CERT_ADMIN,OU=ADCS,DC=TOMBWATCHER,DC=HTB", "unconstraineddelegation": false, "trustedtoauth": false, "passwordnotreqd": false, "enabled": true, "lastlogon": 0, "lastlogontimestamp": -1, "pwdlastset": 1731776824, "dontreqpreauth": false, "pwdneverexpires": true, "sensitive": false, "serviceprincipalnames": [], "hasspn": false, "displayname": null, "email": null, "title": null, "homedirectory": null, "description": null, "userpassword": null, "admincount": false, "sidhistory": [], "whencreated": 1731776824, "unixpassword": null, "unicodepassword": null, "logonscript": null, "samaccountname": "cert_admin", "sfupassword": null}, "Aces": [{"RightName": "Owns", "IsInherited": false, "PrincipalSID": "S-1-5-21-1392491010-1358638721-2126982587-512", "PrincipalType": "Group"}, {"RightName": "GenericAll", "IsInherited": false, "PrincipalSID": "S-1-5-21-1392491010-1358638721-2126982587-512", "PrincipalType": "Group"}, {"RightName": "GenericAll", "IsInherited": false, "PrincipalSID": "TOMBWATCHER.HTB-S-1-5-32-548", "PrincipalType": "Group"}, {"RightName": "GenericAll", "IsInherited": true, "PrincipalSID": "S-1-5-21-1392491010-1358638721-2126982587-1106", "PrincipalType": "User"}, {"RightName": "GenericAll", "IsInherited": true, "PrincipalSID": "S-1-5-21-1392491010-1358638721-2126982587-1106", "PrincipalType": "User"}, {"RightName": "AddKeyCredentialLink", "IsInherited": true, "PrincipalSID": "S-1-5-21-1392491010-1358638721-2126982587-526", "PrincipalType": "Group"}, {"RightName": "AddKeyCredentialLink", "IsInherited": true, "PrincipalSID": "S-1-5-21-1392491010-1358638721-2126982587-527", "PrincipalType": "Group"}, {"RightName": "GenericAll", "IsInherited": true, "PrincipalSID": "S-1-5-21-1392491010-1358638721-2126982587-519", "PrincipalType": "Group"}, {"RightName": "GenericWrite", "IsInherited": true, "PrincipalSID": "TOMBWATCHER.HTB-S-1-5-32-544", "PrincipalType": "Group"}, {"RightName": "WriteOwner", "IsInherited": true, "PrincipalSID": "TOMBWATCHER.HTB-S-1-5-32-544", "PrincipalType": "Group"}, {"RightName": "AllExtendedRights", "IsInherited": true, "PrincipalSID": "TOMBWATCHER.HTB-S-1-5-32-544", "PrincipalType": "Group"}, {"RightName": "WriteDacl", "IsInherited": true, "PrincipalSID": "TOMBWATCHER.HTB-S-1-5-32-544", "PrincipalType": "Group"}], "SPNTargets": [], "HasSIDHistory": [], "IsDeleted": false, "IsACLProtected": false},{"AllowedToDelegate": [], "ObjectIdentifier": "S-1-5-21-1392491010-1358638721-2126982587-1104", "PrimaryGroupSID": "S-1-5-21-1392491010-1358638721-2126982587-513", "Properties": {"name": "ALFRED@TOMBWATCHER.HTB", "domain": "TOMBWATCHER.HTB", "domainsid": "S-1-5-21-1392491010-1358638721-2126982587", "distinguishedname": "CN=ALFRED,CN=USERS,DC=TOMBWATCHER,DC=HTB", "unconstraineddelegation": false, "trustedtoauth": false, "passwordnotreqd": false, "enabled": true, "lastlogon": 0, "lastlogontimestamp": 1749444126, "pwdlastset": 1747063023, "dontreqpreauth": false, "pwdneverexpires": true, "sensitive": false, "serviceprincipalnames": [], "hasspn": false, "displayname": null, "email": null, "title": null, "homedirectory": null, "description": null, "userpassword": null, "admincount": false, "sidhistory": [], "whencreated": 1731718453, "unixpassword": null, "unicodepassword": null, "logonscript": null, "samaccountname": "Alfred", "sfupassword": null}, "Aces": [{"RightName": "Owns", "IsInherited": false, "PrincipalSID": "S-1-5-21-1392491010-1358638721-2126982587-512", "PrincipalType": "Group"}, {"RightName": "WriteSPN", "IsInherited": false, "PrincipalSID": "S-1-5-21-1392491010-1358638721-2126982587-1103", "PrincipalType": "User"}, {"RightName": "GenericAll", "IsInherited": false, "PrincipalSID": "S-1-5-21-1392491010-1358638721-2126982587-512", "PrincipalType": "Group"}, {"RightName": "GenericAll", "IsInherited": false, "PrincipalSID": "TOMBWATCHER.HTB-S-1-5-32-548", "PrincipalType": "Group"}, {"RightName": "AddKeyCredentialLink", "IsInherited": true, "PrincipalSID": "S-1-5-21-1392491010-1358638721-2126982587-526", "PrincipalType": "Group"}, {"RightName": "AddKeyCredentialLink", "IsInherited": true, "PrincipalSID": "S-1-5-21-1392491010-1358638721-2126982587-527", "PrincipalType": "Group"}, {"RightName": "GenericAll", "IsInherited": true, "PrincipalSID": "S-1-5-21-1392491010-1358638721-2126982587-519", "PrincipalType": "Group"}, {"RightName": "GenericWrite", "IsInherited": true, "PrincipalSID": "TOMBWATCHER.HTB-S-1-5-32-544", "PrincipalType": "Group"}, {"RightName": "WriteOwner", "IsInherited": true, "PrincipalSID": "TOMBWATCHER.HTB-S-1-5-32-544", "PrincipalType": "Group"}, {"RightName": "AllExtendedRights", "IsInherited": true, "PrincipalSID": "TOMBWATCHER.HTB-S-1-5-32-544", "PrincipalType": "Group"}, {"RightName": "WriteDacl", "IsInherited": true, "PrincipalSID": "TOMBWATCHER.HTB-S-1-5-32-544", "PrincipalType": "Group"}], "SPNTargets": [], "HasSIDHistory": [], "IsDeleted": false, "IsACLProtected": false},{"AllowedToDelegate": [], "ObjectIdentifier": "S-1-5-21-1392491010-1358638721-2126982587-1103", "PrimaryGroupSID": "S-1-5-21-1392491010-1358638721-2126982587-513", "Properties": {"name": "HENRY@TOMBWATCHER.HTB", "domain": "TOMBWATCHER.HTB", "domainsid": "S-1-5-21-1392491010-1358638721-2126982587", "distinguishedname": "CN=HENRY,CN=USERS,DC=TOMBWATCHER,DC=HTB", "unconstraineddelegation": false, "trustedtoauth": false, "passwordnotreqd": false, "enabled": true, "lastlogon": 1749443990, "lastlogontimestamp": 1749443658, "pwdlastset": 1747063023, "dontreqpreauth": false, "pwdneverexpires": true, "sensitive": false, "serviceprincipalnames": [], "hasspn": false, "displayname": null, "email": null, "title": null, "homedirectory": null, "description": null, "userpassword": null, "admincount": false, "sidhistory": [], "whencreated": 1731718453, "unixpassword": null, "unicodepassword": null, "logonscript": null, "samaccountname": "Henry", "sfupassword": null}, "Aces": [{"RightName": "Owns", "IsInherited": false, "PrincipalSID": "S-1-5-21-1392491010-1358638721-2126982587-512", "PrincipalType": "Group"}, {"RightName": "GenericAll", "IsInherited": false, "PrincipalSID": "S-1-5-21-1392491010-1358638721-2126982587-512", "PrincipalType": "Group"}, {"RightName": "GenericAll", "IsInherited": false, "PrincipalSID": "TOMBWATCHER.HTB-S-1-5-32-548", "PrincipalType": "Group"}, {"RightName": "AddKeyCredentialLink", "IsInherited": true, "PrincipalSID": "S-1-5-21-1392491010-1358638721-2126982587-526", "PrincipalType": "Group"}, {"RightName": "AddKeyCredentialLink", "IsInherited": true, "PrincipalSID": "S-1-5-21-1392491010-1358638721-2126982587-527", "PrincipalType": "Group"}, {"RightName": "GenericAll", "IsInherited": true, "PrincipalSID": "S-1-5-21-1392491010-1358638721-2126982587-519", "PrincipalType": "Group"}, {"RightName": "GenericWrite", "IsInherited": true, "PrincipalSID": "TOMBWATCHER.HTB-S-1-5-32-544", "PrincipalType": "Group"}, {"RightName": "WriteOwner", "IsInherited": true, "PrincipalSID": "TOMBWATCHER.HTB-S-1-5-32-544", "PrincipalType": "Group"}, {"RightName": "AllExtendedRights", "IsInherited": true, "PrincipalSID": "TOMBWATCHER.HTB-S-1-5-32-544", "PrincipalType": "Group"}, {"RightName": "WriteDacl", "IsInherited": true, "PrincipalSID": "TOMBWATCHER.HTB-S-1-5-32-544", "PrincipalType": "Group"}], "SPNTargets": [], "HasSIDHistory": [], "IsDeleted": false, "IsACLProtected": false},{"AllowedToDelegate": [], "ObjectIdentifier": "S-1-5-21-1392491010-1358638721-2126982587-502", "PrimaryGroupSID": "S-1-5-21-1392491010-1358638721-2126982587-513", "Properties": {"name": "KRBTGT@TOMBWATCHER.HTB", "domain": "TOMBWATCHER.HTB", "domainsid": "S-1-5-21-1392491010-1358638721-2126982587", "distinguishedname": "CN=KRBTGT,CN=USERS,DC=TOMBWATCHER,DC=HTB", "unconstraineddelegation": false, "trustedtoauth": false, "passwordnotreqd": false, "enabled": false, "lastlogon": 0, "lastlogontimestamp": -1, "pwdlastset": 1731715348, "dontreqpreauth": false, "pwdneverexpires": false, "sensitive": false, "serviceprincipalnames": ["kadmin/changepw"], "hasspn": true, "displayname": null, "email": null, "title": null, "homedirectory": null, "description": "Key Distribution Center Service Account", "userpassword": null, "admincount": true, "sidhistory": [], "whencreated": 1731715348, "unixpassword": null, "unicodepassword": null, "logonscript": null, "samaccountname": "krbtgt", "sfupassword": null}, "Aces": [{"RightName": "Owns", "IsInherited": false, "PrincipalSID": "S-1-5-21-1392491010-1358638721-2126982587-512", "PrincipalType": "Group"}, {"RightName": "GenericWrite", "IsInherited": false, "PrincipalSID": "S-1-5-21-1392491010-1358638721-2126982587-512", "PrincipalType": "Group"}, {"RightName": "WriteOwner", "IsInherited": false, "PrincipalSID": "S-1-5-21-1392491010-1358638721-2126982587-512", "PrincipalType": "Group"}, {"RightName": "AllExtendedRights", "IsInherited": false, "PrincipalSID": "S-1-5-21-1392491010-1358638721-2126982587-512", "PrincipalType": "Group"}, {"RightName": "WriteDacl", "IsInherited": false, "PrincipalSID": "S-1-5-21-1392491010-1358638721-2126982587-512", "PrincipalType": "Group"}, {"RightName": "GenericWrite", "IsInherited": false, "PrincipalSID": "S-1-5-21-1392491010-1358638721-2126982587-519", "PrincipalType": "Group"}, {"RightName": "WriteOwner", "IsInherited": false, "PrincipalSID": "S-1-5-21-1392491010-1358638721-2126982587-519", "PrincipalType": "Group"}, {"RightName": "AllExtendedRights", "IsInherited": false, "PrincipalSID": "S-1-5-21-1392491010-1358638721-2126982587-519", "PrincipalType": "Group"}, {"RightName": "WriteDacl", "IsInherited": false, "PrincipalSID": "S-1-5-21-1392491010-1358638721-2126982587-519", "PrincipalType": "Group"}, {"RightName": "GenericWrite", "IsInherited": false, "PrincipalSID": "TOMBWATCHER.HTB-S-1-5-32-544", "PrincipalType": "Group"}, {"RightName": "WriteOwner", "IsInherited": false, "PrincipalSID": "TOMBWATCHER.HTB-S-1-5-32-544", "PrincipalType": "Group"}, {"RightName": "AllExtendedRights", "IsInherited": false, "PrincipalSID": "TOMBWATCHER.HTB-S-1-5-32-544", "PrincipalType": "Group"}, {"RightName": "WriteDacl", "IsInherited": false, "PrincipalSID": "TOMBWATCHER.HTB-S-1-5-32-544", "PrincipalType": "Group"}], "SPNTargets": [], "HasSIDHistory": [], "IsDeleted": false, "IsACLProtected": true},{"AllowedToDelegate": [], "ObjectIdentifier": "S-1-5-21-1392491010-1358638721-2126982587-1105", "PrimaryGroupSID": "S-1-5-21-1392491010-1358638721-2126982587-513", "Properties": {"name": "SAM@TOMBWATCHER.HTB", "domain": "TOMBWATCHER.HTB", "domainsid": "S-1-5-21-1392491010-1358638721-2126982587", "distinguishedname": "CN=SAM,CN=USERS,DC=TOMBWATCHER,DC=HTB", "unconstraineddelegation": false, "trustedtoauth": false, "passwordnotreqd": false, "enabled": true, "lastlogon": 1749446427, "lastlogontimestamp": 1749445709, "pwdlastset": 1749445689, "dontreqpreauth": false, "pwdneverexpires": true, "sensitive": false, "serviceprincipalnames": [], "hasspn": false, "displayname": null, "email": null, "title": null, "homedirectory": null, "description": null, "userpassword": null, "admincount": false, "sidhistory": [], "whencreated": 1731718453, "unixpassword": null, "unicodepassword": null, "logonscript": null, "samaccountname": "sam", "sfupassword": null}, "Aces": [{"RightName": "Owns", "IsInherited": false, "PrincipalSID": "S-1-5-21-1392491010-1358638721-2126982587-512", "PrincipalType": "Group"}, {"RightName": "ForceChangePassword", "IsInherited": false, "PrincipalSID": "S-1-5-21-1392491010-1358638721-2126982587-1108", "PrincipalType": "Computer"}, {"RightName": "GenericAll", "IsInherited": false, "PrincipalSID": "S-1-5-21-1392491010-1358638721-2126982587-512", "PrincipalType": "Group"}, {"RightName": "GenericAll", "IsInherited": false, "PrincipalSID": "TOMBWATCHER.HTB-S-1-5-32-548", "PrincipalType": "Group"}, {"RightName": "AddKeyCredentialLink", "IsInherited": true, "PrincipalSID": "S-1-5-21-1392491010-1358638721-2126982587-526", "PrincipalType": "Group"}, {"RightName": "AddKeyCredentialLink", "IsInherited": true, "PrincipalSID": "S-1-5-21-1392491010-1358638721-2126982587-527", "PrincipalType": "Group"}, {"RightName": "GenericAll", "IsInherited": true, "PrincipalSID": "S-1-5-21-1392491010-1358638721-2126982587-519", "PrincipalType": "Group"}, {"RightName": "GenericWrite", "IsInherited": true, "PrincipalSID": "TOMBWATCHER.HTB-S-1-5-32-544", "PrincipalType": "Group"}, {"RightName": "WriteOwner", "IsInherited": true, "PrincipalSID": "TOMBWATCHER.HTB-S-1-5-32-544", "PrincipalType": "Group"}, {"RightName": "AllExtendedRights", "IsInherited": true, "PrincipalSID": "TOMBWATCHER.HTB-S-1-5-32-544", "PrincipalType": "Group"}, {"RightName": "WriteDacl", "IsInherited": true, "PrincipalSID": "TOMBWATCHER.HTB-S-1-5-32-544", "PrincipalType": "Group"}], "SPNTargets": [], "HasSIDHistory": [], "IsDeleted": false, "IsACLProtected": false},{"AllowedToDelegate": [], "ObjectIdentifier": "S-1-5-21-1392491010-1358638721-2126982587-501", "PrimaryGroupSID": "S-1-5-21-1392491010-1358638721-2126982587-514", "Properties": {"name": "GUEST@TOMBWATCHER.HTB", "domain": "TOMBWATCHER.HTB", "domainsid": "S-1-5-21-1392491010-1358638721-2126982587", "distinguishedname": "CN=GUEST,CN=USERS,DC=TOMBWATCHER,DC=HTB", "unconstraineddelegation": false, "trustedtoauth": false, "passwordnotreqd": true, "enabled": false, "lastlogon": 0, "lastlogontimestamp": -1, "pwdlastset": 0, "dontreqpreauth": false, "pwdneverexpires": true, "sensitive": false, "serviceprincipalnames": [], "hasspn": false, "displayname": null, "email": null, "title": null, "homedirectory": null, "description": "Built-in account for guest access to the computer/domain", "userpassword": null, "admincount": false, "sidhistory": [], "whencreated": 1731715301, "unixpassword": null, "unicodepassword": null, "logonscript": null, "samaccountname": "Guest", "sfupassword": null}, "Aces": [{"RightName": "Owns", "IsInherited": false, "PrincipalSID": "TOMBWATCHER.HTB-S-1-5-32-544", "PrincipalType": "Group"}, {"RightName": "GenericAll", "IsInherited": false, "PrincipalSID": "S-1-5-21-1392491010-1358638721-2126982587-512", "PrincipalType": "Group"}, {"RightName": "GenericAll", "IsInherited": false, "PrincipalSID": "TOMBWATCHER.HTB-S-1-5-32-548", "PrincipalType": "Group"}, {"RightName": "AddKeyCredentialLink", "IsInherited": true, "PrincipalSID": "S-1-5-21-1392491010-1358638721-2126982587-526", "PrincipalType": "Group"}, {"RightName": "AddKeyCredentialLink", "IsInherited": true, "PrincipalSID": "S-1-5-21-1392491010-1358638721-2126982587-527", "PrincipalType": "Group"}, {"RightName": "GenericAll", "IsInherited": true, "PrincipalSID": "S-1-5-21-1392491010-1358638721-2126982587-519", "PrincipalType": "Group"}, {"RightName": "GenericWrite", "IsInherited": true, "PrincipalSID": "TOMBWATCHER.HTB-S-1-5-32-544", "PrincipalType": "Group"}, {"RightName": "WriteOwner", "IsInherited": true, "PrincipalSID": "TOMBWATCHER.HTB-S-1-5-32-544", "PrincipalType": "Group"}, {"RightName": "AllExtendedRights", "IsInherited": true, "PrincipalSID": "TOMBWATCHER.HTB-S-1-5-32-544", "PrincipalType": "Group"}, {"RightName": "WriteDacl", "IsInherited": true, "PrincipalSID": "TOMBWATCHER.HTB-S-1-5-32-544", "PrincipalType": "Group"}], "SPNTargets": [], "HasSIDHistory": [], "IsDeleted": false, "IsACLProtected": false},{"AllowedToDelegate": [], "ObjectIdentifier": "S-1-5-21-1392491010-1358638721-2126982587-500", "PrimaryGroupSID": "S-1-5-21-1392491010-1358638721-2126982587-513", "Properties": {"name": "ADMINISTRATOR@TOMBWATCHER.HTB", "domain": "TOMBWATCHER.HTB", "domainsid": "S-1-5-21-1392491010-1358638721-2126982587", "distinguishedname": "CN=ADMINISTRATOR,CN=USERS,DC=TOMBWATCHER,DC=HTB", "unconstraineddelegation": false, "trustedtoauth": false, "passwordnotreqd": false, "enabled": true, "lastlogon": 1749433029, "lastlogontimestamp": 1749064735, "pwdlastset": 1745592963, "dontreqpreauth": false, "pwdneverexpires": true, "sensitive": false, "serviceprincipalnames": [], "hasspn": false, "displayname": null, "email": null, "title": null, "homedirectory": null, "description": "Built-in account for administering the computer/domain", "userpassword": null, "admincount": true, "sidhistory": [], "whencreated": 1731715301, "unixpassword": null, "unicodepassword": null, "logonscript": null, "samaccountname": "Administrator", "sfupassword": null}, "Aces": [{"RightName": "Owns", "IsInherited": false, "PrincipalSID": "S-1-5-21-1392491010-1358638721-2126982587-512", "PrincipalType": "Group"}, {"RightName": "GenericWrite", "IsInherited": false, "PrincipalSID": "S-1-5-21-1392491010-1358638721-2126982587-512", "PrincipalType": "Group"}, {"RightName": "WriteOwner", "IsInherited": false, "PrincipalSID": "S-1-5-21-1392491010-1358638721-2126982587-512", "PrincipalType": "Group"}, {"RightName": "AllExtendedRights", "IsInherited": false, "PrincipalSID": "S-1-5-21-1392491010-1358638721-2126982587-512", "PrincipalType": "Group"}, {"RightName": "WriteDacl", "IsInherited": false, "PrincipalSID": "S-1-5-21-1392491010-1358638721-2126982587-512", "PrincipalType": "Group"}, {"RightName": "GenericWrite", "IsInherited": false, "PrincipalSID": "S-1-5-21-1392491010-1358638721-2126982587-519", "PrincipalType": "Group"}, {"RightName": "WriteOwner", "IsInherited": false, "PrincipalSID": "S-1-5-21-1392491010-1358638721-2126982587-519", "PrincipalType": "Group"}, {"RightName": "AllExtendedRights", "IsInherited": false, "PrincipalSID": "S-1-5-21-1392491010-1358638721-2126982587-519", "PrincipalType": "Group"}, {"RightName": "WriteDacl", "IsInherited": false, "PrincipalSID": "S-1-5-21-1392491010-1358638721-2126982587-519", "PrincipalType": "Group"}, {"RightName": "GenericWrite", "IsInherited": false, "PrincipalSID": "TOMBWATCHER.HTB-S-1-5-32-544", "PrincipalType": "Group"}, {"RightName": "WriteOwner", "IsInherited": false, "PrincipalSID": "TOMBWATCHER.HTB-S-1-5-32-544", "PrincipalType": "Group"}, {"RightName": "AllExtendedRights", "IsInherited": false, "PrincipalSID": "TOMBWATCHER.HTB-S-1-5-32-544", "PrincipalType": "Group"}, {"RightName": "WriteDacl", "IsInherited": false, "PrincipalSID": "TOMBWATCHER.HTB-S-1-5-32-544", "PrincipalType": "Group"}], "SPNTargets": [], "HasSIDHistory": [], "IsDeleted": false, "IsACLProtected": true}],"meta":{"methods":0,"type":"users","count":10, "version":5}}