{"data": [{"ObjectIdentifier": "S-1-5-21-548670397-972687484-3496335370", "Properties": {"name": "SEQUEL.HTB", "domain": "SEQUEL.HTB", "domainsid": "S-1-5-21-548670397-972687484-3496335370", "distinguishedname": "DC=SEQUEL,DC=HTB", "description": "", "functionallevel": "2016", "highvalue": true, "whencreated": 1717864787}, "Trusts": [], "Aces": [{"RightName": "Owns", "IsInherited": false, "PrincipalSID": "SEQUEL.HTB-S-1-5-32-544", "PrincipalType": "Group"}, {"RightName": "GetChanges", "IsInherited": false, "PrincipalSID": "S-1-5-21-548670397-972687484-3496335370-498", "PrincipalType": "Group"}, {"RightName": "GetChangesAll", "IsInherited": false, "PrincipalSID": "S-1-5-21-548670397-972687484-3496335370-516", "PrincipalType": "Group"}, {"RightName": "GetChangesInFilteredSet", "IsInherited": false, "PrincipalSID": "SEQUEL.HTB-S-1-5-32-544", "PrincipalType": "Group"}, {"RightName": "GetChanges", "IsInherited": false, "PrincipalSID": "SEQUEL.HTB-S-1-5-32-544", "PrincipalType": "Group"}, {"RightName": "GetChangesAll", "IsInherited": false, "PrincipalSID": "SEQUEL.HTB-S-1-5-32-544", "PrincipalType": "Group"}, {"RightName": "GetChangesInFilteredSet", "IsInherited": false, "PrincipalSID": "SEQUEL.HTB-S-1-5-9", "PrincipalType": "Group"}, {"RightName": "GetChanges", "IsInherited": false, "PrincipalSID": "SEQUEL.HTB-S-1-5-9", "PrincipalType": "Group"}, {"RightName": "WriteOwner", "IsInherited": false, "PrincipalSID": "S-1-5-21-548670397-972687484-3496335370-512", "PrincipalType": "Group"}, {"RightName": "AllExtendedRights", "IsInherited": false, "PrincipalSID": "S-1-5-21-548670397-972687484-3496335370-512", "PrincipalType": "Group"}, {"RightName": "WriteDacl", "IsInherited": false, "PrincipalSID": "S-1-5-21-548670397-972687484-3496335370-512", "PrincipalType": "Group"}, {"RightName": "GenericAll", "IsInherited": false, "PrincipalSID": "S-1-5-21-548670397-972687484-3496335370-519", "PrincipalType": "Group"}, {"RightName": "WriteOwner", "IsInherited": false, "PrincipalSID": "SEQUEL.HTB-S-1-5-32-544", "PrincipalType": "Group"}, {"RightName": "AllExtendedRights", "IsInherited": false, "PrincipalSID": "SEQUEL.HTB-S-1-5-32-544", "PrincipalType": "Group"}, {"RightName": "WriteDacl", "IsInherited": false, "PrincipalSID": "SEQUEL.HTB-S-1-5-32-544", "PrincipalType": "Group"}], "Links": [{"IsEnforced": false, "GUID": "60A96E07-2CDF-44B8-9147-F0E33B77649D"}], "ChildObjects": [{"ObjectIdentifier": "A84DA237-44F0-48C1-8E80-67059AFAF147", "ObjectType": "Container"}, {"ObjectIdentifier": "14318EB3-B93F-481D-8C92-D95AA0D4115F", "ObjectType": "Container"}, {"ObjectIdentifier": "52D49800-FE6F-453E-85CA-88CD72B0299F", "ObjectType": "Container"}, {"ObjectIdentifier": "AD692C6A-3D5C-42FE-9D8E-513977B9811E", "ObjectType": "OU"}, {"ObjectIdentifier": "98EAECF0-B972-44E5-B1C6-3826C01E2416", "ObjectType": "Container"}], "GPOChanges": {"AffectedComputers": [], "DcomUsers": [], "LocalAdmins": [], "PSRemoteUsers": [], "RemoteDesktopUsers": []}, "IsDeleted": false, "IsACLProtected": false}], "meta": {"type": "domains", "count": 1, "version": 5}}