{"data":[{"ObjectIdentifier": "E7521AFE-262B-42C7-8297-75A57F536951", "Properties": {"domain": "SEQUEL.HTB", "name": "WMIGPO@SEQUEL.HTB", "distinguishedname": "CN=WMIGPO,CN=WMIPOLICY,CN=SYSTEM,DC=SEQUEL,DC=HTB", "domainsid": "S-1-5-21-548670397-972687484-3496335370", "highvalue": false, "description": "", "whencreated": 1717864790}, "IsDeleted": false, "IsACLProtected": false, "Aces": [{"RightName": "Owns", "IsInherited": false, "PrincipalSID": "S-1-5-21-548670397-972687484-3496335370-512", "PrincipalType": "Group"}, {"RightName": "WriteOwner", "IsInherited": false, "PrincipalSID": "S-1-5-21-548670397-972687484-3496335370-512", "PrincipalType": "Group"}, {"RightName": "WriteDacl", "IsInherited": false, "PrincipalSID": "S-1-5-21-548670397-972687484-3496335370-512", "PrincipalType": "Group"}, {"RightName": "GenericAll", "IsInherited": true, "PrincipalSID": "S-1-5-21-548670397-972687484-3496335370-519", "PrincipalType": "Group"}, {"RightName": "GenericAll", "IsInherited": true, "PrincipalSID": "S-1-5-21-548670397-972687484-3496335370-512", "PrincipalType": "Group"}], "ChildObjects": []},{"ObjectIdentifier": "F243AF4D-8842-4DA1-8DEC-78116F23B12C", "Properties": {"domain": "SEQUEL.HTB", "name": "POLICYTYPE@SEQUEL.HTB", "distinguishedname": "CN=POLICYTYPE,CN=WMIPOLICY,CN=SYSTEM,DC=SEQUEL,DC=HTB", "domainsid": "S-1-5-21-548670397-972687484-3496335370", "highvalue": false, "description": "", "whencreated": 1717864790}, "IsDeleted": false, "IsACLProtected": false, "Aces": [{"RightName": "Owns", "IsInherited": false, "PrincipalSID": "S-1-5-21-548670397-972687484-3496335370-512", "PrincipalType": "Group"}, {"RightName": "WriteOwner", "IsInherited": false, "PrincipalSID": "S-1-5-21-548670397-972687484-3496335370-512", "PrincipalType": "Group"}, {"RightName": "WriteDacl", "IsInherited": false, "PrincipalSID": "S-1-5-21-548670397-972687484-3496335370-512", "PrincipalType": "Group"}, {"RightName": "GenericAll", "IsInherited": true, "PrincipalSID": "S-1-5-21-548670397-972687484-3496335370-519", "PrincipalType": "Group"}, {"RightName": "GenericAll", "IsInherited": true, "PrincipalSID": "S-1-5-21-548670397-972687484-3496335370-512", "PrincipalType": "Group"}], "ChildObjects": []},{"ObjectIdentifier": "B1D4066C-5DDD-46C2-A6B7-A12DF4B320A8", "Properties": {"domain": "SEQUEL.HTB", "name": "SOM@SEQUEL.HTB", "distinguishedname": "CN=SOM,CN=WMIPOLICY,CN=SYSTEM,DC=SEQUEL,DC=HTB", "domainsid": "S-1-5-21-548670397-972687484-3496335370", "highvalue": false, "description": "", "whencreated": 1717864790}, "IsDeleted": false, "IsACLProtected": true, "Aces": [{"RightName": "Owns", "IsInherited": false, "PrincipalSID": "S-1-5-21-548670397-972687484-3496335370-512", "PrincipalType": "Group"}, {"RightName": "GenericAll", "IsInherited": false, "PrincipalSID": "S-1-5-21-548670397-972687484-3496335370-512", "PrincipalType": "Group"}, {"RightName": "GenericAll", "IsInherited": false, "PrincipalSID": "S-1-5-21-548670397-972687484-3496335370-519", "PrincipalType": "Group"}], "ChildObjects": []},{"ObjectIdentifier": "E3B8E19D-69A6-433E-9B99-FAB7923A5E61", "Properties": {"domain": "SEQUEL.HTB", "name": "POLICYTEMPLATE@SEQUEL.HTB", "distinguishedname": "CN=POLICYTEMPLATE,CN=WMIPOLICY,CN=SYSTEM,DC=SEQUEL,DC=HTB", "domainsid": "S-1-5-21-548670397-972687484-3496335370", "highvalue": false, "description": "", "whencreated": 1717864790}, "IsDeleted": false, "IsACLProtected": false, "Aces": [{"RightName": "Owns", "IsInherited": false, "PrincipalSID": "S-1-5-21-548670397-972687484-3496335370-512", "PrincipalType": "Group"}, {"RightName": "WriteOwner", "IsInherited": false, "PrincipalSID": "S-1-5-21-548670397-972687484-3496335370-512", "PrincipalType": "Group"}, {"RightName": "WriteDacl", "IsInherited": false, "PrincipalSID": "S-1-5-21-548670397-972687484-3496335370-512", "PrincipalType": "Group"}, {"RightName": "GenericAll", "IsInherited": true, "PrincipalSID": "S-1-5-21-548670397-972687484-3496335370-519", "PrincipalType": "Group"}, {"RightName": "GenericAll", "IsInherited": true, "PrincipalSID": "S-1-5-21-548670397-972687484-3496335370-512", "PrincipalType": "Group"}], "ChildObjects": []},{"ObjectIdentifier": "A9E2F7D5-6339-468F-8BB9-6ED9C4AD6EE1", "Properties": {"domain": "SEQUEL.HTB", "name": "WMIPOLICY@SEQUEL.HTB", "distinguishedname": "CN=WMIPOLICY,CN=SYSTEM,DC=SEQUEL,DC=HTB", "domainsid": "S-1-5-21-548670397-972687484-3496335370", "highvalue": false, "description": "", "whencreated": 1717864790}, "IsDeleted": false, "IsACLProtected": true, "Aces": [{"RightName": "Owns", "IsInherited": false, "PrincipalSID": "S-1-5-21-548670397-972687484-3496335370-512", "PrincipalType": "Group"}, {"RightName": "GenericAll", "IsInherited": false, "PrincipalSID": "S-1-5-21-548670397-972687484-3496335370-519", "PrincipalType": "Group"}, {"RightName": "GenericAll", "IsInherited": false, "PrincipalSID": "S-1-5-21-548670397-972687484-3496335370-512", "PrincipalType": "Group"}], "ChildObjects": []},{"ObjectIdentifier": "C0F5B89A-B7F8-40A7-B0DE-E5BD59D31975", "Properties": {"domain": "SEQUEL.HTB", "name": "COMPARTITIONSETS@SEQUEL.HTB", "distinguishedname": "CN=COMPARTITIONSETS,CN=SYSTEM,DC=SEQUEL,DC=HTB", "domainsid": "S-1-5-21-548670397-972687484-3496335370", "highvalue": false, "description": "", "whencreated": 1717864790}, "IsDeleted": false, "IsACLProtected": false, "Aces": [{"RightName": "Owns", "IsInherited": false, "PrincipalSID": "S-1-5-21-548670397-972687484-3496335370-512", "PrincipalType": "Group"}, {"RightName": "WriteOwner", "IsInherited": false, "PrincipalSID": "S-1-5-21-548670397-972687484-3496335370-512", "PrincipalType": "Group"}, {"RightName": "WriteDacl", "IsInherited": false, "PrincipalSID": "S-1-5-21-548670397-972687484-3496335370-512", "PrincipalType": "Group"}, {"RightName": "GenericAll", "IsInherited": true, "PrincipalSID": "S-1-5-21-548670397-972687484-3496335370-519", "PrincipalType": "Group"}, {"RightName": "WriteOwner", "IsInherited": true, "PrincipalSID": "SEQUEL.HTB-S-1-5-32-544", "PrincipalType": "Group"}, {"RightName": "WriteDacl", "IsInherited": true, "PrincipalSID": "SEQUEL.HTB-S-1-5-32-544", "PrincipalType": "Group"}], "ChildObjects": []},{"ObjectIdentifier": "1D25E281-7A92-4E28-85FA-AD08F434E677", "Properties": {"domain": "SEQUEL.HTB", "name": "COMPARTITIONS@SEQUEL.HTB", "distinguishedname": "CN=COMPARTITIONS,CN=SYSTEM,DC=SEQUEL,DC=HTB", "domainsid": "S-1-5-21-548670397-972687484-3496335370", "highvalue": false, "description": "", "whencreated": 1717864790}, "IsDeleted": false, "IsACLProtected": false, "Aces": [{"RightName": "Owns", "IsInherited": false, "PrincipalSID": "S-1-5-21-548670397-972687484-3496335370-512", "PrincipalType": "Group"}, {"RightName": "WriteOwner", "IsInherited": false, "PrincipalSID": "S-1-5-21-548670397-972687484-3496335370-512", "PrincipalType": "Group"}, {"RightName": "WriteDacl", "IsInherited": false, "PrincipalSID": "S-1-5-21-548670397-972687484-3496335370-512", "PrincipalType": "Group"}, {"RightName": "GenericAll", "IsInherited": true, "PrincipalSID": "S-1-5-21-548670397-972687484-3496335370-519", "PrincipalType": "Group"}, {"RightName": "WriteOwner", "IsInherited": true, "PrincipalSID": "SEQUEL.HTB-S-1-5-32-544", "PrincipalType": "Group"}, {"RightName": "WriteDacl", "IsInherited": true, "PrincipalSID": "SEQUEL.HTB-S-1-5-32-544", "PrincipalType": "Group"}], "ChildObjects": []},{"ObjectIdentifier": "5E7D3D38-9859-4479-93AE-3539C44A24BA", "Properties": {"domain": "SEQUEL.HTB", "name": "ADMINSDHOLDER@SEQUEL.HTB", "distinguishedname": "CN=ADMINSDHOLDER,CN=SYSTEM,DC=SEQUEL,DC=HTB", "domainsid": "S-1-5-21-548670397-972687484-3496335370", "highvalue": false, "description": "", "whencreated": 1717864790}, "IsDeleted": false, "IsACLProtected": true, "Aces": [{"RightName": "Owns", "IsInherited": false, "PrincipalSID": "S-1-5-21-548670397-972687484-3496335370-512", "PrincipalType": "Group"}, {"RightName": "WriteOwner", "IsInherited": false, "PrincipalSID": "S-1-5-21-548670397-972687484-3496335370-512", "PrincipalType": "Group"}, {"RightName": "WriteDacl", "IsInherited": false, "PrincipalSID": "S-1-5-21-548670397-972687484-3496335370-512", "PrincipalType": "Group"}, {"RightName": "WriteOwner", "IsInherited": false, "PrincipalSID": "S-1-5-21-548670397-972687484-3496335370-519", "PrincipalType": "Group"}, {"RightName": "WriteDacl", "IsInherited": false, "PrincipalSID": "S-1-5-21-548670397-972687484-3496335370-519", "PrincipalType": "Group"}, {"RightName": "WriteOwner", "IsInherited": false, "PrincipalSID": "SEQUEL.HTB-S-1-5-32-544", "PrincipalType": "Group"}, {"RightName": "WriteDacl", "IsInherited": false, "PrincipalSID": "SEQUEL.HTB-S-1-5-32-544", "PrincipalType": "Group"}], "ChildObjects": []},{"ObjectIdentifier": "BBBF9079-3F60-4239-855C-C3F0230D5D05", "Properties": {"domain": "SEQUEL.HTB", "name": "RAS AND IAS SERVERS ACCESS CHECK@SEQUEL.HTB", "distinguishedname": "CN=RAS AND IAS SERVERS ACCESS CHECK,CN=SYSTEM,DC=SEQUEL,DC=HTB", "domainsid": "S-1-5-21-548670397-972687484-3496335370", "highvalue": false, "description": "", "whencreated": 1717864790}, "IsDeleted": false, "IsACLProtected": false, "Aces": [{"RightName": "Owns", "IsInherited": false, "PrincipalSID": "S-1-5-21-548670397-972687484-3496335370-512", "PrincipalType": "Group"}, {"RightName": "WriteOwner", "IsInherited": false, "PrincipalSID": "S-1-5-21-548670397-972687484-3496335370-553", "PrincipalType": "Group"}, {"RightName": "WriteDacl", "IsInherited": false, "PrincipalSID": "S-1-5-21-548670397-972687484-3496335370-553", "PrincipalType": "Group"}, {"RightName": "GenericAll", "IsInherited": true, "PrincipalSID": "S-1-5-21-548670397-972687484-3496335370-519", "PrincipalType": "Group"}, {"RightName": "WriteOwner", "IsInherited": true, "PrincipalSID": "SEQUEL.HTB-S-1-5-32-544", "PrincipalType": "Group"}, {"RightName": "WriteDacl", "IsInherited": true, "PrincipalSID": "SEQUEL.HTB-S-1-5-32-544", "PrincipalType": "Group"}], "ChildObjects": []},{"ObjectIdentifier": "8CB8E434-DC4F-442B-B9DC-FFB25D49885D", "Properties": {"domain": "SEQUEL.HTB", "name": "POLICIES@SEQUEL.HTB", "distinguishedname": "CN=POLICIES,CN=SYSTEM,DC=SEQUEL,DC=HTB", "domainsid": "S-1-5-21-548670397-972687484-3496335370", "highvalue": false, "description": "", "whencreated": 1717864790}, "IsDeleted": false, "IsACLProtected": false, "Aces": [{"RightName": "Owns", "IsInherited": false, "PrincipalSID": "S-1-5-21-548670397-972687484-3496335370-512", "PrincipalType": "Group"}, {"RightName": "WriteOwner", "IsInherited": false, "PrincipalSID": "S-1-5-21-548670397-972687484-3496335370-512", "PrincipalType": "Group"}, {"RightName": "WriteDacl", "IsInherited": false, "PrincipalSID": "S-1-5-21-548670397-972687484-3496335370-512", "PrincipalType": "Group"}, {"RightName": "GenericAll", "IsInherited": true, "PrincipalSID": "S-1-5-21-548670397-972687484-3496335370-519", "PrincipalType": "Group"}, {"RightName": "WriteOwner", "IsInherited": true, "PrincipalSID": "SEQUEL.HTB-S-1-5-32-544", "PrincipalType": "Group"}, {"RightName": "WriteDacl", "IsInherited": true, "PrincipalSID": "SEQUEL.HTB-S-1-5-32-544", "PrincipalType": "Group"}], "ChildObjects": []},{"ObjectIdentifier": "3524642F-9D37-4E7B-B0B1-456E8465C40A", "Properties": {"domain": "SEQUEL.HTB", "name": "MEETINGS@SEQUEL.HTB", "distinguishedname": "CN=MEETINGS,CN=SYSTEM,DC=SEQUEL,DC=HTB", "domainsid": "S-1-5-21-548670397-972687484-3496335370", "highvalue": false, "description": "", "whencreated": 1717864790}, "IsDeleted": false, "IsACLProtected": false, "Aces": [{"RightName": "Owns", "IsInherited": false, "PrincipalSID": "S-1-5-21-548670397-972687484-3496335370-512", "PrincipalType": "Group"}, {"RightName": "WriteOwner", "IsInherited": false, "PrincipalSID": "S-1-5-21-548670397-972687484-3496335370-512", "PrincipalType": "Group"}, {"RightName": "WriteDacl", "IsInherited": false, "PrincipalSID": "S-1-5-21-548670397-972687484-3496335370-512", "PrincipalType": "Group"}, {"RightName": "GenericAll", "IsInherited": true, "PrincipalSID": "S-1-5-21-548670397-972687484-3496335370-519", "PrincipalType": "Group"}, {"RightName": "WriteOwner", "IsInherited": true, "PrincipalSID": "SEQUEL.HTB-S-1-5-32-544", "PrincipalType": "Group"}, {"RightName": "WriteDacl", "IsInherited": true, "PrincipalSID": "SEQUEL.HTB-S-1-5-32-544", "PrincipalType": "Group"}], "ChildObjects": []},{"ObjectIdentifier": "F11ED9C5-B881-4212-9174-243195DC0753", "Properties": {"domain": "SEQUEL.HTB", "name": "WINSOCKSERVICES@SEQUEL.HTB", "distinguishedname": "CN=WINSOCKSERVICES,CN=SYSTEM,DC=SEQUEL,DC=HTB", "domainsid": "S-1-5-21-548670397-972687484-3496335370", "highvalue": false, "description": "", "whencreated": 1717864790}, "IsDeleted": false, "IsACLProtected": false, "Aces": [{"RightName": "Owns", "IsInherited": false, "PrincipalSID": "S-1-5-21-548670397-972687484-3496335370-512", "PrincipalType": "Group"}, {"RightName": "WriteOwner", "IsInherited": false, "PrincipalSID": "S-1-5-21-548670397-972687484-3496335370-512", "PrincipalType": "Group"}, {"RightName": "WriteDacl", "IsInherited": false, "PrincipalSID": "S-1-5-21-548670397-972687484-3496335370-512", "PrincipalType": "Group"}, {"RightName": "GenericAll", "IsInherited": true, "PrincipalSID": "S-1-5-21-548670397-972687484-3496335370-519", "PrincipalType": "Group"}, {"RightName": "WriteOwner", "IsInherited": true, "PrincipalSID": "SEQUEL.HTB-S-1-5-32-544", "PrincipalType": "Group"}, {"RightName": "WriteDacl", "IsInherited": true, "PrincipalSID": "SEQUEL.HTB-S-1-5-32-544", "PrincipalType": "Group"}], "ChildObjects": []},{"ObjectIdentifier": "14318EB3-B93F-481D-8C92-D95AA0D4115F", "Properties": {"domain": "SEQUEL.HTB", "name": "MANAGED SERVICE ACCOUNTS@SEQUEL.HTB", "distinguishedname": "CN=MANAGED SERVICE ACCOUNTS,DC=SEQUEL,DC=HTB", "domainsid": "S-1-5-21-548670397-972687484-3496335370", "highvalue": false, "description": "Default container for managed service accounts", "whencreated": 1717864790}, "IsDeleted": false, "IsACLProtected": false, "Aces": [{"RightName": "Owns", "IsInherited": false, "PrincipalSID": "S-1-5-21-548670397-972687484-3496335370-512", "PrincipalType": "Group"}, {"RightName": "WriteOwner", "IsInherited": false, "PrincipalSID": "S-1-5-21-548670397-972687484-3496335370-512", "PrincipalType": "Group"}, {"RightName": "WriteDacl", "IsInherited": false, "PrincipalSID": "S-1-5-21-548670397-972687484-3496335370-512", "PrincipalType": "Group"}, {"RightName": "GenericAll", "IsInherited": true, "PrincipalSID": "S-1-5-21-548670397-972687484-3496335370-519", "PrincipalType": "Group"}, {"RightName": "WriteOwner", "IsInherited": true, "PrincipalSID": "SEQUEL.HTB-S-1-5-32-544", "PrincipalType": "Group"}, {"RightName": "WriteDacl", "IsInherited": true, "PrincipalSID": "SEQUEL.HTB-S-1-5-32-544", "PrincipalType": "Group"}], "ChildObjects": []},{"ObjectIdentifier": "549C8C4E-ED2D-4F6E-AB05-F0BFE1BC36AE", "Properties": {"domain": "SEQUEL.HTB", "name": "MICROSOFT@SEQUEL.HTB", "distinguishedname": "CN=MICROSOFT,CN=PROGRAM DATA,DC=SEQUEL,DC=HTB", "domainsid": "S-1-5-21-548670397-972687484-3496335370", "highvalue": false, "description": "Default location for storage of Microsoft application data.", "whencreated": 1717864790}, "IsDeleted": false, "IsACLProtected": false, "Aces": [{"RightName": "Owns", "IsInherited": false, "PrincipalSID": "S-1-5-21-548670397-972687484-3496335370-512", "PrincipalType": "Group"}, {"RightName": "GenericAll", "IsInherited": false, "PrincipalSID": "S-1-5-21-548670397-972687484-3496335370-512", "PrincipalType": "Group"}, {"RightName": "GenericAll", "IsInherited": true, "PrincipalSID": "S-1-5-21-548670397-972687484-3496335370-519", "PrincipalType": "Group"}, {"RightName": "WriteOwner", "IsInherited": true, "PrincipalSID": "SEQUEL.HTB-S-1-5-32-544", "PrincipalType": "Group"}, {"RightName": "WriteDacl", "IsInherited": true, "PrincipalSID": "SEQUEL.HTB-S-1-5-32-544", "PrincipalType": "Group"}], "ChildObjects": []},{"ObjectIdentifier": "F58D8896-01BE-47A6-82F2-FAF1B80EBF14", "Properties": {"domain": "SEQUEL.HTB", "name": "PROGRAM DATA@SEQUEL.HTB", "distinguishedname": "CN=PROGRAM DATA,DC=SEQUEL,DC=HTB", "domainsid": "S-1-5-21-548670397-972687484-3496335370", "highvalue": false, "description": "Default location for storage of application data.", "whencreated": 1717864790}, "IsDeleted": false, "IsACLProtected": false, "Aces": [{"RightName": "Owns", "IsInherited": false, "PrincipalSID": "S-1-5-21-548670397-972687484-3496335370-512", "PrincipalType": "Group"}, {"RightName": "GenericAll", "IsInherited": false, "PrincipalSID": "S-1-5-21-548670397-972687484-3496335370-512", "PrincipalType": "Group"}, {"RightName": "GenericAll", "IsInherited": true, "PrincipalSID": "S-1-5-21-548670397-972687484-3496335370-519", "PrincipalType": "Group"}, {"RightName": "WriteOwner", "IsInherited": true, "PrincipalSID": "SEQUEL.HTB-S-1-5-32-544", "PrincipalType": "Group"}, {"RightName": "WriteDacl", "IsInherited": true, "PrincipalSID": "SEQUEL.HTB-S-1-5-32-544", "PrincipalType": "Group"}], "ChildObjects": []},{"ObjectIdentifier": "52D49800-FE6F-453E-85CA-88CD72B0299F", "Properties": {"domain": "SEQUEL.HTB", "name": "FOREIGNSECURITYPRINCIPALS@SEQUEL.HTB", "distinguishedname": "CN=FOREIGNSECURITYPRINCIPALS,DC=SEQUEL,DC=HTB", "domainsid": "S-1-5-21-548670397-972687484-3496335370", "highvalue": false, "description": "Default container for security identifiers (SIDs) associated with objects from external, trusted domains", "whencreated": 1717864790}, "IsDeleted": false, "IsACLProtected": false, "Aces": [{"RightName": "Owns", "IsInherited": false, "PrincipalSID": "S-1-5-21-548670397-972687484-3496335370-512", "PrincipalType": "Group"}, {"RightName": "GenericAll", "IsInherited": false, "PrincipalSID": "S-1-5-21-548670397-972687484-3496335370-512", "PrincipalType": "Group"}, {"RightName": "GenericAll", "IsInherited": true, "PrincipalSID": "S-1-5-21-548670397-972687484-3496335370-519", "PrincipalType": "Group"}, {"RightName": "WriteOwner", "IsInherited": true, "PrincipalSID": "SEQUEL.HTB-S-1-5-32-544", "PrincipalType": "Group"}, {"RightName": "WriteDacl", "IsInherited": true, "PrincipalSID": "SEQUEL.HTB-S-1-5-32-544", "PrincipalType": "Group"}], "ChildObjects": []},{"ObjectIdentifier": "8983DFA4-6D1D-4452-BE96-738EFA952F70", "Properties": {"domain": "SEQUEL.HTB", "name": "SYSTEM@SEQUEL.HTB", "distinguishedname": "CN=SYSTEM,DC=SEQUEL,DC=HTB", "domainsid": "S-1-5-21-548670397-972687484-3496335370", "highvalue": false, "description": "Builtin system settings", "whencreated": 1717864790}, "IsDeleted": false, "IsACLProtected": false, "Aces": [{"RightName": "Owns", "IsInherited": false, "PrincipalSID": "S-1-5-21-548670397-972687484-3496335370-512", "PrincipalType": "Group"}, {"RightName": "WriteOwner", "IsInherited": false, "PrincipalSID": "S-1-5-21-548670397-972687484-3496335370-512", "PrincipalType": "Group"}, {"RightName": "WriteDacl", "IsInherited": false, "PrincipalSID": "S-1-5-21-548670397-972687484-3496335370-512", "PrincipalType": "Group"}, {"RightName": "GenericAll", "IsInherited": true, "PrincipalSID": "S-1-5-21-548670397-972687484-3496335370-519", "PrincipalType": "Group"}, {"RightName": "WriteOwner", "IsInherited": true, "PrincipalSID": "SEQUEL.HTB-S-1-5-32-544", "PrincipalType": "Group"}, {"RightName": "WriteDacl", "IsInherited": true, "PrincipalSID": "SEQUEL.HTB-S-1-5-32-544", "PrincipalType": "Group"}], "ChildObjects": []},{"ObjectIdentifier": "98EAECF0-B972-44E5-B1C6-3826C01E2416", "Properties": {"domain": "SEQUEL.HTB", "name": "COMPUTERS@SEQUEL.HTB", "distinguishedname": "CN=COMPUTERS,DC=SEQUEL,DC=HTB", "domainsid": "S-1-5-21-548670397-972687484-3496335370", "highvalue": false, "description": "Default container for upgraded computer accounts", "whencreated": 1717864790}, "IsDeleted": false, "IsACLProtected": false, "Aces": [{"RightName": "Owns", "IsInherited": false, "PrincipalSID": "S-1-5-21-548670397-972687484-3496335370-512", "PrincipalType": "Group"}, {"RightName": "WriteOwner", "IsInherited": false, "PrincipalSID": "S-1-5-21-548670397-972687484-3496335370-512", "PrincipalType": "Group"}, {"RightName": "WriteDacl", "IsInherited": false, "PrincipalSID": "S-1-5-21-548670397-972687484-3496335370-512", "PrincipalType": "Group"}, {"RightName": "GenericAll", "IsInherited": true, "PrincipalSID": "S-1-5-21-548670397-972687484-3496335370-519", "PrincipalType": "Group"}, {"RightName": "WriteOwner", "IsInherited": true, "PrincipalSID": "SEQUEL.HTB-S-1-5-32-544", "PrincipalType": "Group"}, {"RightName": "WriteDacl", "IsInherited": true, "PrincipalSID": "SEQUEL.HTB-S-1-5-32-544", "PrincipalType": "Group"}], "ChildObjects": []},{"ObjectIdentifier": "A84DA237-44F0-48C1-8E80-67059AFAF147", "Properties": {"domain": "SEQUEL.HTB", "name": "USERS@SEQUEL.HTB", "distinguishedname": "CN=USERS,DC=SEQUEL,DC=HTB", "domainsid": "S-1-5-21-548670397-972687484-3496335370", "highvalue": false, "description": "Default container for upgraded user accounts", "whencreated": 1717864790}, "IsDeleted": false, "IsACLProtected": false, "Aces": [{"RightName": "Owns", "IsInherited": false, "PrincipalSID": "S-1-5-21-548670397-972687484-3496335370-512", "PrincipalType": "Group"}, {"RightName": "WriteOwner", "IsInherited": false, "PrincipalSID": "S-1-5-21-548670397-972687484-3496335370-512", "PrincipalType": "Group"}, {"RightName": "WriteDacl", "IsInherited": false, "PrincipalSID": "S-1-5-21-548670397-972687484-3496335370-512", "PrincipalType": "Group"}, {"RightName": "GenericAll", "IsInherited": true, "PrincipalSID": "S-1-5-21-548670397-972687484-3496335370-519", "PrincipalType": "Group"}, {"RightName": "WriteOwner", "IsInherited": true, "PrincipalSID": "SEQUEL.HTB-S-1-5-32-544", "PrincipalType": "Group"}, {"RightName": "WriteDacl", "IsInherited": true, "PrincipalSID": "SEQUEL.HTB-S-1-5-32-544", "PrincipalType": "Group"}], "ChildObjects": [{"ObjectIdentifier": "S-1-5-21-548670397-972687484-3496335370-1128", "ObjectType": "Group"}, {"ObjectIdentifier": "S-1-5-21-548670397-972687484-3496335370-1129", "ObjectType": "Group"}, {"ObjectIdentifier": "S-1-5-21-548670397-972687484-3496335370-1122", "ObjectType": "User"}, {"ObjectIdentifier": "S-1-5-21-548670397-972687484-3496335370-518", "ObjectType": "Group"}, {"ObjectIdentifier": "S-1-5-21-548670397-972687484-3496335370-1603", "ObjectType": "Group"}, {"ObjectIdentifier": "S-1-5-21-548670397-972687484-3496335370-1114", "ObjectType": "User"}, {"ObjectIdentifier": "S-1-5-21-548670397-972687484-3496335370-1601", "ObjectType": "User"}, {"ObjectIdentifier": "S-1-5-21-548670397-972687484-3496335370-1605", "ObjectType": "Group"}, {"ObjectIdentifier": "S-1-5-21-548670397-972687484-3496335370-521", "ObjectType": "Group"}, {"ObjectIdentifier": "S-1-5-21-548670397-972687484-3496335370-553", "ObjectType": "Group"}, {"ObjectIdentifier": "S-1-5-21-548670397-972687484-3496335370-525", "ObjectType": "Group"}, {"ObjectIdentifier": "S-1-5-21-548670397-972687484-3496335370-1116", "ObjectType": "User"}, {"ObjectIdentifier": "S-1-5-21-548670397-972687484-3496335370-1103", "ObjectType": "User"}, {"ObjectIdentifier": "S-1-5-21-548670397-972687484-3496335370-1602", "ObjectType": "Group"}, {"ObjectIdentifier": "S-1-5-21-548670397-972687484-3496335370-502", "ObjectType": "User"}, {"ObjectIdentifier": "S-1-5-21-548670397-972687484-3496335370-526", "ObjectType": "Group"}, {"ObjectIdentifier": "S-1-5-21-548670397-972687484-3496335370-1606", "ObjectType": "Group"}, {"ObjectIdentifier": "S-1-5-21-548670397-972687484-3496335370-501", "ObjectType": "User"}, {"ObjectIdentifier": "S-1-5-21-548670397-972687484-3496335370-520", "ObjectType": "Group"}, {"ObjectIdentifier": "S-1-5-21-548670397-972687484-3496335370-498", "ObjectType": "Group"}, {"ObjectIdentifier": "S-1-5-21-548670397-972687484-3496335370-527", "ObjectType": "Group"}, {"ObjectIdentifier": "S-1-5-21-548670397-972687484-3496335370-519", "ObjectType": "Group"}, {"ObjectIdentifier": "S-1-5-21-548670397-972687484-3496335370-513", "ObjectType": "Group"}, {"ObjectIdentifier": "S-1-5-21-548670397-972687484-3496335370-514", "ObjectType": "Group"}, {"ObjectIdentifier": "S-1-5-21-548670397-972687484-3496335370-516", "ObjectType": "Group"}, {"ObjectIdentifier": "S-1-5-21-548670397-972687484-3496335370-515", "ObjectType": "Group"}, {"ObjectIdentifier": "S-1-5-21-548670397-972687484-3496335370-512", "ObjectType": "Group"}, {"ObjectIdentifier": "S-1-5-21-548670397-972687484-3496335370-1102", "ObjectType": "Group"}, {"ObjectIdentifier": "S-1-5-21-548670397-972687484-3496335370-1101", "ObjectType": "Group"}, {"ObjectIdentifier": "S-1-5-21-548670397-972687484-3496335370-572", "ObjectType": "Group"}, {"ObjectIdentifier": "S-1-5-21-548670397-972687484-3496335370-522", "ObjectType": "Group"}, {"ObjectIdentifier": "S-1-5-21-548670397-972687484-3496335370-1607", "ObjectType": "User"}, {"ObjectIdentifier": "S-1-5-21-548670397-972687484-3496335370-517", "ObjectType": "Group"}, {"ObjectIdentifier": "S-1-5-21-548670397-972687484-3496335370-571", "ObjectType": "Group"}, {"ObjectIdentifier": "S-1-5-21-548670397-972687484-3496335370-500", "ObjectType": "User"}, {"ObjectIdentifier": "S-1-5-21-548670397-972687484-3496335370-1604", "ObjectType": "Group"}]}],"meta":{"methods":0,"type":"containers","count":19, "version":5}}