{"data":[{"ObjectIdentifier": "S-1-5-21-548670397-972687484-3496335370-1000", "AllowedToAct": [], "PrimaryGroupSID": "S-1-5-21-548670397-972687484-3496335370-516", "LocalAdmins": {"Collected": true, "FailureReason": null, "Results": []}, "PSRemoteUsers": {"Collected": true, "FailureReason": null, "Results": [{"ObjectIdentifier": "S-1-5-21-548670397-972687484-3496335370-1114", "ObjectType": "User"}]}, "Properties": {"name": "DC01.SEQUEL.HTB", "domainsid": "S-1-5-21-548670397-972687484-3496335370", "domain": "SEQUEL.HTB", "distinguishedname": "CN=DC01,OU=DOMAIN CONTROLLERS,DC=SEQUEL,DC=HTB", "unconstraineddelegation": true, "enabled": true, "trustedtoauth": false, "samaccountname": "DC01$", "haslaps": false, "lastlogon": 1740469917, "lastlogontimestamp": 1740469908, "pwdlastset": 1735042887, "whencreated": 1717864823, "serviceprincipalnames": ["Dfsr-12F9A27C-BF97-4787-9364-D31B6C55EB04/DC01.sequel.htb", "ldap/DC01.sequel.htb/ForestDnsZones.sequel.htb", "ldap/DC01.sequel.htb/DomainDnsZones.sequel.htb", "DNS/DC01.sequel.htb", "GC/DC01.sequel.htb/sequel.htb", "RestrictedKrbHost/DC01.sequel.htb", "RestrictedKrbHost/DC01", "RPC/0ddc47e2-c21f-47c7-b49d-52156f64a4d7._msdcs.sequel.htb", "HOST/DC01/SEQUEL", "HOST/DC01.sequel.htb/SEQUEL", "HOST/DC01", "HOST/DC01.sequel.htb", "HOST/DC01.sequel.htb/sequel.htb", "E3514235-4B06-11D1-AB04-00C04FC2DCD2/0ddc47e2-c21f-47c7-b49d-52156f64a4d7/sequel.htb", "ldap/DC01/SEQUEL", "ldap/0ddc47e2-c21f-47c7-b49d-52156f64a4d7._msdcs.sequel.htb", "ldap/DC01.sequel.htb/SEQUEL", "ldap/DC01", "ldap/DC01.sequel.htb", "ldap/DC01.sequel.htb/sequel.htb"], "description": null, "operatingsystem": "Windows Server 2019 Standard", "sidhistory": []}, "RemoteDesktopUsers": {"Collected": true, "FailureReason": null, "Results": []}, "DcomUsers": {"Collected": true, "FailureReason": null, "Results": []}, "AllowedToDelegate": [], "Sessions": {"Collected": true, "FailureReason": null, "Results": []}, "PrivilegedSessions": {"Collected": false, "FailureReason": null, "Results": []}, "RegistrySessions": {"Collected": false, "FailureReason": null, "Results": []}, "Aces": [{"RightName": "Owns", "IsInherited": false, "PrincipalSID": "S-1-5-21-548670397-972687484-3496335370-512", "PrincipalType": "Group"}, {"RightName": "GenericAll", "IsInherited": false, "PrincipalSID": "S-1-5-21-548670397-972687484-3496335370-512", "PrincipalType": "Group"}, {"RightName": "AddKeyCredentialLink", "IsInherited": true, "PrincipalSID": "S-1-5-21-548670397-972687484-3496335370-526", "PrincipalType": "Group"}, {"RightName": "AddKeyCredentialLink", "IsInherited": true, "PrincipalSID": "S-1-5-21-548670397-972687484-3496335370-527", "PrincipalType": "Group"}, {"RightName": "GenericAll", "IsInherited": true, "PrincipalSID": "S-1-5-21-548670397-972687484-3496335370-519", "PrincipalType": "Group"}, {"RightName": "GenericWrite", "IsInherited": true, "PrincipalSID": "SEQUEL.HTB-S-1-5-32-544", "PrincipalType": "Group"}, {"RightName": "WriteOwner", "IsInherited": true, "PrincipalSID": "SEQUEL.HTB-S-1-5-32-544", "PrincipalType": "Group"}, {"RightName": "WriteDacl", "IsInherited": true, "PrincipalSID": "SEQUEL.HTB-S-1-5-32-544", "PrincipalType": "Group"}], "HasSIDHistory": [], "IsDeleted": false, "Status": null, "IsACLProtected": false}],"meta":{"methods":0,"type":"computers","count":1, "version":5}}