{"data":[{"ObjectIdentifier": "S-1-5-21-548670397-972687484-3496335370-1606", "Properties": {"domain": "SEQUEL.HTB", "domainsid": "S-1-5-21-548670397-972687484-3496335370", "highvalue": false, "name": "HUMAN RESOURCES DEPARTMENT@SEQUEL.HTB", "distinguishedname": "CN=HUMAN RESOURCES DEPARTMENT,CN=USERS,DC=SEQUEL,DC=HTB", "admincount": false, "description": null, "samaccountname": "Human Resources Department", "whencreated": 1717925464}, "Members": [], "Aces": [{"RightName": "Owns", "IsInherited": false, "PrincipalSID": "S-1-5-21-548670397-972687484-3496335370-512", "PrincipalType": "Group"}, {"RightName": "GenericAll", "IsInherited": false, "PrincipalSID": "S-1-5-21-548670397-972687484-3496335370-512", "PrincipalType": "Group"}, {"RightName": "GenericAll", "IsInherited": false, "PrincipalSID": "SEQUEL.HTB-S-1-5-32-548", "PrincipalType": "Group"}, {"RightName": "GenericAll", "IsInherited": true, "PrincipalSID": "S-1-5-21-548670397-972687484-3496335370-519", "PrincipalType": "Group"}, {"RightName": "GenericWrite", "IsInherited": true, "PrincipalSID": "SEQUEL.HTB-S-1-5-32-544", "PrincipalType": "Group"}, {"RightName": "WriteOwner", "IsInherited": true, "PrincipalSID": "SEQUEL.HTB-S-1-5-32-544", "PrincipalType": "Group"}, {"RightName": "WriteDacl", "IsInherited": true, "PrincipalSID": "SEQUEL.HTB-S-1-5-32-544", "PrincipalType": "Group"}], "IsDeleted": false, "IsACLProtected": false},{"ObjectIdentifier": "S-1-5-21-548670397-972687484-3496335370-1605", "Properties": {"domain": "SEQUEL.HTB", "domainsid": "S-1-5-21-548670397-972687484-3496335370", "highvalue": false, "name": "RECEPTION DEPARTMENT@SEQUEL.HTB", "distinguishedname": "CN=RECEPTION DEPARTMENT,CN=USERS,DC=SEQUEL,DC=HTB", "admincount": false, "description": null, "samaccountname": "Reception Department", "whencreated": 1717925379}, "Members": [], "Aces": [{"RightName": "Owns", "IsInherited": false, "PrincipalSID": "S-1-5-21-548670397-972687484-3496335370-512", "PrincipalType": "Group"}, {"RightName": "GenericAll", "IsInherited": false, "PrincipalSID": "S-1-5-21-548670397-972687484-3496335370-512", "PrincipalType": "Group"}, {"RightName": "GenericAll", "IsInherited": false, "PrincipalSID": "SEQUEL.HTB-S-1-5-32-548", "PrincipalType": "Group"}, {"RightName": "GenericAll", "IsInherited": true, "PrincipalSID": "S-1-5-21-548670397-972687484-3496335370-519", "PrincipalType": "Group"}, {"RightName": "GenericWrite", "IsInherited": true, "PrincipalSID": "SEQUEL.HTB-S-1-5-32-544", "PrincipalType": "Group"}, {"RightName": "WriteOwner", "IsInherited": true, "PrincipalSID": "SEQUEL.HTB-S-1-5-32-544", "PrincipalType": "Group"}, {"RightName": "WriteDacl", "IsInherited": true, "PrincipalSID": "SEQUEL.HTB-S-1-5-32-544", "PrincipalType": "Group"}], "IsDeleted": false, "IsACLProtected": false},{"ObjectIdentifier": "S-1-5-21-548670397-972687484-3496335370-1604", "Properties": {"domain": "SEQUEL.HTB", "domainsid": "S-1-5-21-548670397-972687484-3496335370", "highvalue": false, "name": "ACCOUNTING DEPARTMENT@SEQUEL.HTB", "distinguishedname": "CN=ACCOUNTING DEPARTMENT,CN=USERS,DC=SEQUEL,DC=HTB", "admincount": false, "description": null, "samaccountname": "Accounting Department", "whencreated": 1717925355}, "Members": [{"ObjectIdentifier": "S-1-5-21-548670397-972687484-3496335370-1116", "ObjectType": "User"}], "Aces": [{"RightName": "Owns", "IsInherited": false, "PrincipalSID": "S-1-5-21-548670397-972687484-3496335370-512", "PrincipalType": "Group"}, {"RightName": "GenericAll", "IsInherited": false, "PrincipalSID": "S-1-5-21-548670397-972687484-3496335370-512", "PrincipalType": "Group"}, {"RightName": "GenericAll", "IsInherited": false, "PrincipalSID": "SEQUEL.HTB-S-1-5-32-548", "PrincipalType": "Group"}, {"RightName": "GenericAll", "IsInherited": true, "PrincipalSID": "S-1-5-21-548670397-972687484-3496335370-519", "PrincipalType": "Group"}, {"RightName": "GenericWrite", "IsInherited": true, "PrincipalSID": "SEQUEL.HTB-S-1-5-32-544", "PrincipalType": "Group"}, {"RightName": "WriteOwner", "IsInherited": true, "PrincipalSID": "SEQUEL.HTB-S-1-5-32-544", "PrincipalType": "Group"}, {"RightName": "WriteDacl", "IsInherited": true, "PrincipalSID": "SEQUEL.HTB-S-1-5-32-544", "PrincipalType": "Group"}], "IsDeleted": false, "IsACLProtected": false},{"ObjectIdentifier": "S-1-5-21-548670397-972687484-3496335370-1603", "Properties": {"domain": "SEQUEL.HTB", "domainsid": "S-1-5-21-548670397-972687484-3496335370", "highvalue": false, "name": "SALES DEPARTMENT@SEQUEL.HTB", "distinguishedname": "CN=SALES DEPARTMENT,CN=USERS,DC=SEQUEL,DC=HTB", "admincount": false, "description": null, "samaccountname": "Sales Department", "whencreated": 1717925289}, "Members": [], "Aces": [{"RightName": "Owns", "IsInherited": false, "PrincipalSID": "S-1-5-21-548670397-972687484-3496335370-512", "PrincipalType": "Group"}, {"RightName": "GenericAll", "IsInherited": false, "PrincipalSID": "S-1-5-21-548670397-972687484-3496335370-512", "PrincipalType": "Group"}, {"RightName": "GenericAll", "IsInherited": false, "PrincipalSID": "SEQUEL.HTB-S-1-5-32-548", "PrincipalType": "Group"}, {"RightName": "GenericAll", "IsInherited": true, "PrincipalSID": "S-1-5-21-548670397-972687484-3496335370-519", "PrincipalType": "Group"}, {"RightName": "GenericWrite", "IsInherited": true, "PrincipalSID": "SEQUEL.HTB-S-1-5-32-544", "PrincipalType": "Group"}, {"RightName": "WriteOwner", "IsInherited": true, "PrincipalSID": "SEQUEL.HTB-S-1-5-32-544", "PrincipalType": "Group"}, {"RightName": "WriteDacl", "IsInherited": true, "PrincipalSID": "SEQUEL.HTB-S-1-5-32-544", "PrincipalType": "Group"}], "IsDeleted": false, "IsACLProtected": false},{"ObjectIdentifier": "S-1-5-21-548670397-972687484-3496335370-1602", "Properties": {"domain": "SEQUEL.HTB", "domainsid": "S-1-5-21-548670397-972687484-3496335370", "highvalue": false, "name": "MANAGEMENT DEPARTMENT@SEQUEL.HTB", "distinguishedname": "CN=MANAGEMENT DEPARTMENT,CN=USERS,DC=SEQUEL,DC=HTB", "admincount": false, "description": null, "samaccountname": "Management Department", "whencreated": 1717925268}, "Members": [{"ObjectIdentifier": "S-1-5-21-548670397-972687484-3496335370-1114", "ObjectType": "User"}], "Aces": [{"RightName": "Owns", "IsInherited": false, "PrincipalSID": "S-1-5-21-548670397-972687484-3496335370-512", "PrincipalType": "Group"}, {"RightName": "GenericAll", "IsInherited": false, "PrincipalSID": "S-1-5-21-548670397-972687484-3496335370-512", "PrincipalType": "Group"}, {"RightName": "GenericAll", "IsInherited": false, "PrincipalSID": "SEQUEL.HTB-S-1-5-32-548", "PrincipalType": "Group"}, {"RightName": "GenericAll", "IsInherited": true, "PrincipalSID": "S-1-5-21-548670397-972687484-3496335370-519", "PrincipalType": "Group"}, {"RightName": "GenericWrite", "IsInherited": true, "PrincipalSID": "SEQUEL.HTB-S-1-5-32-544", "PrincipalType": "Group"}, {"RightName": "WriteOwner", "IsInherited": true, "PrincipalSID": "SEQUEL.HTB-S-1-5-32-544", "PrincipalType": "Group"}, {"RightName": "WriteDacl", "IsInherited": true, "PrincipalSID": "SEQUEL.HTB-S-1-5-32-544", "PrincipalType": "Group"}], "IsDeleted": false, "IsACLProtected": false},{"ObjectIdentifier": "S-1-5-21-548670397-972687484-3496335370-1129", "Properties": {"domain": "SEQUEL.HTB", "domainsid": "S-1-5-21-548670397-972687484-3496335370", "highvalue": false, "name": "SQLRUSERGROUPSQLEXPRESS@SEQUEL.HTB", "distinguishedname": "CN=SQLRUSERGROUPSQLEXPRESS,CN=USERS,DC=SEQUEL,DC=HTB", "admincount": false, "description": "SQLRUserGroupSQLEXPRESS", "samaccountname": "SQLRUserGroupSQLEXPRESS", "whencreated": 1717885972}, "Members": [{"ObjectIdentifier": "S-1-5-21-548670397-972687484-3496335370-1122", "ObjectType": "User"}], "Aces": [{"RightName": "Owns", "IsInherited": false, "PrincipalSID": "S-1-5-21-548670397-972687484-3496335370-512", "PrincipalType": "Group"}, {"RightName": "GenericAll", "IsInherited": false, "PrincipalSID": "S-1-5-21-548670397-972687484-3496335370-512", "PrincipalType": "Group"}, {"RightName": "GenericAll", "IsInherited": false, "PrincipalSID": "SEQUEL.HTB-S-1-5-32-548", "PrincipalType": "Group"}, {"RightName": "GenericAll", "IsInherited": true, "PrincipalSID": "S-1-5-21-548670397-972687484-3496335370-519", "PrincipalType": "Group"}, {"RightName": "GenericWrite", "IsInherited": true, "PrincipalSID": "SEQUEL.HTB-S-1-5-32-544", "PrincipalType": "Group"}, {"RightName": "WriteOwner", "IsInherited": true, "PrincipalSID": "SEQUEL.HTB-S-1-5-32-544", "PrincipalType": "Group"}, {"RightName": "WriteDacl", "IsInherited": true, "PrincipalSID": "SEQUEL.HTB-S-1-5-32-544", "PrincipalType": "Group"}], "IsDeleted": false, "IsACLProtected": false},{"ObjectIdentifier": "S-1-5-21-548670397-972687484-3496335370-1128", "Properties": {"domain": "SEQUEL.HTB", "domainsid": "S-1-5-21-548670397-972687484-3496335370", "highvalue": false, "name": "SQLSERVER2005SQLBROWSERUSER$DC01@SEQUEL.HTB", "distinguishedname": "CN=SQLSERVER2005SQLBROWSERUSER$DC01,CN=USERS,DC=SEQUEL,DC=HTB", "admincount": false, "description": "Members in the group have the required access and privileges to be assigned as the log on account for the associated instance of SQL Server Browser.", "samaccountname": "SQLServer2005SQLBrowserUser$DC01", "whencreated": 1717885951}, "Members": [{"ObjectIdentifier": "S-1-5-21-548670397-972687484-3496335370-1122", "ObjectType": "User"}], "Aces": [{"RightName": "Owns", "IsInherited": false, "PrincipalSID": "S-1-5-21-548670397-972687484-3496335370-512", "PrincipalType": "Group"}, {"RightName": "GenericAll", "IsInherited": false, "PrincipalSID": "S-1-5-21-548670397-972687484-3496335370-512", "PrincipalType": "Group"}, {"RightName": "GenericAll", "IsInherited": false, "PrincipalSID": "SEQUEL.HTB-S-1-5-32-548", "PrincipalType": "Group"}, {"RightName": "GenericAll", "IsInherited": true, "PrincipalSID": "S-1-5-21-548670397-972687484-3496335370-519", "PrincipalType": "Group"}, {"RightName": "GenericWrite", "IsInherited": true, "PrincipalSID": "SEQUEL.HTB-S-1-5-32-544", "PrincipalType": "Group"}, {"RightName": "WriteOwner", "IsInherited": true, "PrincipalSID": "SEQUEL.HTB-S-1-5-32-544", "PrincipalType": "Group"}, {"RightName": "WriteDacl", "IsInherited": true, "PrincipalSID": "SEQUEL.HTB-S-1-5-32-544", "PrincipalType": "Group"}], "IsDeleted": false, "IsACLProtected": false},{"ObjectIdentifier": "S-1-5-21-548670397-972687484-3496335370-1102", "Properties": {"domain": "SEQUEL.HTB", "domainsid": "S-1-5-21-548670397-972687484-3496335370", "highvalue": false, "name": "DNSUPDATEPROXY@SEQUEL.HTB", "distinguishedname": "CN=DNSUPDATEPROXY,CN=USERS,DC=SEQUEL,DC=HTB", "admincount": false, "description": "DNS clients who are permitted to perform dynamic updates on behalf of some other clients (such as DHCP servers).", "samaccountname": "DnsUpdateProxy", "whencreated": 1717864863}, "Members": [], "Aces": [{"RightName": "GenericAll", "IsInherited": false, "PrincipalSID": "S-1-5-21-548670397-972687484-3496335370-512", "PrincipalType": "Group"}, {"RightName": "GenericAll", "IsInherited": false, "PrincipalSID": "SEQUEL.HTB-S-1-5-32-548", "PrincipalType": "Group"}, {"RightName": "GenericAll", "IsInherited": true, "PrincipalSID": "S-1-5-21-548670397-972687484-3496335370-519", "PrincipalType": "Group"}, {"RightName": "GenericWrite", "IsInherited": true, "PrincipalSID": "SEQUEL.HTB-S-1-5-32-544", "PrincipalType": "Group"}, {"RightName": "WriteOwner", "IsInherited": true, "PrincipalSID": "SEQUEL.HTB-S-1-5-32-544", "PrincipalType": "Group"}, {"RightName": "WriteDacl", "IsInherited": true, "PrincipalSID": "SEQUEL.HTB-S-1-5-32-544", "PrincipalType": "Group"}], "IsDeleted": false, "IsACLProtected": false},{"ObjectIdentifier": "S-1-5-21-548670397-972687484-3496335370-527", "Properties": {"domain": "SEQUEL.HTB", "domainsid": "S-1-5-21-548670397-972687484-3496335370", "highvalue": false, "name": "ENTERPRISE KEY ADMINS@SEQUEL.HTB", "distinguishedname": "CN=ENTERPRISE KEY ADMINS,CN=USERS,DC=SEQUEL,DC=HTB", "admincount": true, "description": "Members of this group can perform administrative actions on key objects within the forest.", "samaccountname": "Enterprise Key Admins", "whencreated": 1717864824}, "Members": [], "Aces": [{"RightName": "Owns", "IsInherited": false, "PrincipalSID": "S-1-5-21-548670397-972687484-3496335370-512", "PrincipalType": "Group"}, {"RightName": "GenericWrite", "IsInherited": false, "PrincipalSID": "S-1-5-21-548670397-972687484-3496335370-512", "PrincipalType": "Group"}, {"RightName": "WriteOwner", "IsInherited": false, "PrincipalSID": "S-1-5-21-548670397-972687484-3496335370-512", "PrincipalType": "Group"}, {"RightName": "WriteDacl", "IsInherited": false, "PrincipalSID": "S-1-5-21-548670397-972687484-3496335370-512", "PrincipalType": "Group"}, {"RightName": "GenericWrite", "IsInherited": false, "PrincipalSID": "S-1-5-21-548670397-972687484-3496335370-519", "PrincipalType": "Group"}, {"RightName": "WriteOwner", "IsInherited": false, "PrincipalSID": "S-1-5-21-548670397-972687484-3496335370-519", "PrincipalType": "Group"}, {"RightName": "WriteDacl", "IsInherited": false, "PrincipalSID": "S-1-5-21-548670397-972687484-3496335370-519", "PrincipalType": "Group"}, {"RightName": "GenericWrite", "IsInherited": false, "PrincipalSID": "SEQUEL.HTB-S-1-5-32-544", "PrincipalType": "Group"}, {"RightName": "WriteOwner", "IsInherited": false, "PrincipalSID": "SEQUEL.HTB-S-1-5-32-544", "PrincipalType": "Group"}, {"RightName": "WriteDacl", "IsInherited": false, "PrincipalSID": "SEQUEL.HTB-S-1-5-32-544", "PrincipalType": "Group"}], "IsDeleted": false, "IsACLProtected": true},{"ObjectIdentifier": "S-1-5-21-548670397-972687484-3496335370-1101", "Properties": {"domain": "SEQUEL.HTB", "domainsid": "S-1-5-21-548670397-972687484-3496335370", "highvalue": false, "name": "DNSADMINS@SEQUEL.HTB", "distinguishedname": "CN=DNSADMINS,CN=USERS,DC=SEQUEL,DC=HTB", "admincount": false, "description": "DNS Administrators Group", "samaccountname": "DnsAdmins", "whencreated": 1717864863}, "Members": [], "Aces": [{"RightName": "GenericAll", "IsInherited": false, "PrincipalSID": "S-1-5-21-548670397-972687484-3496335370-512", "PrincipalType": "Group"}, {"RightName": "GenericAll", "IsInherited": false, "PrincipalSID": "SEQUEL.HTB-S-1-5-32-548", "PrincipalType": "Group"}, {"RightName": "GenericAll", "IsInherited": true, "PrincipalSID": "S-1-5-21-548670397-972687484-3496335370-519", "PrincipalType": "Group"}, {"RightName": "GenericWrite", "IsInherited": true, "PrincipalSID": "SEQUEL.HTB-S-1-5-32-544", "PrincipalType": "Group"}, {"RightName": "WriteOwner", "IsInherited": true, "PrincipalSID": "SEQUEL.HTB-S-1-5-32-544", "PrincipalType": "Group"}, {"RightName": "WriteDacl", "IsInherited": true, "PrincipalSID": "SEQUEL.HTB-S-1-5-32-544", "PrincipalType": "Group"}], "IsDeleted": false, "IsACLProtected": false},{"ObjectIdentifier": "S-1-5-21-548670397-972687484-3496335370-526", "Properties": {"domain": "SEQUEL.HTB", "domainsid": "S-1-5-21-548670397-972687484-3496335370", "highvalue": false, "name": "KEY ADMINS@SEQUEL.HTB", "distinguishedname": "CN=KEY ADMINS,CN=USERS,DC=SEQUEL,DC=HTB", "admincount": true, "description": "Members of this group can perform administrative actions on key objects within the domain.", "samaccountname": "Key Admins", "whencreated": 1717864824}, "Members": [], "Aces": [{"RightName": "Owns", "IsInherited": false, "PrincipalSID": "S-1-5-21-548670397-972687484-3496335370-512", "PrincipalType": "Group"}, {"RightName": "GenericWrite", "IsInherited": false, "PrincipalSID": "S-1-5-21-548670397-972687484-3496335370-512", "PrincipalType": "Group"}, {"RightName": "WriteOwner", "IsInherited": false, "PrincipalSID": "S-1-5-21-548670397-972687484-3496335370-512", "PrincipalType": "Group"}, {"RightName": "WriteDacl", "IsInherited": false, "PrincipalSID": "S-1-5-21-548670397-972687484-3496335370-512", "PrincipalType": "Group"}, {"RightName": "GenericWrite", "IsInherited": false, "PrincipalSID": "S-1-5-21-548670397-972687484-3496335370-519", "PrincipalType": "Group"}, {"RightName": "WriteOwner", "IsInherited": false, "PrincipalSID": "S-1-5-21-548670397-972687484-3496335370-519", "PrincipalType": "Group"}, {"RightName": "WriteDacl", "IsInherited": false, "PrincipalSID": "S-1-5-21-548670397-972687484-3496335370-519", "PrincipalType": "Group"}, {"RightName": "GenericWrite", "IsInherited": false, "PrincipalSID": "SEQUEL.HTB-S-1-5-32-544", "PrincipalType": "Group"}, {"RightName": "WriteOwner", "IsInherited": false, "PrincipalSID": "SEQUEL.HTB-S-1-5-32-544", "PrincipalType": "Group"}, {"RightName": "WriteDacl", "IsInherited": false, "PrincipalSID": "SEQUEL.HTB-S-1-5-32-544", "PrincipalType": "Group"}], "IsDeleted": false, "IsACLProtected": true},{"ObjectIdentifier": "S-1-5-21-548670397-972687484-3496335370-525", "Properties": {"domain": "SEQUEL.HTB", "domainsid": "S-1-5-21-548670397-972687484-3496335370", "highvalue": false, "name": "PROTECTED USERS@SEQUEL.HTB", "distinguishedname": "CN=PROTECTED USERS,CN=USERS,DC=SEQUEL,DC=HTB", "admincount": false, "description": "Members of this group are afforded additional protections against authentication security threats. See http://go.microsoft.com/fwlink/?LinkId=298939 for more information.", "samaccountname": "Protected Users", "whencreated": 1717864824}, "Members": [], "Aces": [{"RightName": "Owns", "IsInherited": false, "PrincipalSID": "S-1-5-21-548670397-972687484-3496335370-512", "PrincipalType": "Group"}, {"RightName": "GenericAll", "IsInherited": false, "PrincipalSID": "S-1-5-21-548670397-972687484-3496335370-512", "PrincipalType": "Group"}, {"RightName": "GenericAll", "IsInherited": false, "PrincipalSID": "SEQUEL.HTB-S-1-5-32-548", "PrincipalType": "Group"}, {"RightName": "GenericAll", "IsInherited": true, "PrincipalSID": "S-1-5-21-548670397-972687484-3496335370-519", "PrincipalType": "Group"}, {"RightName": "GenericWrite", "IsInherited": true, "PrincipalSID": "SEQUEL.HTB-S-1-5-32-544", "PrincipalType": "Group"}, {"RightName": "WriteOwner", "IsInherited": true, "PrincipalSID": "SEQUEL.HTB-S-1-5-32-544", "PrincipalType": "Group"}, {"RightName": "WriteDacl", "IsInherited": true, "PrincipalSID": "SEQUEL.HTB-S-1-5-32-544", "PrincipalType": "Group"}], "IsDeleted": false, "IsACLProtected": false},{"ObjectIdentifier": "S-1-5-21-548670397-972687484-3496335370-522", "Properties": {"domain": "SEQUEL.HTB", "domainsid": "S-1-5-21-548670397-972687484-3496335370", "highvalue": false, "name": "CLONEABLE DOMAIN CONTROLLERS@SEQUEL.HTB", "distinguishedname": "CN=CLONEABLE DOMAIN CONTROLLERS,CN=USERS,DC=SEQUEL,DC=HTB", "admincount": false, "description": "Members of this group that are domain controllers may be cloned.", "samaccountname": "Cloneable Domain Controllers", "whencreated": 1717864824}, "Members": [], "Aces": [{"RightName": "Owns", "IsInherited": false, "PrincipalSID": "S-1-5-21-548670397-972687484-3496335370-512", "PrincipalType": "Group"}, {"RightName": "GenericAll", "IsInherited": false, "PrincipalSID": "S-1-5-21-548670397-972687484-3496335370-512", "PrincipalType": "Group"}, {"RightName": "GenericAll", "IsInherited": false, "PrincipalSID": "SEQUEL.HTB-S-1-5-32-548", "PrincipalType": "Group"}, {"RightName": "GenericAll", "IsInherited": true, "PrincipalSID": "S-1-5-21-548670397-972687484-3496335370-519", "PrincipalType": "Group"}, {"RightName": "GenericWrite", "IsInherited": true, "PrincipalSID": "SEQUEL.HTB-S-1-5-32-544", "PrincipalType": "Group"}, {"RightName": "WriteOwner", "IsInherited": true, "PrincipalSID": "SEQUEL.HTB-S-1-5-32-544", "PrincipalType": "Group"}, {"RightName": "WriteDacl", "IsInherited": true, "PrincipalSID": "SEQUEL.HTB-S-1-5-32-544", "PrincipalType": "Group"}], "IsDeleted": false, "IsACLProtected": false},{"ObjectIdentifier": "S-1-5-21-548670397-972687484-3496335370-498", "Properties": {"domain": "SEQUEL.HTB", "domainsid": "S-1-5-21-548670397-972687484-3496335370", "highvalue": false, "name": "ENTERPRISE READ-ONLY DOMAIN CONTROLLERS@SEQUEL.HTB", "distinguishedname": "CN=ENTERPRISE READ-ONLY DOMAIN CONTROLLERS,CN=USERS,DC=SEQUEL,DC=HTB", "admincount": false, "description": "Members of this group are Read-Only Domain Controllers in the enterprise", "samaccountname": "Enterprise Read-only Domain Controllers", "whencreated": 1717864824}, "Members": [], "Aces": [{"RightName": "Owns", "IsInherited": false, "PrincipalSID": "S-1-5-21-548670397-972687484-3496335370-512", "PrincipalType": "Group"}, {"RightName": "GenericAll", "IsInherited": false, "PrincipalSID": "S-1-5-21-548670397-972687484-3496335370-512", "PrincipalType": "Group"}, {"RightName": "GenericAll", "IsInherited": false, "PrincipalSID": "SEQUEL.HTB-S-1-5-32-548", "PrincipalType": "Group"}, {"RightName": "GenericAll", "IsInherited": true, "PrincipalSID": "S-1-5-21-548670397-972687484-3496335370-519", "PrincipalType": "Group"}, {"RightName": "GenericWrite", "IsInherited": true, "PrincipalSID": "SEQUEL.HTB-S-1-5-32-544", "PrincipalType": "Group"}, {"RightName": "WriteOwner", "IsInherited": true, "PrincipalSID": "SEQUEL.HTB-S-1-5-32-544", "PrincipalType": "Group"}, {"RightName": "WriteDacl", "IsInherited": true, "PrincipalSID": "SEQUEL.HTB-S-1-5-32-544", "PrincipalType": "Group"}], "IsDeleted": false, "IsACLProtected": false},{"ObjectIdentifier": "S-1-5-21-548670397-972687484-3496335370-521", "Properties": {"domain": "SEQUEL.HTB", "domainsid": "S-1-5-21-548670397-972687484-3496335370", "highvalue": false, "name": "READ-ONLY DOMAIN CONTROLLERS@SEQUEL.HTB", "distinguishedname": "CN=READ-ONLY DOMAIN CONTROLLERS,CN=USERS,DC=SEQUEL,DC=HTB", "admincount": true, "description": "Members of this group are Read-Only Domain Controllers in the domain", "samaccountname": "Read-only Domain Controllers", "whencreated": 1717864824}, "Members": [], "Aces": [{"RightName": "Owns", "IsInherited": false, "PrincipalSID": "S-1-5-21-548670397-972687484-3496335370-512", "PrincipalType": "Group"}, {"RightName": "GenericWrite", "IsInherited": false, "PrincipalSID": "S-1-5-21-548670397-972687484-3496335370-512", "PrincipalType": "Group"}, {"RightName": "WriteOwner", "IsInherited": false, "PrincipalSID": "S-1-5-21-548670397-972687484-3496335370-512", "PrincipalType": "Group"}, {"RightName": "WriteDacl", "IsInherited": false, "PrincipalSID": "S-1-5-21-548670397-972687484-3496335370-512", "PrincipalType": "Group"}, {"RightName": "GenericWrite", "IsInherited": false, "PrincipalSID": "S-1-5-21-548670397-972687484-3496335370-519", "PrincipalType": "Group"}, {"RightName": "WriteOwner", "IsInherited": false, "PrincipalSID": "S-1-5-21-548670397-972687484-3496335370-519", "PrincipalType": "Group"}, {"RightName": "WriteDacl", "IsInherited": false, "PrincipalSID": "S-1-5-21-548670397-972687484-3496335370-519", "PrincipalType": "Group"}, {"RightName": "GenericWrite", "IsInherited": false, "PrincipalSID": "SEQUEL.HTB-S-1-5-32-544", "PrincipalType": "Group"}, {"RightName": "WriteOwner", "IsInherited": false, "PrincipalSID": "SEQUEL.HTB-S-1-5-32-544", "PrincipalType": "Group"}, {"RightName": "WriteDacl", "IsInherited": false, "PrincipalSID": "SEQUEL.HTB-S-1-5-32-544", "PrincipalType": "Group"}], "IsDeleted": false, "IsACLProtected": true},{"ObjectIdentifier": "S-1-5-21-548670397-972687484-3496335370-572", "Properties": {"domain": "SEQUEL.HTB", "domainsid": "S-1-5-21-548670397-972687484-3496335370", "highvalue": false, "name": "DENIED RODC PASSWORD REPLICATION GROUP@SEQUEL.HTB", "distinguishedname": "CN=DENIED RODC PASSWORD REPLICATION GROUP,CN=USERS,DC=SEQUEL,DC=HTB", "admincount": false, "description": "Members in this group cannot have their passwords replicated to any read-only domain controllers in the domain", "samaccountname": "Denied RODC Password Replication Group", "whencreated": 1717864824}, "Members": [{"ObjectIdentifier": "S-1-5-21-548670397-972687484-3496335370-521", "ObjectType": "Group"}, {"ObjectIdentifier": "S-1-5-21-548670397-972687484-3496335370-520", "ObjectType": "Group"}, {"ObjectIdentifier": "S-1-5-21-548670397-972687484-3496335370-512", "ObjectType": "Group"}, {"ObjectIdentifier": "S-1-5-21-548670397-972687484-3496335370-517", "ObjectType": "Group"}, {"ObjectIdentifier": "S-1-5-21-548670397-972687484-3496335370-519", "ObjectType": "Group"}, {"ObjectIdentifier": "S-1-5-21-548670397-972687484-3496335370-518", "ObjectType": "Group"}, {"ObjectIdentifier": "S-1-5-21-548670397-972687484-3496335370-516", "ObjectType": "Group"}, {"ObjectIdentifier": "S-1-5-21-548670397-972687484-3496335370-502", "ObjectType": "User"}], "Aces": [{"RightName": "Owns", "IsInherited": false, "PrincipalSID": "S-1-5-21-548670397-972687484-3496335370-512", "PrincipalType": "Group"}, {"RightName": "GenericAll", "IsInherited": false, "PrincipalSID": "S-1-5-21-548670397-972687484-3496335370-512", "PrincipalType": "Group"}, {"RightName": "GenericAll", "IsInherited": false, "PrincipalSID": "SEQUEL.HTB-S-1-5-32-548", "PrincipalType": "Group"}, {"RightName": "GenericAll", "IsInherited": true, "PrincipalSID": "S-1-5-21-548670397-972687484-3496335370-519", "PrincipalType": "Group"}, {"RightName": "GenericWrite", "IsInherited": true, "PrincipalSID": "SEQUEL.HTB-S-1-5-32-544", "PrincipalType": "Group"}, {"RightName": "WriteOwner", "IsInherited": true, "PrincipalSID": "SEQUEL.HTB-S-1-5-32-544", "PrincipalType": "Group"}, {"RightName": "WriteDacl", "IsInherited": true, "PrincipalSID": "SEQUEL.HTB-S-1-5-32-544", "PrincipalType": "Group"}], "IsDeleted": false, "IsACLProtected": false},{"ObjectIdentifier": "S-1-5-21-548670397-972687484-3496335370-571", "Properties": {"domain": "SEQUEL.HTB", "domainsid": "S-1-5-21-548670397-972687484-3496335370", "highvalue": false, "name": "ALLOWED RODC PASSWORD REPLICATION GROUP@SEQUEL.HTB", "distinguishedname": "CN=ALLOWED RODC PASSWORD REPLICATION GROUP,CN=USERS,DC=SEQUEL,DC=HTB", "admincount": false, "description": "Members in this group can have their passwords replicated to all read-only domain controllers in the domain", "samaccountname": "Allowed RODC Password Replication Group", "whencreated": 1717864824}, "Members": [], "Aces": [{"RightName": "Owns", "IsInherited": false, "PrincipalSID": "S-1-5-21-548670397-972687484-3496335370-512", "PrincipalType": "Group"}, {"RightName": "GenericAll", "IsInherited": false, "PrincipalSID": "S-1-5-21-548670397-972687484-3496335370-512", "PrincipalType": "Group"}, {"RightName": "GenericAll", "IsInherited": false, "PrincipalSID": "SEQUEL.HTB-S-1-5-32-548", "PrincipalType": "Group"}, {"RightName": "GenericAll", "IsInherited": true, "PrincipalSID": "S-1-5-21-548670397-972687484-3496335370-519", "PrincipalType": "Group"}, {"RightName": "GenericWrite", "IsInherited": true, "PrincipalSID": "SEQUEL.HTB-S-1-5-32-544", "PrincipalType": "Group"}, {"RightName": "WriteOwner", "IsInherited": true, "PrincipalSID": "SEQUEL.HTB-S-1-5-32-544", "PrincipalType": "Group"}, {"RightName": "WriteDacl", "IsInherited": true, "PrincipalSID": "SEQUEL.HTB-S-1-5-32-544", "PrincipalType": "Group"}], "IsDeleted": false, "IsACLProtected": false},{"ObjectIdentifier": "SEQUEL.HTB-S-1-5-32-561", "Properties": {"domain": "SEQUEL.HTB", "domainsid": "S-1-5-21-548670397-972687484-3496335370", "highvalue": false, "name": "TERMINAL SERVER LICENSE SERVERS@SEQUEL.HTB", "distinguishedname": "CN=TERMINAL SERVER LICENSE SERVERS,CN=BUILTIN,DC=SEQUEL,DC=HTB", "admincount": false, "description": "Members of this group can update user accounts in Active Directory with information about license issuance, for the purpose of tracking and reporting TS Per User CAL usage", "samaccountname": "Terminal Server License Servers", "whencreated": 1717864823}, "Members": [], "Aces": [{"RightName": "Owns", "IsInherited": false, "PrincipalSID": "S-1-5-21-548670397-972687484-3496335370-512", "PrincipalType": "Group"}, {"RightName": "GenericAll", "IsInherited": false, "PrincipalSID": "S-1-5-21-548670397-972687484-3496335370-512", "PrincipalType": "Group"}, {"RightName": "GenericAll", "IsInherited": false, "PrincipalSID": "SEQUEL.HTB-S-1-5-32-548", "PrincipalType": "Group"}, {"RightName": "GenericAll", "IsInherited": true, "PrincipalSID": "S-1-5-21-548670397-972687484-3496335370-519", "PrincipalType": "Group"}, {"RightName": "GenericWrite", "IsInherited": true, "PrincipalSID": "SEQUEL.HTB-S-1-5-32-544", "PrincipalType": "Group"}, {"RightName": "WriteOwner", "IsInherited": true, "PrincipalSID": "SEQUEL.HTB-S-1-5-32-544", "PrincipalType": "Group"}, {"RightName": "WriteDacl", "IsInherited": true, "PrincipalSID": "SEQUEL.HTB-S-1-5-32-544", "PrincipalType": "Group"}], "IsDeleted": false, "IsACLProtected": false},{"ObjectIdentifier": "SEQUEL.HTB-S-1-5-32-560", "Properties": {"domain": "SEQUEL.HTB", "domainsid": "S-1-5-21-548670397-972687484-3496335370", "highvalue": false, "name": "WINDOWS AUTHORIZATION ACCESS GROUP@SEQUEL.HTB", "distinguishedname": "CN=WINDOWS AUTHORIZATION ACCESS GROUP,CN=BUILTIN,DC=SEQUEL,DC=HTB", "admincount": false, "description": "Members of this group have access to the computed tokenGroupsGlobalAndUniversal attribute on User objects", "samaccountname": "Windows Authorization Access Group", "whencreated": 1717864823}, "Members": [{"ObjectIdentifier": "SEQUEL.HTB-S-1-5-9", "ObjectType": "Group"}], "Aces": [{"RightName": "Owns", "IsInherited": false, "PrincipalSID": "S-1-5-21-548670397-972687484-3496335370-512", "PrincipalType": "Group"}, {"RightName": "GenericAll", "IsInherited": false, "PrincipalSID": "S-1-5-21-548670397-972687484-3496335370-512", "PrincipalType": "Group"}, {"RightName": "GenericAll", "IsInherited": false, "PrincipalSID": "SEQUEL.HTB-S-1-5-32-548", "PrincipalType": "Group"}, {"RightName": "GenericAll", "IsInherited": true, "PrincipalSID": "S-1-5-21-548670397-972687484-3496335370-519", "PrincipalType": "Group"}, {"RightName": "GenericWrite", "IsInherited": true, "PrincipalSID": "SEQUEL.HTB-S-1-5-32-544", "PrincipalType": "Group"}, {"RightName": "WriteOwner", "IsInherited": true, "PrincipalSID": "SEQUEL.HTB-S-1-5-32-544", "PrincipalType": "Group"}, {"RightName": "WriteDacl", "IsInherited": true, "PrincipalSID": "SEQUEL.HTB-S-1-5-32-544", "PrincipalType": "Group"}], "IsDeleted": false, "IsACLProtected": false},{"ObjectIdentifier": "SEQUEL.HTB-S-1-5-32-557", "Properties": {"domain": "SEQUEL.HTB", "domainsid": "S-1-5-21-548670397-972687484-3496335370", "highvalue": false, "name": "INCOMING FOREST TRUST BUILDERS@SEQUEL.HTB", "distinguishedname": "CN=INCOMING FOREST TRUST BUILDERS,CN=BUILTIN,DC=SEQUEL,DC=HTB", "admincount": false, "description": "Members of this group can create incoming, one-way trusts to this forest", "samaccountname": "Incoming Forest Trust Builders", "whencreated": 1717864823}, "Members": [], "Aces": [{"RightName": "Owns", "IsInherited": false, "PrincipalSID": "S-1-5-21-548670397-972687484-3496335370-512", "PrincipalType": "Group"}, {"RightName": "GenericAll", "IsInherited": false, "PrincipalSID": "S-1-5-21-548670397-972687484-3496335370-512", "PrincipalType": "Group"}, {"RightName": "GenericAll", "IsInherited": false, "PrincipalSID": "SEQUEL.HTB-S-1-5-32-548", "PrincipalType": "Group"}, {"RightName": "GenericAll", "IsInherited": true, "PrincipalSID": "S-1-5-21-548670397-972687484-3496335370-519", "PrincipalType": "Group"}, {"RightName": "GenericWrite", "IsInherited": true, "PrincipalSID": "SEQUEL.HTB-S-1-5-32-544", "PrincipalType": "Group"}, {"RightName": "WriteOwner", "IsInherited": true, "PrincipalSID": "SEQUEL.HTB-S-1-5-32-544", "PrincipalType": "Group"}, {"RightName": "WriteDacl", "IsInherited": true, "PrincipalSID": "SEQUEL.HTB-S-1-5-32-544", "PrincipalType": "Group"}], "IsDeleted": false, "IsACLProtected": false},{"ObjectIdentifier": "SEQUEL.HTB-S-1-5-32-548", "Properties": {"domain": "SEQUEL.HTB", "domainsid": "S-1-5-21-548670397-972687484-3496335370", "highvalue": true, "name": "ACCOUNT OPERATORS@SEQUEL.HTB", "distinguishedname": "CN=ACCOUNT OPERATORS,CN=BUILTIN,DC=SEQUEL,DC=HTB", "admincount": true, "description": "Members can administer domain user and group accounts", "samaccountname": "Account Operators", "whencreated": 1717864823}, "Members": [], "Aces": [{"RightName": "Owns", "IsInherited": false, "PrincipalSID": "S-1-5-21-548670397-972687484-3496335370-512", "PrincipalType": "Group"}, {"RightName": "GenericWrite", "IsInherited": false, "PrincipalSID": "S-1-5-21-548670397-972687484-3496335370-512", "PrincipalType": "Group"}, {"RightName": "WriteOwner", "IsInherited": false, "PrincipalSID": "S-1-5-21-548670397-972687484-3496335370-512", "PrincipalType": "Group"}, {"RightName": "WriteDacl", "IsInherited": false, "PrincipalSID": "S-1-5-21-548670397-972687484-3496335370-512", "PrincipalType": "Group"}, {"RightName": "GenericWrite", "IsInherited": false, "PrincipalSID": "S-1-5-21-548670397-972687484-3496335370-519", "PrincipalType": "Group"}, {"RightName": "WriteOwner", "IsInherited": false, "PrincipalSID": "S-1-5-21-548670397-972687484-3496335370-519", "PrincipalType": "Group"}, {"RightName": "WriteDacl", "IsInherited": false, "PrincipalSID": "S-1-5-21-548670397-972687484-3496335370-519", "PrincipalType": "Group"}, {"RightName": "GenericWrite", "IsInherited": false, "PrincipalSID": "SEQUEL.HTB-S-1-5-32-544", "PrincipalType": "Group"}, {"RightName": "WriteOwner", "IsInherited": false, "PrincipalSID": "SEQUEL.HTB-S-1-5-32-544", "PrincipalType": "Group"}, {"RightName": "WriteDacl", "IsInherited": false, "PrincipalSID": "SEQUEL.HTB-S-1-5-32-544", "PrincipalType": "Group"}], "IsDeleted": false, "IsACLProtected": true},{"ObjectIdentifier": "SEQUEL.HTB-S-1-5-32-554", "Properties": {"domain": "SEQUEL.HTB", "domainsid": "S-1-5-21-548670397-972687484-3496335370", "highvalue": false, "name": "PRE-WINDOWS 2000 COMPATIBLE ACCESS@SEQUEL.HTB", "distinguishedname": "CN=PRE-WINDOWS 2000 COMPATIBLE ACCESS,CN=BUILTIN,DC=SEQUEL,DC=HTB", "admincount": false, "description": "A backward compatibility group which allows read access on all users and groups in the domain", "samaccountname": "Pre-Windows 2000 Compatible Access", "whencreated": 1717864823}, "Members": [{"ObjectIdentifier": "S-1-5-21-548670397-972687484-3496335370-1000", "ObjectType": "Computer"}, {"ObjectIdentifier": "SEQUEL.HTB-S-1-5-11", "ObjectType": "Group"}], "Aces": [{"RightName": "Owns", "IsInherited": false, "PrincipalSID": "S-1-5-21-548670397-972687484-3496335370-512", "PrincipalType": "Group"}, {"RightName": "GenericAll", "IsInherited": false, "PrincipalSID": "S-1-5-21-548670397-972687484-3496335370-512", "PrincipalType": "Group"}, {"RightName": "GenericAll", "IsInherited": false, "PrincipalSID": "SEQUEL.HTB-S-1-5-32-548", "PrincipalType": "Group"}, {"RightName": "GenericAll", "IsInherited": true, "PrincipalSID": "S-1-5-21-548670397-972687484-3496335370-519", "PrincipalType": "Group"}, {"RightName": "GenericWrite", "IsInherited": true, "PrincipalSID": "SEQUEL.HTB-S-1-5-32-544", "PrincipalType": "Group"}, {"RightName": "WriteOwner", "IsInherited": true, "PrincipalSID": "SEQUEL.HTB-S-1-5-32-544", "PrincipalType": "Group"}, {"RightName": "WriteDacl", "IsInherited": true, "PrincipalSID": "SEQUEL.HTB-S-1-5-32-544", "PrincipalType": "Group"}], "IsDeleted": false, "IsACLProtected": false},{"ObjectIdentifier": "SEQUEL.HTB-S-1-5-32-549", "Properties": {"domain": "SEQUEL.HTB", "domainsid": "S-1-5-21-548670397-972687484-3496335370", "highvalue": true, "name": "SERVER OPERATORS@SEQUEL.HTB", "distinguishedname": "CN=SERVER OPERATORS,CN=BUILTIN,DC=SEQUEL,DC=HTB", "admincount": true, "description": "Members can administer domain servers", "samaccountname": "Server Operators", "whencreated": 1717864823}, "Members": [], "Aces": [{"RightName": "Owns", "IsInherited": false, "PrincipalSID": "S-1-5-21-548670397-972687484-3496335370-512", "PrincipalType": "Group"}, {"RightName": "GenericWrite", "IsInherited": false, "PrincipalSID": "S-1-5-21-548670397-972687484-3496335370-512", "PrincipalType": "Group"}, {"RightName": "WriteOwner", "IsInherited": false, "PrincipalSID": "S-1-5-21-548670397-972687484-3496335370-512", "PrincipalType": "Group"}, {"RightName": "WriteDacl", "IsInherited": false, "PrincipalSID": "S-1-5-21-548670397-972687484-3496335370-512", "PrincipalType": "Group"}, {"RightName": "GenericWrite", "IsInherited": false, "PrincipalSID": "S-1-5-21-548670397-972687484-3496335370-519", "PrincipalType": "Group"}, {"RightName": "WriteOwner", "IsInherited": false, "PrincipalSID": "S-1-5-21-548670397-972687484-3496335370-519", "PrincipalType": "Group"}, {"RightName": "WriteDacl", "IsInherited": false, "PrincipalSID": "S-1-5-21-548670397-972687484-3496335370-519", "PrincipalType": "Group"}, {"RightName": "GenericWrite", "IsInherited": false, "PrincipalSID": "SEQUEL.HTB-S-1-5-32-544", "PrincipalType": "Group"}, {"RightName": "WriteOwner", "IsInherited": false, "PrincipalSID": "SEQUEL.HTB-S-1-5-32-544", "PrincipalType": "Group"}, {"RightName": "WriteDacl", "IsInherited": false, "PrincipalSID": "SEQUEL.HTB-S-1-5-32-544", "PrincipalType": "Group"}], "IsDeleted": false, "IsACLProtected": true},{"ObjectIdentifier": "S-1-5-21-548670397-972687484-3496335370-553", "Properties": {"domain": "SEQUEL.HTB", "domainsid": "S-1-5-21-548670397-972687484-3496335370", "highvalue": false, "name": "RAS AND IAS SERVERS@SEQUEL.HTB", "distinguishedname": "CN=RAS AND IAS SERVERS,CN=USERS,DC=SEQUEL,DC=HTB", "admincount": false, "description": "Servers in this group can access remote access properties of users", "samaccountname": "RAS and IAS Servers", "whencreated": 1717864823}, "Members": [], "Aces": [{"RightName": "Owns", "IsInherited": false, "PrincipalSID": "S-1-5-21-548670397-972687484-3496335370-512", "PrincipalType": "Group"}, {"RightName": "GenericAll", "IsInherited": false, "PrincipalSID": "S-1-5-21-548670397-972687484-3496335370-512", "PrincipalType": "Group"}, {"RightName": "GenericAll", "IsInherited": false, "PrincipalSID": "SEQUEL.HTB-S-1-5-32-548", "PrincipalType": "Group"}, {"RightName": "GenericAll", "IsInherited": true, "PrincipalSID": "S-1-5-21-548670397-972687484-3496335370-519", "PrincipalType": "Group"}, {"RightName": "GenericWrite", "IsInherited": true, "PrincipalSID": "SEQUEL.HTB-S-1-5-32-544", "PrincipalType": "Group"}, {"RightName": "WriteOwner", "IsInherited": true, "PrincipalSID": "SEQUEL.HTB-S-1-5-32-544", "PrincipalType": "Group"}, {"RightName": "WriteDacl", "IsInherited": true, "PrincipalSID": "SEQUEL.HTB-S-1-5-32-544", "PrincipalType": "Group"}], "IsDeleted": false, "IsACLProtected": false},{"ObjectIdentifier": "S-1-5-21-548670397-972687484-3496335370-520", "Properties": {"domain": "SEQUEL.HTB", "domainsid": "S-1-5-21-548670397-972687484-3496335370", "highvalue": false, "name": "GROUP POLICY CREATOR OWNERS@SEQUEL.HTB", "distinguishedname": "CN=GROUP POLICY CREATOR OWNERS,CN=USERS,DC=SEQUEL,DC=HTB", "admincount": false, "description": "Members in this group can modify group policy for the domain", "samaccountname": "Group Policy Creator Owners", "whencreated": 1717864823}, "Members": [{"ObjectIdentifier": "S-1-5-21-548670397-972687484-3496335370-500", "ObjectType": "User"}], "Aces": [{"RightName": "Owns", "IsInherited": false, "PrincipalSID": "S-1-5-21-548670397-972687484-3496335370-512", "PrincipalType": "Group"}, {"RightName": "GenericAll", "IsInherited": false, "PrincipalSID": "S-1-5-21-548670397-972687484-3496335370-512", "PrincipalType": "Group"}, {"RightName": "GenericAll", "IsInherited": false, "PrincipalSID": "SEQUEL.HTB-S-1-5-32-548", "PrincipalType": "Group"}, {"RightName": "GenericAll", "IsInherited": true, "PrincipalSID": "S-1-5-21-548670397-972687484-3496335370-519", "PrincipalType": "Group"}, {"RightName": "GenericWrite", "IsInherited": true, "PrincipalSID": "SEQUEL.HTB-S-1-5-32-544", "PrincipalType": "Group"}, {"RightName": "WriteOwner", "IsInherited": true, "PrincipalSID": "SEQUEL.HTB-S-1-5-32-544", "PrincipalType": "Group"}, {"RightName": "WriteDacl", "IsInherited": true, "PrincipalSID": "SEQUEL.HTB-S-1-5-32-544", "PrincipalType": "Group"}], "IsDeleted": false, "IsACLProtected": false},{"ObjectIdentifier": "S-1-5-21-548670397-972687484-3496335370-514", "Properties": {"domain": "SEQUEL.HTB", "domainsid": "S-1-5-21-548670397-972687484-3496335370", "highvalue": false, "name": "DOMAIN GUESTS@SEQUEL.HTB", "distinguishedname": "CN=DOMAIN GUESTS,CN=USERS,DC=SEQUEL,DC=HTB", "admincount": false, "description": "All domain guests", "samaccountname": "Domain Guests", "whencreated": 1717864823}, "Members": [], "Aces": [{"RightName": "Owns", "IsInherited": false, "PrincipalSID": "S-1-5-21-548670397-972687484-3496335370-512", "PrincipalType": "Group"}, {"RightName": "GenericAll", "IsInherited": false, "PrincipalSID": "S-1-5-21-548670397-972687484-3496335370-512", "PrincipalType": "Group"}, {"RightName": "GenericAll", "IsInherited": false, "PrincipalSID": "SEQUEL.HTB-S-1-5-32-548", "PrincipalType": "Group"}, {"RightName": "GenericAll", "IsInherited": true, "PrincipalSID": "S-1-5-21-548670397-972687484-3496335370-519", "PrincipalType": "Group"}, {"RightName": "GenericWrite", "IsInherited": true, "PrincipalSID": "SEQUEL.HTB-S-1-5-32-544", "PrincipalType": "Group"}, {"RightName": "WriteOwner", "IsInherited": true, "PrincipalSID": "SEQUEL.HTB-S-1-5-32-544", "PrincipalType": "Group"}, {"RightName": "WriteDacl", "IsInherited": true, "PrincipalSID": "SEQUEL.HTB-S-1-5-32-544", "PrincipalType": "Group"}], "IsDeleted": false, "IsACLProtected": false},{"ObjectIdentifier": "S-1-5-21-548670397-972687484-3496335370-513", "Properties": {"domain": "SEQUEL.HTB", "domainsid": "S-1-5-21-548670397-972687484-3496335370", "highvalue": false, "name": "DOMAIN USERS@SEQUEL.HTB", "distinguishedname": "CN=DOMAIN USERS,CN=USERS,DC=SEQUEL,DC=HTB", "admincount": false, "description": "All domain users", "samaccountname": "Domain Users", "whencreated": 1717864823}, "Members": [], "Aces": [{"RightName": "Owns", "IsInherited": false, "PrincipalSID": "S-1-5-21-548670397-972687484-3496335370-512", "PrincipalType": "Group"}, {"RightName": "GenericAll", "IsInherited": false, "PrincipalSID": "S-1-5-21-548670397-972687484-3496335370-512", "PrincipalType": "Group"}, {"RightName": "GenericAll", "IsInherited": false, "PrincipalSID": "SEQUEL.HTB-S-1-5-32-548", "PrincipalType": "Group"}, {"RightName": "GenericAll", "IsInherited": true, "PrincipalSID": "S-1-5-21-548670397-972687484-3496335370-519", "PrincipalType": "Group"}, {"RightName": "GenericWrite", "IsInherited": true, "PrincipalSID": "SEQUEL.HTB-S-1-5-32-544", "PrincipalType": "Group"}, {"RightName": "WriteOwner", "IsInherited": true, "PrincipalSID": "SEQUEL.HTB-S-1-5-32-544", "PrincipalType": "Group"}, {"RightName": "WriteDacl", "IsInherited": true, "PrincipalSID": "SEQUEL.HTB-S-1-5-32-544", "PrincipalType": "Group"}], "IsDeleted": false, "IsACLProtected": false},{"ObjectIdentifier": "S-1-5-21-548670397-972687484-3496335370-512", "Properties": {"domain": "SEQUEL.HTB", "domainsid": "S-1-5-21-548670397-972687484-3496335370", "highvalue": true, "name": "DOMAIN ADMINS@SEQUEL.HTB", "distinguishedname": "CN=DOMAIN ADMINS,CN=USERS,DC=SEQUEL,DC=HTB", "admincount": true, "description": "Designated administrators of the domain", "samaccountname": "Domain Admins", "whencreated": 1717864823}, "Members": [{"ObjectIdentifier": "S-1-5-21-548670397-972687484-3496335370-500", "ObjectType": "User"}], "Aces": [{"RightName": "Owns", "IsInherited": false, "PrincipalSID": "S-1-5-21-548670397-972687484-3496335370-512", "PrincipalType": "Group"}, {"RightName": "GenericWrite", "IsInherited": false, "PrincipalSID": "S-1-5-21-548670397-972687484-3496335370-512", "PrincipalType": "Group"}, {"RightName": "WriteOwner", "IsInherited": false, "PrincipalSID": "S-1-5-21-548670397-972687484-3496335370-512", "PrincipalType": "Group"}, {"RightName": "WriteDacl", "IsInherited": false, "PrincipalSID": "S-1-5-21-548670397-972687484-3496335370-512", "PrincipalType": "Group"}, {"RightName": "GenericWrite", "IsInherited": false, "PrincipalSID": "S-1-5-21-548670397-972687484-3496335370-519", "PrincipalType": "Group"}, {"RightName": "WriteOwner", "IsInherited": false, "PrincipalSID": "S-1-5-21-548670397-972687484-3496335370-519", "PrincipalType": "Group"}, {"RightName": "WriteDacl", "IsInherited": false, "PrincipalSID": "S-1-5-21-548670397-972687484-3496335370-519", "PrincipalType": "Group"}, {"RightName": "GenericWrite", "IsInherited": false, "PrincipalSID": "SEQUEL.HTB-S-1-5-32-544", "PrincipalType": "Group"}, {"RightName": "WriteOwner", "IsInherited": false, "PrincipalSID": "SEQUEL.HTB-S-1-5-32-544", "PrincipalType": "Group"}, {"RightName": "WriteDacl", "IsInherited": false, "PrincipalSID": "SEQUEL.HTB-S-1-5-32-544", "PrincipalType": "Group"}], "IsDeleted": false, "IsACLProtected": true},{"ObjectIdentifier": "S-1-5-21-548670397-972687484-3496335370-519", "Properties": {"domain": "SEQUEL.HTB", "domainsid": "S-1-5-21-548670397-972687484-3496335370", "highvalue": true, "name": "ENTERPRISE ADMINS@SEQUEL.HTB", "distinguishedname": "CN=ENTERPRISE ADMINS,CN=USERS,DC=SEQUEL,DC=HTB", "admincount": true, "description": "Designated administrators of the enterprise", "samaccountname": "Enterprise Admins", "whencreated": 1717864823}, "Members": [{"ObjectIdentifier": "S-1-5-21-548670397-972687484-3496335370-500", "ObjectType": "User"}], "Aces": [{"RightName": "Owns", "IsInherited": false, "PrincipalSID": "S-1-5-21-548670397-972687484-3496335370-512", "PrincipalType": "Group"}, {"RightName": "GenericWrite", "IsInherited": false, "PrincipalSID": "S-1-5-21-548670397-972687484-3496335370-512", "PrincipalType": "Group"}, {"RightName": "WriteOwner", "IsInherited": false, "PrincipalSID": "S-1-5-21-548670397-972687484-3496335370-512", "PrincipalType": "Group"}, {"RightName": "WriteDacl", "IsInherited": false, "PrincipalSID": "S-1-5-21-548670397-972687484-3496335370-512", "PrincipalType": "Group"}, {"RightName": "GenericWrite", "IsInherited": false, "PrincipalSID": "S-1-5-21-548670397-972687484-3496335370-519", "PrincipalType": "Group"}, {"RightName": "WriteOwner", "IsInherited": false, "PrincipalSID": "S-1-5-21-548670397-972687484-3496335370-519", "PrincipalType": "Group"}, {"RightName": "WriteDacl", "IsInherited": false, "PrincipalSID": "S-1-5-21-548670397-972687484-3496335370-519", "PrincipalType": "Group"}, {"RightName": "GenericWrite", "IsInherited": false, "PrincipalSID": "SEQUEL.HTB-S-1-5-32-544", "PrincipalType": "Group"}, {"RightName": "WriteOwner", "IsInherited": false, "PrincipalSID": "SEQUEL.HTB-S-1-5-32-544", "PrincipalType": "Group"}, {"RightName": "WriteDacl", "IsInherited": false, "PrincipalSID": "SEQUEL.HTB-S-1-5-32-544", "PrincipalType": "Group"}], "IsDeleted": false, "IsACLProtected": true},{"ObjectIdentifier": "S-1-5-21-548670397-972687484-3496335370-518", "Properties": {"domain": "SEQUEL.HTB", "domainsid": "S-1-5-21-548670397-972687484-3496335370", "highvalue": false, "name": "SCHEMA ADMINS@SEQUEL.HTB", "distinguishedname": "CN=SCHEMA ADMINS,CN=USERS,DC=SEQUEL,DC=HTB", "admincount": true, "description": "Designated administrators of the schema", "samaccountname": "Schema Admins", "whencreated": 1717864823}, "Members": [{"ObjectIdentifier": "S-1-5-21-548670397-972687484-3496335370-500", "ObjectType": "User"}], "Aces": [{"RightName": "Owns", "IsInherited": false, "PrincipalSID": "S-1-5-21-548670397-972687484-3496335370-512", "PrincipalType": "Group"}, {"RightName": "GenericWrite", "IsInherited": false, "PrincipalSID": "S-1-5-21-548670397-972687484-3496335370-512", "PrincipalType": "Group"}, {"RightName": "WriteOwner", "IsInherited": false, "PrincipalSID": "S-1-5-21-548670397-972687484-3496335370-512", "PrincipalType": "Group"}, {"RightName": "WriteDacl", "IsInherited": false, "PrincipalSID": "S-1-5-21-548670397-972687484-3496335370-512", "PrincipalType": "Group"}, {"RightName": "GenericWrite", "IsInherited": false, "PrincipalSID": "S-1-5-21-548670397-972687484-3496335370-519", "PrincipalType": "Group"}, {"RightName": "WriteOwner", "IsInherited": false, "PrincipalSID": "S-1-5-21-548670397-972687484-3496335370-519", "PrincipalType": "Group"}, {"RightName": "WriteDacl", "IsInherited": false, "PrincipalSID": "S-1-5-21-548670397-972687484-3496335370-519", "PrincipalType": "Group"}, {"RightName": "GenericWrite", "IsInherited": false, "PrincipalSID": "SEQUEL.HTB-S-1-5-32-544", "PrincipalType": "Group"}, {"RightName": "WriteOwner", "IsInherited": false, "PrincipalSID": "SEQUEL.HTB-S-1-5-32-544", "PrincipalType": "Group"}, {"RightName": "WriteDacl", "IsInherited": false, "PrincipalSID": "SEQUEL.HTB-S-1-5-32-544", "PrincipalType": "Group"}], "IsDeleted": false, "IsACLProtected": true},{"ObjectIdentifier": "S-1-5-21-548670397-972687484-3496335370-517", "Properties": {"domain": "SEQUEL.HTB", "domainsid": "S-1-5-21-548670397-972687484-3496335370", "highvalue": false, "name": "CERT PUBLISHERS@SEQUEL.HTB", "distinguishedname": "CN=CERT PUBLISHERS,CN=USERS,DC=SEQUEL,DC=HTB", "admincount": false, "description": "Members of this group are permitted to publish certificates to the directory", "samaccountname": "Cert Publishers", "whencreated": 1717864823}, "Members": [{"ObjectIdentifier": "S-1-5-21-548670397-972687484-3496335370-1607", "ObjectType": "User"}, {"ObjectIdentifier": "S-1-5-21-548670397-972687484-3496335370-1000", "ObjectType": "Computer"}], "Aces": [{"RightName": "Owns", "IsInherited": false, "PrincipalSID": "S-1-5-21-548670397-972687484-3496335370-512", "PrincipalType": "Group"}, {"RightName": "GenericAll", "IsInherited": false, "PrincipalSID": "S-1-5-21-548670397-972687484-3496335370-512", "PrincipalType": "Group"}, {"RightName": "GenericAll", "IsInherited": false, "PrincipalSID": "SEQUEL.HTB-S-1-5-32-548", "PrincipalType": "Group"}, {"RightName": "GenericAll", "IsInherited": true, "PrincipalSID": "S-1-5-21-548670397-972687484-3496335370-519", "PrincipalType": "Group"}, {"RightName": "GenericWrite", "IsInherited": true, "PrincipalSID": "SEQUEL.HTB-S-1-5-32-544", "PrincipalType": "Group"}, {"RightName": "WriteOwner", "IsInherited": true, "PrincipalSID": "SEQUEL.HTB-S-1-5-32-544", "PrincipalType": "Group"}, {"RightName": "WriteDacl", "IsInherited": true, "PrincipalSID": "SEQUEL.HTB-S-1-5-32-544", "PrincipalType": "Group"}], "IsDeleted": false, "IsACLProtected": false},{"ObjectIdentifier": "S-1-5-21-548670397-972687484-3496335370-516", "Properties": {"domain": "SEQUEL.HTB", "domainsid": "S-1-5-21-548670397-972687484-3496335370", "highvalue": true, "name": "DOMAIN CONTROLLERS@SEQUEL.HTB", "distinguishedname": "CN=DOMAIN CONTROLLERS,CN=USERS,DC=SEQUEL,DC=HTB", "admincount": true, "description": "All domain controllers in the domain", "samaccountname": "Domain Controllers", "whencreated": 1717864823}, "Members": [], "Aces": [{"RightName": "Owns", "IsInherited": false, "PrincipalSID": "S-1-5-21-548670397-972687484-3496335370-512", "PrincipalType": "Group"}, {"RightName": "GenericWrite", "IsInherited": false, "PrincipalSID": "S-1-5-21-548670397-972687484-3496335370-512", "PrincipalType": "Group"}, {"RightName": "WriteOwner", "IsInherited": false, "PrincipalSID": "S-1-5-21-548670397-972687484-3496335370-512", "PrincipalType": "Group"}, {"RightName": "WriteDacl", "IsInherited": false, "PrincipalSID": "S-1-5-21-548670397-972687484-3496335370-512", "PrincipalType": "Group"}, {"RightName": "GenericWrite", "IsInherited": false, "PrincipalSID": "S-1-5-21-548670397-972687484-3496335370-519", "PrincipalType": "Group"}, {"RightName": "WriteOwner", "IsInherited": false, "PrincipalSID": "S-1-5-21-548670397-972687484-3496335370-519", "PrincipalType": "Group"}, {"RightName": "WriteDacl", "IsInherited": false, "PrincipalSID": "S-1-5-21-548670397-972687484-3496335370-519", "PrincipalType": "Group"}, {"RightName": "GenericWrite", "IsInherited": false, "PrincipalSID": "SEQUEL.HTB-S-1-5-32-544", "PrincipalType": "Group"}, {"RightName": "WriteOwner", "IsInherited": false, "PrincipalSID": "SEQUEL.HTB-S-1-5-32-544", "PrincipalType": "Group"}, {"RightName": "WriteDacl", "IsInherited": false, "PrincipalSID": "SEQUEL.HTB-S-1-5-32-544", "PrincipalType": "Group"}], "IsDeleted": false, "IsACLProtected": true},{"ObjectIdentifier": "S-1-5-21-548670397-972687484-3496335370-515", "Properties": {"domain": "SEQUEL.HTB", "domainsid": "S-1-5-21-548670397-972687484-3496335370", "highvalue": false, "name": "DOMAIN COMPUTERS@SEQUEL.HTB", "distinguishedname": "CN=DOMAIN COMPUTERS,CN=USERS,DC=SEQUEL,DC=HTB", "admincount": false, "description": "All workstations and servers joined to the domain", "samaccountname": "Domain Computers", "whencreated": 1717864823}, "Members": [], "Aces": [{"RightName": "Owns", "IsInherited": false, "PrincipalSID": "S-1-5-21-548670397-972687484-3496335370-512", "PrincipalType": "Group"}, {"RightName": "GenericAll", "IsInherited": false, "PrincipalSID": "S-1-5-21-548670397-972687484-3496335370-512", "PrincipalType": "Group"}, {"RightName": "GenericAll", "IsInherited": false, "PrincipalSID": "SEQUEL.HTB-S-1-5-32-548", "PrincipalType": "Group"}, {"RightName": "GenericAll", "IsInherited": true, "PrincipalSID": "S-1-5-21-548670397-972687484-3496335370-519", "PrincipalType": "Group"}, {"RightName": "GenericWrite", "IsInherited": true, "PrincipalSID": "SEQUEL.HTB-S-1-5-32-544", "PrincipalType": "Group"}, {"RightName": "WriteOwner", "IsInherited": true, "PrincipalSID": "SEQUEL.HTB-S-1-5-32-544", "PrincipalType": "Group"}, {"RightName": "WriteDacl", "IsInherited": true, "PrincipalSID": "SEQUEL.HTB-S-1-5-32-544", "PrincipalType": "Group"}], "IsDeleted": false, "IsACLProtected": false},{"ObjectIdentifier": "SEQUEL.HTB-S-1-5-32-582", "Properties": {"domain": "SEQUEL.HTB", "domainsid": "S-1-5-21-548670397-972687484-3496335370", "highvalue": false, "name": "STORAGE REPLICA ADMINISTRATORS@SEQUEL.HTB", "distinguishedname": "CN=STORAGE REPLICA ADMINISTRATORS,CN=BUILTIN,DC=SEQUEL,DC=HTB", "admincount": false, "description": "Members of this group have complete and unrestricted access to all features of Storage Replica.", "samaccountname": "Storage Replica Administrators", "whencreated": 1717864790}, "Members": [], "Aces": [{"RightName": "Owns", "IsInherited": false, "PrincipalSID": "SEQUEL.HTB-S-1-5-32-544", "PrincipalType": "Group"}, {"RightName": "GenericAll", "IsInherited": false, "PrincipalSID": "S-1-5-21-548670397-972687484-3496335370-512", "PrincipalType": "Group"}, {"RightName": "GenericAll", "IsInherited": false, "PrincipalSID": "SEQUEL.HTB-S-1-5-32-548", "PrincipalType": "Group"}, {"RightName": "GenericAll", "IsInherited": true, "PrincipalSID": "S-1-5-21-548670397-972687484-3496335370-519", "PrincipalType": "Group"}, {"RightName": "GenericWrite", "IsInherited": true, "PrincipalSID": "SEQUEL.HTB-S-1-5-32-544", "PrincipalType": "Group"}, {"RightName": "WriteOwner", "IsInherited": true, "PrincipalSID": "SEQUEL.HTB-S-1-5-32-544", "PrincipalType": "Group"}, {"RightName": "WriteDacl", "IsInherited": true, "PrincipalSID": "SEQUEL.HTB-S-1-5-32-544", "PrincipalType": "Group"}], "IsDeleted": false, "IsACLProtected": false},{"ObjectIdentifier": "SEQUEL.HTB-S-1-5-32-580", "Properties": {"domain": "SEQUEL.HTB", "domainsid": "S-1-5-21-548670397-972687484-3496335370", "highvalue": false, "name": "REMOTE MANAGEMENT USERS@SEQUEL.HTB", "distinguishedname": "CN=REMOTE MANAGEMENT USERS,CN=BUILTIN,DC=SEQUEL,DC=HTB", "admincount": false, "description": "Members of this group can access WMI resources over management protocols (such as WS-Management via the Windows Remote Management service). This applies only to WMI namespaces that grant access to the user.", "samaccountname": "Remote Management Users", "whencreated": 1717864790}, "Members": [{"ObjectIdentifier": "S-1-5-21-548670397-972687484-3496335370-1114", "ObjectType": "User"}], "Aces": [{"RightName": "Owns", "IsInherited": false, "PrincipalSID": "SEQUEL.HTB-S-1-5-32-544", "PrincipalType": "Group"}, {"RightName": "GenericAll", "IsInherited": false, "PrincipalSID": "S-1-5-21-548670397-972687484-3496335370-512", "PrincipalType": "Group"}, {"RightName": "GenericAll", "IsInherited": false, "PrincipalSID": "SEQUEL.HTB-S-1-5-32-548", "PrincipalType": "Group"}, {"RightName": "GenericAll", "IsInherited": true, "PrincipalSID": "S-1-5-21-548670397-972687484-3496335370-519", "PrincipalType": "Group"}, {"RightName": "GenericWrite", "IsInherited": true, "PrincipalSID": "SEQUEL.HTB-S-1-5-32-544", "PrincipalType": "Group"}, {"RightName": "WriteOwner", "IsInherited": true, "PrincipalSID": "SEQUEL.HTB-S-1-5-32-544", "PrincipalType": "Group"}, {"RightName": "WriteDacl", "IsInherited": true, "PrincipalSID": "SEQUEL.HTB-S-1-5-32-544", "PrincipalType": "Group"}], "IsDeleted": false, "IsACLProtected": false},{"ObjectIdentifier": "SEQUEL.HTB-S-1-5-32-579", "Properties": {"domain": "SEQUEL.HTB", "domainsid": "S-1-5-21-548670397-972687484-3496335370", "highvalue": false, "name": "ACCESS CONTROL ASSISTANCE OPERATORS@SEQUEL.HTB", "distinguishedname": "CN=ACCESS CONTROL ASSISTANCE OPERATORS,CN=BUILTIN,DC=SEQUEL,DC=HTB", "admincount": false, "description": "Members of this group can remotely query authorization attributes and permissions for resources on this computer.", "samaccountname": "Access Control Assistance Operators", "whencreated": 1717864790}, "Members": [], "Aces": [{"RightName": "Owns", "IsInherited": false, "PrincipalSID": "SEQUEL.HTB-S-1-5-32-544", "PrincipalType": "Group"}, {"RightName": "GenericAll", "IsInherited": false, "PrincipalSID": "S-1-5-21-548670397-972687484-3496335370-512", "PrincipalType": "Group"}, {"RightName": "GenericAll", "IsInherited": false, "PrincipalSID": "SEQUEL.HTB-S-1-5-32-548", "PrincipalType": "Group"}, {"RightName": "GenericAll", "IsInherited": true, "PrincipalSID": "S-1-5-21-548670397-972687484-3496335370-519", "PrincipalType": "Group"}, {"RightName": "GenericWrite", "IsInherited": true, "PrincipalSID": "SEQUEL.HTB-S-1-5-32-544", "PrincipalType": "Group"}, {"RightName": "WriteOwner", "IsInherited": true, "PrincipalSID": "SEQUEL.HTB-S-1-5-32-544", "PrincipalType": "Group"}, {"RightName": "WriteDacl", "IsInherited": true, "PrincipalSID": "SEQUEL.HTB-S-1-5-32-544", "PrincipalType": "Group"}], "IsDeleted": false, "IsACLProtected": false},{"ObjectIdentifier": "SEQUEL.HTB-S-1-5-32-578", "Properties": {"domain": "SEQUEL.HTB", "domainsid": "S-1-5-21-548670397-972687484-3496335370", "highvalue": false, "name": "HYPER-V ADMINISTRATORS@SEQUEL.HTB", "distinguishedname": "CN=HYPER-V ADMINISTRATORS,CN=BUILTIN,DC=SEQUEL,DC=HTB", "admincount": false, "description": "Members of this group have complete and unrestricted access to all features of Hyper-V.", "samaccountname": "Hyper-V Administrators", "whencreated": 1717864790}, "Members": [], "Aces": [{"RightName": "Owns", "IsInherited": false, "PrincipalSID": "SEQUEL.HTB-S-1-5-32-544", "PrincipalType": "Group"}, {"RightName": "GenericAll", "IsInherited": false, "PrincipalSID": "S-1-5-21-548670397-972687484-3496335370-512", "PrincipalType": "Group"}, {"RightName": "GenericAll", "IsInherited": false, "PrincipalSID": "SEQUEL.HTB-S-1-5-32-548", "PrincipalType": "Group"}, {"RightName": "GenericAll", "IsInherited": true, "PrincipalSID": "S-1-5-21-548670397-972687484-3496335370-519", "PrincipalType": "Group"}, {"RightName": "GenericWrite", "IsInherited": true, "PrincipalSID": "SEQUEL.HTB-S-1-5-32-544", "PrincipalType": "Group"}, {"RightName": "WriteOwner", "IsInherited": true, "PrincipalSID": "SEQUEL.HTB-S-1-5-32-544", "PrincipalType": "Group"}, {"RightName": "WriteDacl", "IsInherited": true, "PrincipalSID": "SEQUEL.HTB-S-1-5-32-544", "PrincipalType": "Group"}], "IsDeleted": false, "IsACLProtected": false},{"ObjectIdentifier": "SEQUEL.HTB-S-1-5-32-577", "Properties": {"domain": "SEQUEL.HTB", "domainsid": "S-1-5-21-548670397-972687484-3496335370", "highvalue": false, "name": "RDS MANAGEMENT SERVERS@SEQUEL.HTB", "distinguishedname": "CN=RDS MANAGEMENT SERVERS,CN=BUILTIN,DC=SEQUEL,DC=HTB", "admincount": false, "description": "Servers in this group can perform routine administrative actions on servers running Remote Desktop Services. This group needs to be populated on all servers in a Remote Desktop Services deployment. The servers running the RDS Central Management service must be included in this group.", "samaccountname": "RDS Management Servers", "whencreated": 1717864790}, "Members": [], "Aces": [{"RightName": "Owns", "IsInherited": false, "PrincipalSID": "SEQUEL.HTB-S-1-5-32-544", "PrincipalType": "Group"}, {"RightName": "GenericAll", "IsInherited": false, "PrincipalSID": "S-1-5-21-548670397-972687484-3496335370-512", "PrincipalType": "Group"}, {"RightName": "GenericAll", "IsInherited": false, "PrincipalSID": "SEQUEL.HTB-S-1-5-32-548", "PrincipalType": "Group"}, {"RightName": "GenericAll", "IsInherited": true, "PrincipalSID": "S-1-5-21-548670397-972687484-3496335370-519", "PrincipalType": "Group"}, {"RightName": "GenericWrite", "IsInherited": true, "PrincipalSID": "SEQUEL.HTB-S-1-5-32-544", "PrincipalType": "Group"}, {"RightName": "WriteOwner", "IsInherited": true, "PrincipalSID": "SEQUEL.HTB-S-1-5-32-544", "PrincipalType": "Group"}, {"RightName": "WriteDacl", "IsInherited": true, "PrincipalSID": "SEQUEL.HTB-S-1-5-32-544", "PrincipalType": "Group"}], "IsDeleted": false, "IsACLProtected": false},{"ObjectIdentifier": "SEQUEL.HTB-S-1-5-32-576", "Properties": {"domain": "SEQUEL.HTB", "domainsid": "S-1-5-21-548670397-972687484-3496335370", "highvalue": false, "name": "RDS ENDPOINT SERVERS@SEQUEL.HTB", "distinguishedname": "CN=RDS ENDPOINT SERVERS,CN=BUILTIN,DC=SEQUEL,DC=HTB", "admincount": false, "description": "Servers in this group run virtual machines and host sessions where users RemoteApp programs and personal virtual desktops run. This group needs to be populated on servers running RD Connection Broker. RD Session Host servers and RD Virtualization Host servers used in the deployment need to be in this group.", "samaccountname": "RDS Endpoint Servers", "whencreated": 1717864790}, "Members": [], "Aces": [{"RightName": "Owns", "IsInherited": false, "PrincipalSID": "SEQUEL.HTB-S-1-5-32-544", "PrincipalType": "Group"}, {"RightName": "GenericAll", "IsInherited": false, "PrincipalSID": "S-1-5-21-548670397-972687484-3496335370-512", "PrincipalType": "Group"}, {"RightName": "GenericAll", "IsInherited": false, "PrincipalSID": "SEQUEL.HTB-S-1-5-32-548", "PrincipalType": "Group"}, {"RightName": "GenericAll", "IsInherited": true, "PrincipalSID": "S-1-5-21-548670397-972687484-3496335370-519", "PrincipalType": "Group"}, {"RightName": "GenericWrite", "IsInherited": true, "PrincipalSID": "SEQUEL.HTB-S-1-5-32-544", "PrincipalType": "Group"}, {"RightName": "WriteOwner", "IsInherited": true, "PrincipalSID": "SEQUEL.HTB-S-1-5-32-544", "PrincipalType": "Group"}, {"RightName": "WriteDacl", "IsInherited": true, "PrincipalSID": "SEQUEL.HTB-S-1-5-32-544", "PrincipalType": "Group"}], "IsDeleted": false, "IsACLProtected": false},{"ObjectIdentifier": "SEQUEL.HTB-S-1-5-32-575", "Properties": {"domain": "SEQUEL.HTB", "domainsid": "S-1-5-21-548670397-972687484-3496335370", "highvalue": false, "name": "RDS REMOTE ACCESS SERVERS@SEQUEL.HTB", "distinguishedname": "CN=RDS REMOTE ACCESS SERVERS,CN=BUILTIN,DC=SEQUEL,DC=HTB", "admincount": false, "description": "Servers in this group enable users of RemoteApp programs and personal virtual desktops access to these resources. In Internet-facing deployments, these servers are typically deployed in an edge network. This group needs to be populated on servers running RD Connection Broker. RD Gateway servers and RD Web Access servers used in the deployment need to be in this group.", "samaccountname": "RDS Remote Access Servers", "whencreated": 1717864790}, "Members": [], "Aces": [{"RightName": "Owns", "IsInherited": false, "PrincipalSID": "SEQUEL.HTB-S-1-5-32-544", "PrincipalType": "Group"}, {"RightName": "GenericAll", "IsInherited": false, "PrincipalSID": "S-1-5-21-548670397-972687484-3496335370-512", "PrincipalType": "Group"}, {"RightName": "GenericAll", "IsInherited": false, "PrincipalSID": "SEQUEL.HTB-S-1-5-32-548", "PrincipalType": "Group"}, {"RightName": "GenericAll", "IsInherited": true, "PrincipalSID": "S-1-5-21-548670397-972687484-3496335370-519", "PrincipalType": "Group"}, {"RightName": "GenericWrite", "IsInherited": true, "PrincipalSID": "SEQUEL.HTB-S-1-5-32-544", "PrincipalType": "Group"}, {"RightName": "WriteOwner", "IsInherited": true, "PrincipalSID": "SEQUEL.HTB-S-1-5-32-544", "PrincipalType": "Group"}, {"RightName": "WriteDacl", "IsInherited": true, "PrincipalSID": "SEQUEL.HTB-S-1-5-32-544", "PrincipalType": "Group"}], "IsDeleted": false, "IsACLProtected": false},{"ObjectIdentifier": "SEQUEL.HTB-S-1-5-32-574", "Properties": {"domain": "SEQUEL.HTB", "domainsid": "S-1-5-21-548670397-972687484-3496335370", "highvalue": false, "name": "CERTIFICATE SERVICE DCOM ACCESS@SEQUEL.HTB", "distinguishedname": "CN=CERTIFICATE SERVICE DCOM ACCESS,CN=BUILTIN,DC=SEQUEL,DC=HTB", "admincount": false, "description": "Members of this group are allowed to connect to Certification Authorities in the enterprise", "samaccountname": "Certificate Service DCOM Access", "whencreated": 1717864790}, "Members": [{"ObjectIdentifier": "SEQUEL.HTB-S-1-5-11", "ObjectType": "Group"}], "Aces": [{"RightName": "Owns", "IsInherited": false, "PrincipalSID": "SEQUEL.HTB-S-1-5-32-544", "PrincipalType": "Group"}, {"RightName": "GenericAll", "IsInherited": false, "PrincipalSID": "S-1-5-21-548670397-972687484-3496335370-512", "PrincipalType": "Group"}, {"RightName": "GenericAll", "IsInherited": false, "PrincipalSID": "SEQUEL.HTB-S-1-5-32-548", "PrincipalType": "Group"}, {"RightName": "GenericAll", "IsInherited": true, "PrincipalSID": "S-1-5-21-548670397-972687484-3496335370-519", "PrincipalType": "Group"}, {"RightName": "GenericWrite", "IsInherited": true, "PrincipalSID": "SEQUEL.HTB-S-1-5-32-544", "PrincipalType": "Group"}, {"RightName": "WriteOwner", "IsInherited": true, "PrincipalSID": "SEQUEL.HTB-S-1-5-32-544", "PrincipalType": "Group"}, {"RightName": "WriteDacl", "IsInherited": true, "PrincipalSID": "SEQUEL.HTB-S-1-5-32-544", "PrincipalType": "Group"}], "IsDeleted": false, "IsACLProtected": false},{"ObjectIdentifier": "SEQUEL.HTB-S-1-5-32-573", "Properties": {"domain": "SEQUEL.HTB", "domainsid": "S-1-5-21-548670397-972687484-3496335370", "highvalue": false, "name": "EVENT LOG READERS@SEQUEL.HTB", "distinguishedname": "CN=EVENT LOG READERS,CN=BUILTIN,DC=SEQUEL,DC=HTB", "admincount": false, "description": "Members of this group can read event logs from local machine", "samaccountname": "Event Log Readers", "whencreated": 1717864790}, "Members": [], "Aces": [{"RightName": "Owns", "IsInherited": false, "PrincipalSID": "SEQUEL.HTB-S-1-5-32-544", "PrincipalType": "Group"}, {"RightName": "GenericAll", "IsInherited": false, "PrincipalSID": "S-1-5-21-548670397-972687484-3496335370-512", "PrincipalType": "Group"}, {"RightName": "GenericAll", "IsInherited": false, "PrincipalSID": "SEQUEL.HTB-S-1-5-32-548", "PrincipalType": "Group"}, {"RightName": "GenericAll", "IsInherited": true, "PrincipalSID": "S-1-5-21-548670397-972687484-3496335370-519", "PrincipalType": "Group"}, {"RightName": "GenericWrite", "IsInherited": true, "PrincipalSID": "SEQUEL.HTB-S-1-5-32-544", "PrincipalType": "Group"}, {"RightName": "WriteOwner", "IsInherited": true, "PrincipalSID": "SEQUEL.HTB-S-1-5-32-544", "PrincipalType": "Group"}, {"RightName": "WriteDacl", "IsInherited": true, "PrincipalSID": "SEQUEL.HTB-S-1-5-32-544", "PrincipalType": "Group"}], "IsDeleted": false, "IsACLProtected": false},{"ObjectIdentifier": "SEQUEL.HTB-S-1-5-32-569", "Properties": {"domain": "SEQUEL.HTB", "domainsid": "S-1-5-21-548670397-972687484-3496335370", "highvalue": false, "name": "CRYPTOGRAPHIC OPERATORS@SEQUEL.HTB", "distinguishedname": "CN=CRYPTOGRAPHIC OPERATORS,CN=BUILTIN,DC=SEQUEL,DC=HTB", "admincount": false, "description": "Members are authorized to perform cryptographic operations.", "samaccountname": "Cryptographic Operators", "whencreated": 1717864790}, "Members": [], "Aces": [{"RightName": "Owns", "IsInherited": false, "PrincipalSID": "SEQUEL.HTB-S-1-5-32-544", "PrincipalType": "Group"}, {"RightName": "GenericAll", "IsInherited": false, "PrincipalSID": "S-1-5-21-548670397-972687484-3496335370-512", "PrincipalType": "Group"}, {"RightName": "GenericAll", "IsInherited": false, "PrincipalSID": "SEQUEL.HTB-S-1-5-32-548", "PrincipalType": "Group"}, {"RightName": "GenericAll", "IsInherited": true, "PrincipalSID": "S-1-5-21-548670397-972687484-3496335370-519", "PrincipalType": "Group"}, {"RightName": "GenericWrite", "IsInherited": true, "PrincipalSID": "SEQUEL.HTB-S-1-5-32-544", "PrincipalType": "Group"}, {"RightName": "WriteOwner", "IsInherited": true, "PrincipalSID": "SEQUEL.HTB-S-1-5-32-544", "PrincipalType": "Group"}, {"RightName": "WriteDacl", "IsInherited": true, "PrincipalSID": "SEQUEL.HTB-S-1-5-32-544", "PrincipalType": "Group"}], "IsDeleted": false, "IsACLProtected": false},{"ObjectIdentifier": "SEQUEL.HTB-S-1-5-32-568", "Properties": {"domain": "SEQUEL.HTB", "domainsid": "S-1-5-21-548670397-972687484-3496335370", "highvalue": false, "name": "IIS_IUSRS@SEQUEL.HTB", "distinguishedname": "CN=IIS_IUSRS,CN=BUILTIN,DC=SEQUEL,DC=HTB", "admincount": false, "description": "Built-in group used by Internet Information Services.", "samaccountname": "IIS_IUSRS", "whencreated": 1717864790}, "Members": [{"ObjectIdentifier": "SEQUEL.HTB-S-1-5-17", "ObjectType": "User"}], "Aces": [{"RightName": "Owns", "IsInherited": false, "PrincipalSID": "SEQUEL.HTB-S-1-5-32-544", "PrincipalType": "Group"}, {"RightName": "GenericAll", "IsInherited": false, "PrincipalSID": "S-1-5-21-548670397-972687484-3496335370-512", "PrincipalType": "Group"}, {"RightName": "GenericAll", "IsInherited": false, "PrincipalSID": "SEQUEL.HTB-S-1-5-32-548", "PrincipalType": "Group"}, {"RightName": "GenericAll", "IsInherited": true, "PrincipalSID": "S-1-5-21-548670397-972687484-3496335370-519", "PrincipalType": "Group"}, {"RightName": "GenericWrite", "IsInherited": true, "PrincipalSID": "SEQUEL.HTB-S-1-5-32-544", "PrincipalType": "Group"}, {"RightName": "WriteOwner", "IsInherited": true, "PrincipalSID": "SEQUEL.HTB-S-1-5-32-544", "PrincipalType": "Group"}, {"RightName": "WriteDacl", "IsInherited": true, "PrincipalSID": "SEQUEL.HTB-S-1-5-32-544", "PrincipalType": "Group"}], "IsDeleted": false, "IsACLProtected": false},{"ObjectIdentifier": "SEQUEL.HTB-S-1-5-32-562", "Properties": {"domain": "SEQUEL.HTB", "domainsid": "S-1-5-21-548670397-972687484-3496335370", "highvalue": false, "name": "DISTRIBUTED COM USERS@SEQUEL.HTB", "distinguishedname": "CN=DISTRIBUTED COM USERS,CN=BUILTIN,DC=SEQUEL,DC=HTB", "admincount": false, "description": "Members are allowed to launch, activate and use Distributed COM objects on this machine.", "samaccountname": "Distributed COM Users", "whencreated": 1717864790}, "Members": [], "Aces": [{"RightName": "Owns", "IsInherited": false, "PrincipalSID": "SEQUEL.HTB-S-1-5-32-544", "PrincipalType": "Group"}, {"RightName": "GenericAll", "IsInherited": false, "PrincipalSID": "S-1-5-21-548670397-972687484-3496335370-512", "PrincipalType": "Group"}, {"RightName": "GenericAll", "IsInherited": false, "PrincipalSID": "SEQUEL.HTB-S-1-5-32-548", "PrincipalType": "Group"}, {"RightName": "GenericAll", "IsInherited": true, "PrincipalSID": "S-1-5-21-548670397-972687484-3496335370-519", "PrincipalType": "Group"}, {"RightName": "GenericWrite", "IsInherited": true, "PrincipalSID": "SEQUEL.HTB-S-1-5-32-544", "PrincipalType": "Group"}, {"RightName": "WriteOwner", "IsInherited": true, "PrincipalSID": "SEQUEL.HTB-S-1-5-32-544", "PrincipalType": "Group"}, {"RightName": "WriteDacl", "IsInherited": true, "PrincipalSID": "SEQUEL.HTB-S-1-5-32-544", "PrincipalType": "Group"}], "IsDeleted": false, "IsACLProtected": false},{"ObjectIdentifier": "SEQUEL.HTB-S-1-5-32-559", "Properties": {"domain": "SEQUEL.HTB", "domainsid": "S-1-5-21-548670397-972687484-3496335370", "highvalue": false, "name": "PERFORMANCE LOG USERS@SEQUEL.HTB", "distinguishedname": "CN=PERFORMANCE LOG USERS,CN=BUILTIN,DC=SEQUEL,DC=HTB", "admincount": false, "description": "Members of this group may schedule logging of performance counters, enable trace providers, and collect event traces both locally and via remote access to this computer", "samaccountname": "Performance Log Users", "whencreated": 1717864790}, "Members": [], "Aces": [{"RightName": "Owns", "IsInherited": false, "PrincipalSID": "SEQUEL.HTB-S-1-5-32-544", "PrincipalType": "Group"}, {"RightName": "GenericAll", "IsInherited": false, "PrincipalSID": "S-1-5-21-548670397-972687484-3496335370-512", "PrincipalType": "Group"}, {"RightName": "GenericAll", "IsInherited": false, "PrincipalSID": "SEQUEL.HTB-S-1-5-32-548", "PrincipalType": "Group"}, {"RightName": "GenericAll", "IsInherited": true, "PrincipalSID": "S-1-5-21-548670397-972687484-3496335370-519", "PrincipalType": "Group"}, {"RightName": "GenericWrite", "IsInherited": true, "PrincipalSID": "SEQUEL.HTB-S-1-5-32-544", "PrincipalType": "Group"}, {"RightName": "WriteOwner", "IsInherited": true, "PrincipalSID": "SEQUEL.HTB-S-1-5-32-544", "PrincipalType": "Group"}, {"RightName": "WriteDacl", "IsInherited": true, "PrincipalSID": "SEQUEL.HTB-S-1-5-32-544", "PrincipalType": "Group"}], "IsDeleted": false, "IsACLProtected": false},{"ObjectIdentifier": "SEQUEL.HTB-S-1-5-32-558", "Properties": {"domain": "SEQUEL.HTB", "domainsid": "S-1-5-21-548670397-972687484-3496335370", "highvalue": false, "name": "PERFORMANCE MONITOR USERS@SEQUEL.HTB", "distinguishedname": "CN=PERFORMANCE MONITOR USERS,CN=BUILTIN,DC=SEQUEL,DC=HTB", "admincount": false, "description": "Members of this group can access performance counter data locally and remotely", "samaccountname": "Performance Monitor Users", "whencreated": 1717864790}, "Members": [], "Aces": [{"RightName": "Owns", "IsInherited": false, "PrincipalSID": "SEQUEL.HTB-S-1-5-32-544", "PrincipalType": "Group"}, {"RightName": "GenericAll", "IsInherited": false, "PrincipalSID": "S-1-5-21-548670397-972687484-3496335370-512", "PrincipalType": "Group"}, {"RightName": "GenericAll", "IsInherited": false, "PrincipalSID": "SEQUEL.HTB-S-1-5-32-548", "PrincipalType": "Group"}, {"RightName": "GenericAll", "IsInherited": true, "PrincipalSID": "S-1-5-21-548670397-972687484-3496335370-519", "PrincipalType": "Group"}, {"RightName": "GenericWrite", "IsInherited": true, "PrincipalSID": "SEQUEL.HTB-S-1-5-32-544", "PrincipalType": "Group"}, {"RightName": "WriteOwner", "IsInherited": true, "PrincipalSID": "SEQUEL.HTB-S-1-5-32-544", "PrincipalType": "Group"}, {"RightName": "WriteDacl", "IsInherited": true, "PrincipalSID": "SEQUEL.HTB-S-1-5-32-544", "PrincipalType": "Group"}], "IsDeleted": false, "IsACLProtected": false},{"ObjectIdentifier": "SEQUEL.HTB-S-1-5-32-556", "Properties": {"domain": "SEQUEL.HTB", "domainsid": "S-1-5-21-548670397-972687484-3496335370", "highvalue": false, "name": "NETWORK CONFIGURATION OPERATORS@SEQUEL.HTB", "distinguishedname": "CN=NETWORK CONFIGURATION OPERATORS,CN=BUILTIN,DC=SEQUEL,DC=HTB", "admincount": false, "description": "Members in this group can have some administrative privileges to manage configuration of networking features", "samaccountname": "Network Configuration Operators", "whencreated": 1717864790}, "Members": [], "Aces": [{"RightName": "Owns", "IsInherited": false, "PrincipalSID": "SEQUEL.HTB-S-1-5-32-544", "PrincipalType": "Group"}, {"RightName": "GenericAll", "IsInherited": false, "PrincipalSID": "S-1-5-21-548670397-972687484-3496335370-512", "PrincipalType": "Group"}, {"RightName": "GenericAll", "IsInherited": false, "PrincipalSID": "SEQUEL.HTB-S-1-5-32-548", "PrincipalType": "Group"}, {"RightName": "GenericAll", "IsInherited": true, "PrincipalSID": "S-1-5-21-548670397-972687484-3496335370-519", "PrincipalType": "Group"}, {"RightName": "GenericWrite", "IsInherited": true, "PrincipalSID": "SEQUEL.HTB-S-1-5-32-544", "PrincipalType": "Group"}, {"RightName": "WriteOwner", "IsInherited": true, "PrincipalSID": "SEQUEL.HTB-S-1-5-32-544", "PrincipalType": "Group"}, {"RightName": "WriteDacl", "IsInherited": true, "PrincipalSID": "SEQUEL.HTB-S-1-5-32-544", "PrincipalType": "Group"}], "IsDeleted": false, "IsACLProtected": false},{"ObjectIdentifier": "SEQUEL.HTB-S-1-5-32-555", "Properties": {"domain": "SEQUEL.HTB", "domainsid": "S-1-5-21-548670397-972687484-3496335370", "highvalue": false, "name": "REMOTE DESKTOP USERS@SEQUEL.HTB", "distinguishedname": "CN=REMOTE DESKTOP USERS,CN=BUILTIN,DC=SEQUEL,DC=HTB", "admincount": false, "description": "Members in this group are granted the right to logon remotely", "samaccountname": "Remote Desktop Users", "whencreated": 1717864790}, "Members": [], "Aces": [{"RightName": "Owns", "IsInherited": false, "PrincipalSID": "SEQUEL.HTB-S-1-5-32-544", "PrincipalType": "Group"}, {"RightName": "GenericAll", "IsInherited": false, "PrincipalSID": "S-1-5-21-548670397-972687484-3496335370-512", "PrincipalType": "Group"}, {"RightName": "GenericAll", "IsInherited": false, "PrincipalSID": "SEQUEL.HTB-S-1-5-32-548", "PrincipalType": "Group"}, {"RightName": "GenericAll", "IsInherited": true, "PrincipalSID": "S-1-5-21-548670397-972687484-3496335370-519", "PrincipalType": "Group"}, {"RightName": "GenericWrite", "IsInherited": true, "PrincipalSID": "SEQUEL.HTB-S-1-5-32-544", "PrincipalType": "Group"}, {"RightName": "WriteOwner", "IsInherited": true, "PrincipalSID": "SEQUEL.HTB-S-1-5-32-544", "PrincipalType": "Group"}, {"RightName": "WriteDacl", "IsInherited": true, "PrincipalSID": "SEQUEL.HTB-S-1-5-32-544", "PrincipalType": "Group"}], "IsDeleted": false, "IsACLProtected": false},{"ObjectIdentifier": "SEQUEL.HTB-S-1-5-32-552", "Properties": {"domain": "SEQUEL.HTB", "domainsid": "S-1-5-21-548670397-972687484-3496335370", "highvalue": false, "name": "REPLICATOR@SEQUEL.HTB", "distinguishedname": "CN=REPLICATOR,CN=BUILTIN,DC=SEQUEL,DC=HTB", "admincount": true, "description": "Supports file replication in a domain", "samaccountname": "Replicator", "whencreated": 1717864790}, "Members": [], "Aces": [{"RightName": "Owns", "IsInherited": false, "PrincipalSID": "S-1-5-21-548670397-972687484-3496335370-512", "PrincipalType": "Group"}, {"RightName": "GenericWrite", "IsInherited": false, "PrincipalSID": "S-1-5-21-548670397-972687484-3496335370-512", "PrincipalType": "Group"}, {"RightName": "WriteOwner", "IsInherited": false, "PrincipalSID": "S-1-5-21-548670397-972687484-3496335370-512", "PrincipalType": "Group"}, {"RightName": "WriteDacl", "IsInherited": false, "PrincipalSID": "S-1-5-21-548670397-972687484-3496335370-512", "PrincipalType": "Group"}, {"RightName": "GenericWrite", "IsInherited": false, "PrincipalSID": "S-1-5-21-548670397-972687484-3496335370-519", "PrincipalType": "Group"}, {"RightName": "WriteOwner", "IsInherited": false, "PrincipalSID": "S-1-5-21-548670397-972687484-3496335370-519", "PrincipalType": "Group"}, {"RightName": "WriteDacl", "IsInherited": false, "PrincipalSID": "S-1-5-21-548670397-972687484-3496335370-519", "PrincipalType": "Group"}, {"RightName": "GenericWrite", "IsInherited": false, "PrincipalSID": "SEQUEL.HTB-S-1-5-32-544", "PrincipalType": "Group"}, {"RightName": "WriteOwner", "IsInherited": false, "PrincipalSID": "SEQUEL.HTB-S-1-5-32-544", "PrincipalType": "Group"}, {"RightName": "WriteDacl", "IsInherited": false, "PrincipalSID": "SEQUEL.HTB-S-1-5-32-544", "PrincipalType": "Group"}], "IsDeleted": false, "IsACLProtected": true},{"ObjectIdentifier": "SEQUEL.HTB-S-1-5-32-550", "Properties": {"domain": "SEQUEL.HTB", "domainsid": "S-1-5-21-548670397-972687484-3496335370", "highvalue": true, "name": "PRINT OPERATORS@SEQUEL.HTB", "distinguishedname": "CN=PRINT OPERATORS,CN=BUILTIN,DC=SEQUEL,DC=HTB", "admincount": true, "description": "Members can administer printers installed on domain controllers", "samaccountname": "Print Operators", "whencreated": 1717864790}, "Members": [], "Aces": [{"RightName": "Owns", "IsInherited": false, "PrincipalSID": "S-1-5-21-548670397-972687484-3496335370-512", "PrincipalType": "Group"}, {"RightName": "GenericWrite", "IsInherited": false, "PrincipalSID": "S-1-5-21-548670397-972687484-3496335370-512", "PrincipalType": "Group"}, {"RightName": "WriteOwner", "IsInherited": false, "PrincipalSID": "S-1-5-21-548670397-972687484-3496335370-512", "PrincipalType": "Group"}, {"RightName": "WriteDacl", "IsInherited": false, "PrincipalSID": "S-1-5-21-548670397-972687484-3496335370-512", "PrincipalType": "Group"}, {"RightName": "GenericWrite", "IsInherited": false, "PrincipalSID": "S-1-5-21-548670397-972687484-3496335370-519", "PrincipalType": "Group"}, {"RightName": "WriteOwner", "IsInherited": false, "PrincipalSID": "S-1-5-21-548670397-972687484-3496335370-519", "PrincipalType": "Group"}, {"RightName": "WriteDacl", "IsInherited": false, "PrincipalSID": "S-1-5-21-548670397-972687484-3496335370-519", "PrincipalType": "Group"}, {"RightName": "GenericWrite", "IsInherited": false, "PrincipalSID": "SEQUEL.HTB-S-1-5-32-544", "PrincipalType": "Group"}, {"RightName": "WriteOwner", "IsInherited": false, "PrincipalSID": "SEQUEL.HTB-S-1-5-32-544", "PrincipalType": "Group"}, {"RightName": "WriteDacl", "IsInherited": false, "PrincipalSID": "SEQUEL.HTB-S-1-5-32-544", "PrincipalType": "Group"}], "IsDeleted": false, "IsACLProtected": true},{"ObjectIdentifier": "SEQUEL.HTB-S-1-5-32-551", "Properties": {"domain": "SEQUEL.HTB", "domainsid": "S-1-5-21-548670397-972687484-3496335370", "highvalue": true, "name": "BACKUP OPERATORS@SEQUEL.HTB", "distinguishedname": "CN=BACKUP OPERATORS,CN=BUILTIN,DC=SEQUEL,DC=HTB", "admincount": true, "description": "Backup Operators can override security restrictions for the sole purpose of backing up or restoring files", "samaccountname": "Backup Operators", "whencreated": 1717864790}, "Members": [], "Aces": [{"RightName": "Owns", "IsInherited": false, "PrincipalSID": "S-1-5-21-548670397-972687484-3496335370-512", "PrincipalType": "Group"}, {"RightName": "GenericWrite", "IsInherited": false, "PrincipalSID": "S-1-5-21-548670397-972687484-3496335370-512", "PrincipalType": "Group"}, {"RightName": "WriteOwner", "IsInherited": false, "PrincipalSID": "S-1-5-21-548670397-972687484-3496335370-512", "PrincipalType": "Group"}, {"RightName": "WriteDacl", "IsInherited": false, "PrincipalSID": "S-1-5-21-548670397-972687484-3496335370-512", "PrincipalType": "Group"}, {"RightName": "GenericWrite", "IsInherited": false, "PrincipalSID": "S-1-5-21-548670397-972687484-3496335370-519", "PrincipalType": "Group"}, {"RightName": "WriteOwner", "IsInherited": false, "PrincipalSID": "S-1-5-21-548670397-972687484-3496335370-519", "PrincipalType": "Group"}, {"RightName": "WriteDacl", "IsInherited": false, "PrincipalSID": "S-1-5-21-548670397-972687484-3496335370-519", "PrincipalType": "Group"}, {"RightName": "GenericWrite", "IsInherited": false, "PrincipalSID": "SEQUEL.HTB-S-1-5-32-544", "PrincipalType": "Group"}, {"RightName": "WriteOwner", "IsInherited": false, "PrincipalSID": "SEQUEL.HTB-S-1-5-32-544", "PrincipalType": "Group"}, {"RightName": "WriteDacl", "IsInherited": false, "PrincipalSID": "SEQUEL.HTB-S-1-5-32-544", "PrincipalType": "Group"}], "IsDeleted": false, "IsACLProtected": true},{"ObjectIdentifier": "SEQUEL.HTB-S-1-5-32-546", "Properties": {"domain": "SEQUEL.HTB", "domainsid": "S-1-5-21-548670397-972687484-3496335370", "highvalue": false, "name": "GUESTS@SEQUEL.HTB", "distinguishedname": "CN=GUESTS,CN=BUILTIN,DC=SEQUEL,DC=HTB", "admincount": false, "description": "Guests have the same access as members of the Users group by default, except for the Guest account which is further restricted", "samaccountname": "Guests", "whencreated": 1717864790}, "Members": [{"ObjectIdentifier": "S-1-5-21-548670397-972687484-3496335370-514", "ObjectType": "Group"}, {"ObjectIdentifier": "S-1-5-21-548670397-972687484-3496335370-501", "ObjectType": "User"}], "Aces": [{"RightName": "Owns", "IsInherited": false, "PrincipalSID": "SEQUEL.HTB-S-1-5-32-544", "PrincipalType": "Group"}, {"RightName": "GenericAll", "IsInherited": false, "PrincipalSID": "S-1-5-21-548670397-972687484-3496335370-512", "PrincipalType": "Group"}, {"RightName": "GenericAll", "IsInherited": false, "PrincipalSID": "SEQUEL.HTB-S-1-5-32-548", "PrincipalType": "Group"}, {"RightName": "GenericAll", "IsInherited": true, "PrincipalSID": "S-1-5-21-548670397-972687484-3496335370-519", "PrincipalType": "Group"}, {"RightName": "GenericWrite", "IsInherited": true, "PrincipalSID": "SEQUEL.HTB-S-1-5-32-544", "PrincipalType": "Group"}, {"RightName": "WriteOwner", "IsInherited": true, "PrincipalSID": "SEQUEL.HTB-S-1-5-32-544", "PrincipalType": "Group"}, {"RightName": "WriteDacl", "IsInherited": true, "PrincipalSID": "SEQUEL.HTB-S-1-5-32-544", "PrincipalType": "Group"}], "IsDeleted": false, "IsACLProtected": false},{"ObjectIdentifier": "SEQUEL.HTB-S-1-5-32-545", "Properties": {"domain": "SEQUEL.HTB", "domainsid": "S-1-5-21-548670397-972687484-3496335370", "highvalue": false, "name": "USERS@SEQUEL.HTB", "distinguishedname": "CN=USERS,CN=BUILTIN,DC=SEQUEL,DC=HTB", "admincount": false, "description": "Users are prevented from making accidental or intentional system-wide changes and can run most applications", "samaccountname": "Users", "whencreated": 1717864790}, "Members": [{"ObjectIdentifier": "S-1-5-21-548670397-972687484-3496335370-513", "ObjectType": "Group"}, {"ObjectIdentifier": "SEQUEL.HTB-S-1-5-11", "ObjectType": "Group"}, {"ObjectIdentifier": "SEQUEL.HTB-S-1-5-4", "ObjectType": "Group"}], "Aces": [{"RightName": "Owns", "IsInherited": false, "PrincipalSID": "SEQUEL.HTB-S-1-5-32-544", "PrincipalType": "Group"}, {"RightName": "GenericAll", "IsInherited": false, "PrincipalSID": "S-1-5-21-548670397-972687484-3496335370-512", "PrincipalType": "Group"}, {"RightName": "GenericAll", "IsInherited": false, "PrincipalSID": "SEQUEL.HTB-S-1-5-32-548", "PrincipalType": "Group"}, {"RightName": "GenericAll", "IsInherited": true, "PrincipalSID": "S-1-5-21-548670397-972687484-3496335370-519", "PrincipalType": "Group"}, {"RightName": "GenericWrite", "IsInherited": true, "PrincipalSID": "SEQUEL.HTB-S-1-5-32-544", "PrincipalType": "Group"}, {"RightName": "WriteOwner", "IsInherited": true, "PrincipalSID": "SEQUEL.HTB-S-1-5-32-544", "PrincipalType": "Group"}, {"RightName": "WriteDacl", "IsInherited": true, "PrincipalSID": "SEQUEL.HTB-S-1-5-32-544", "PrincipalType": "Group"}], "IsDeleted": false, "IsACLProtected": false},{"ObjectIdentifier": "SEQUEL.HTB-S-1-5-32-544", "Properties": {"domain": "SEQUEL.HTB", "domainsid": "S-1-5-21-548670397-972687484-3496335370", "highvalue": true, "name": "ADMINISTRATORS@SEQUEL.HTB", "distinguishedname": "CN=ADMINISTRATORS,CN=BUILTIN,DC=SEQUEL,DC=HTB", "admincount": true, "description": "Administrators have complete and unrestricted access to the computer/domain", "samaccountname": "Administrators", "whencreated": 1717864790}, "Members": [{"ObjectIdentifier": "S-1-5-21-548670397-972687484-3496335370-512", "ObjectType": "Group"}, {"ObjectIdentifier": "S-1-5-21-548670397-972687484-3496335370-519", "ObjectType": "Group"}, {"ObjectIdentifier": "S-1-5-21-548670397-972687484-3496335370-500", "ObjectType": "User"}], "Aces": [{"RightName": "Owns", "IsInherited": false, "PrincipalSID": "S-1-5-21-548670397-972687484-3496335370-512", "PrincipalType": "Group"}, {"RightName": "GenericWrite", "IsInherited": false, "PrincipalSID": "S-1-5-21-548670397-972687484-3496335370-512", "PrincipalType": "Group"}, {"RightName": "WriteOwner", "IsInherited": false, "PrincipalSID": "S-1-5-21-548670397-972687484-3496335370-512", "PrincipalType": "Group"}, {"RightName": "WriteDacl", "IsInherited": false, "PrincipalSID": "S-1-5-21-548670397-972687484-3496335370-512", "PrincipalType": "Group"}, {"RightName": "GenericWrite", "IsInherited": false, "PrincipalSID": "S-1-5-21-548670397-972687484-3496335370-519", "PrincipalType": "Group"}, {"RightName": "WriteOwner", "IsInherited": false, "PrincipalSID": "S-1-5-21-548670397-972687484-3496335370-519", "PrincipalType": "Group"}, {"RightName": "WriteDacl", "IsInherited": false, "PrincipalSID": "S-1-5-21-548670397-972687484-3496335370-519", "PrincipalType": "Group"}, {"RightName": "GenericWrite", "IsInherited": false, "PrincipalSID": "SEQUEL.HTB-S-1-5-32-544", "PrincipalType": "Group"}, {"RightName": "WriteOwner", "IsInherited": false, "PrincipalSID": "SEQUEL.HTB-S-1-5-32-544", "PrincipalType": "Group"}, {"RightName": "WriteDacl", "IsInherited": false, "PrincipalSID": "SEQUEL.HTB-S-1-5-32-544", "PrincipalType": "Group"}], "IsDeleted": false, "IsACLProtected": true},{"IsDeleted": false, "IsACLProtected": false, "ObjectIdentifier": "SEQUEL.HTB-S-1-5-9", "Properties": {"domain": "SEQUEL.HTB", "name": "ENTERPRISE DOMAIN CONTROLLERS@SEQUEL.HTB"}, "Members": [{"ObjectIdentifier": "S-1-5-21-548670397-972687484-3496335370-1000", "ObjectType": "Computer"}], "Aces": []},{"IsDeleted": false, "IsACLProtected": false, "ObjectIdentifier": "SEQUEL.HTB-S-1-1-0", "Properties": {"domain": "SEQUEL.HTB", "domainsid": "S-1-5-21-548670397-972687484-3496335370", "name": "EVERYONE@SEQUEL.HTB"}, "Members": [], "Aces": []},{"IsDeleted": false, "IsACLProtected": false, "ObjectIdentifier": "SEQUEL.HTB-S-1-5-11", "Properties": {"domain": "SEQUEL.HTB", "domainsid": "S-1-5-21-548670397-972687484-3496335370", "name": "AUTHENTICATED USERS@SEQUEL.HTB"}, "Members": [], "Aces": []},{"IsDeleted": false, "IsACLProtected": false, "ObjectIdentifier": "SEQUEL.HTB-S-1-5-4", "Properties": {"domain": "SEQUEL.HTB", "domainsid": "S-1-5-21-548670397-972687484-3496335370", "name": "INTERACTIVE@SEQUEL.HTB"}, "Members": [], "Aces": []}],"meta":{"methods":0,"type":"groups","count":59, "version":5}}