{"data":[{"ObjectIdentifier": "EF597EAF-1DBB-4FAB-9FF0-AB35E2915235", "Properties": {"domain": "SEQUEL.HTB", "name": "DEFAULT DOMAIN CONTROLLERS POLICY@SEQUEL.HTB", "distinguishedname": "CN={6AC1786C-016F-11D2-945F-00C04FB984F9},CN=POLICIES,CN=SYSTEM,DC=SEQUEL,DC=HTB", "domainsid": "S-1-5-21-548670397-972687484-3496335370", "highvalue": false, "gpcpath": "\\\\SEQUEL.HTB\\SYSVOL\\SEQUEL.HTB\\POLICIES\\{6AC1786C-016F-11D2-945F-00C04FB984F9}", "description": "", "whencreated": 1717864790}, "IsDeleted": false, "IsACLProtected": true, "Aces": [{"RightName": "Owns", "IsInherited": false, "PrincipalSID": "S-1-5-21-548670397-972687484-3496335370-512", "PrincipalType": "Group"}, {"RightName": "GenericWrite", "IsInherited": false, "PrincipalSID": "S-1-5-21-548670397-972687484-3496335370-512", "PrincipalType": "Group"}, {"RightName": "WriteOwner", "IsInherited": false, "PrincipalSID": "S-1-5-21-548670397-972687484-3496335370-512", "PrincipalType": "Group"}, {"RightName": "WriteDacl", "IsInherited": false, "PrincipalSID": "S-1-5-21-548670397-972687484-3496335370-512", "PrincipalType": "Group"}, {"RightName": "GenericWrite", "IsInherited": false, "PrincipalSID": "S-1-5-21-548670397-972687484-3496335370-519", "PrincipalType": "Group"}, {"RightName": "WriteOwner", "IsInherited": false, "PrincipalSID": "S-1-5-21-548670397-972687484-3496335370-519", "PrincipalType": "Group"}, {"RightName": "WriteDacl", "IsInherited": false, "PrincipalSID": "S-1-5-21-548670397-972687484-3496335370-519", "PrincipalType": "Group"}, {"RightName": "GenericWrite", "IsInherited": false, "PrincipalSID": "S-1-5-21-548670397-972687484-3496335370-512", "PrincipalType": "Group"}, {"RightName": "WriteOwner", "IsInherited": false, "PrincipalSID": "S-1-5-21-548670397-972687484-3496335370-512", "PrincipalType": "Group"}, {"RightName": "WriteDacl", "IsInherited": false, "PrincipalSID": "S-1-5-21-548670397-972687484-3496335370-512", "PrincipalType": "Group"}]},{"ObjectIdentifier": "60A96E07-2CDF-44B8-9147-F0E33B77649D", "Properties": {"domain": "SEQUEL.HTB", "name": "DEFAULT DOMAIN POLICY@SEQUEL.HTB", "distinguishedname": "CN={31B2F340-016D-11D2-945F-00C04FB984F9},CN=POLICIES,CN=SYSTEM,DC=SEQUEL,DC=HTB", "domainsid": "S-1-5-21-548670397-972687484-3496335370", "highvalue": false, "gpcpath": "\\\\SEQUEL.HTB\\SYSVOL\\SEQUEL.HTB\\POLICIES\\{31B2F340-016D-11D2-945F-00C04FB984F9}", "description": "", "whencreated": 1717864790}, "IsDeleted": false, "IsACLProtected": true, "Aces": [{"RightName": "Owns", "IsInherited": false, "PrincipalSID": "S-1-5-21-548670397-972687484-3496335370-512", "PrincipalType": "Group"}, {"RightName": "GenericWrite", "IsInherited": false, "PrincipalSID": "S-1-5-21-548670397-972687484-3496335370-512", "PrincipalType": "Group"}, {"RightName": "WriteOwner", "IsInherited": false, "PrincipalSID": "S-1-5-21-548670397-972687484-3496335370-512", "PrincipalType": "Group"}, {"RightName": "WriteDacl", "IsInherited": false, "PrincipalSID": "S-1-5-21-548670397-972687484-3496335370-512", "PrincipalType": "Group"}, {"RightName": "GenericWrite", "IsInherited": false, "PrincipalSID": "S-1-5-21-548670397-972687484-3496335370-519", "PrincipalType": "Group"}, {"RightName": "WriteOwner", "IsInherited": false, "PrincipalSID": "S-1-5-21-548670397-972687484-3496335370-519", "PrincipalType": "Group"}, {"RightName": "WriteDacl", "IsInherited": false, "PrincipalSID": "S-1-5-21-548670397-972687484-3496335370-519", "PrincipalType": "Group"}, {"RightName": "GenericWrite", "IsInherited": false, "PrincipalSID": "S-1-5-21-548670397-972687484-3496335370-512", "PrincipalType": "Group"}, {"RightName": "WriteOwner", "IsInherited": false, "PrincipalSID": "S-1-5-21-548670397-972687484-3496335370-512", "PrincipalType": "Group"}, {"RightName": "WriteDacl", "IsInherited": false, "PrincipalSID": "S-1-5-21-548670397-972687484-3496335370-512", "PrincipalType": "Group"}]}],"meta":{"methods":0,"type":"gpos","count":2, "version":5}}