{"data":[{"ObjectIdentifier": "S-1-5-21-729746778-2675978091-3820388244-1000", "AllowedToAct": [], "PrimaryGroupSID": "S-1-5-21-729746778-2675978091-3820388244-516", "LocalAdmins": {"Collected": true, "FailureReason": null, "Results": [{"ObjectIdentifier": "S-1-5-21-729746778-2675978091-3820388244-500", "ObjectType": "User"}, {"ObjectIdentifier": "S-1-5-21-729746778-2675978091-3820388244-519", "ObjectType": "Group"}, {"ObjectIdentifier": "S-1-5-21-729746778-2675978091-3820388244-512", "ObjectType": "Group"}]}, "PSRemoteUsers": {"Collected": true, "FailureReason": null, "Results": [{"ObjectIdentifier": "S-1-5-21-729746778-2675978091-3820388244-1105", "ObjectType": "User"}]}, "Properties": {"name": "DC01.CERTIFIED.HTB", "domainsid": "S-1-5-21-729746778-2675978091-3820388244", "domain": "CERTIFIED.HTB", "distinguishedname": "CN=DC01,OU=DOMAIN CONTROLLERS,DC=CERTIFIED,DC=HTB", "unconstraineddelegation": true, "enabled": true, "trustedtoauth": false, "samaccountname": "DC01$", "haslaps": false, "lastlogon": 1741267560, "lastlogontimestamp": 1741229053, "pwdlastset": 1729030876, "whencreated": 1715612571, "serviceprincipalnames": ["Dfsr-12F9A27C-BF97-4787-9364-D31B6C55EB04/DC01.certified.htb", "ldap/DC01.certified.htb/ForestDnsZones.certified.htb", "ldap/DC01.certified.htb/DomainDnsZones.certified.htb", "DNS/DC01.certified.htb", "GC/DC01.certified.htb/certified.htb", "RestrictedKrbHost/DC01.certified.htb", "RestrictedKrbHost/DC01", "RPC/7c3817e9-292c-4832-91ca-f0d7137fa942._msdcs.certified.htb", "HOST/DC01/CERTIFIED", "HOST/DC01.certified.htb/CERTIFIED", "HOST/DC01", "HOST/DC01.certified.htb", "HOST/DC01.certified.htb/certified.htb", "E3514235-4B06-11D1-AB04-00C04FC2DCD2/7c3817e9-292c-4832-91ca-f0d7137fa942/certified.htb", "ldap/DC01/CERTIFIED", "ldap/7c3817e9-292c-4832-91ca-f0d7137fa942._msdcs.certified.htb", "ldap/DC01.certified.htb/CERTIFIED", "ldap/DC01", "ldap/DC01.certified.htb", "ldap/DC01.certified.htb/certified.htb"], "description": null, "operatingsystem": "Windows Server 2019 Standard", "sidhistory": []}, "RemoteDesktopUsers": {"Collected": true, "FailureReason": null, "Results": []}, "DcomUsers": {"Collected": true, "FailureReason": null, "Results": []}, "AllowedToDelegate": [], "Sessions": {"Collected": true, "FailureReason": null, "Results": []}, "PrivilegedSessions": {"Collected": false, "FailureReason": null, "Results": []}, "RegistrySessions": {"Collected": false, "FailureReason": null, "Results": []}, "Aces": [{"RightName": "Owns", "IsInherited": false, "PrincipalSID": "S-1-5-21-729746778-2675978091-3820388244-512", "PrincipalType": "Group"}, {"RightName": "GenericAll", "IsInherited": false, "PrincipalSID": "S-1-5-21-729746778-2675978091-3820388244-512", "PrincipalType": "Group"}, {"RightName": "AddKeyCredentialLink", "IsInherited": true, "PrincipalSID": "S-1-5-21-729746778-2675978091-3820388244-526", "PrincipalType": "Group"}, {"RightName": "AddKeyCredentialLink", "IsInherited": true, "PrincipalSID": "S-1-5-21-729746778-2675978091-3820388244-527", "PrincipalType": "Group"}, {"RightName": "GenericAll", "IsInherited": true, "PrincipalSID": "S-1-5-21-729746778-2675978091-3820388244-519", "PrincipalType": "Group"}, {"RightName": "GenericWrite", "IsInherited": true, "PrincipalSID": "CERTIFIED.HTB-S-1-5-32-544", "PrincipalType": "Group"}, {"RightName": "WriteOwner", "IsInherited": true, "PrincipalSID": "CERTIFIED.HTB-S-1-5-32-544", "PrincipalType": "Group"}, {"RightName": "WriteDacl", "IsInherited": true, "PrincipalSID": "CERTIFIED.HTB-S-1-5-32-544", "PrincipalType": "Group"}], "HasSIDHistory": [], "IsDeleted": false, "Status": null, "IsACLProtected": false}],"meta":{"methods":0,"type":"computers","count":1, "version":5}}