{"data":[{"ObjectIdentifier": "3EA221B4-ACFA-48D8-AD2E-6A81414781F2", "Properties": {"domain": "CERTIFIED.HTB", "name": "DEFAULT DOMAIN CONTROLLERS POLICY@CERTIFIED.HTB", "distinguishedname": "CN={6AC1786C-016F-11D2-945F-00C04FB984F9},CN=POLICIES,CN=SYSTEM,DC=CERTIFIED,DC=HTB", "domainsid": "S-1-5-21-729746778-2675978091-3820388244", "highvalue": false, "gpcpath": "\\\\CERTIFIED.HTB\\SYSVOL\\CERTIFIED.HTB\\POLICIES\\{6AC1786C-016F-11D2-945F-00C04FB984F9}", "description": "", "whencreated": 1715612537}, "IsDeleted": false, "IsACLProtected": true, "Aces": [{"RightName": "Owns", "IsInherited": false, "PrincipalSID": "S-1-5-21-729746778-2675978091-3820388244-512", "PrincipalType": "Group"}, {"RightName": "GenericWrite", "IsInherited": false, "PrincipalSID": "S-1-5-21-729746778-2675978091-3820388244-512", "PrincipalType": "Group"}, {"RightName": "WriteOwner", "IsInherited": false, "PrincipalSID": "S-1-5-21-729746778-2675978091-3820388244-512", "PrincipalType": "Group"}, {"RightName": "WriteDacl", "IsInherited": false, "PrincipalSID": "S-1-5-21-729746778-2675978091-3820388244-512", "PrincipalType": "Group"}, {"RightName": "GenericWrite", "IsInherited": false, "PrincipalSID": "S-1-5-21-729746778-2675978091-3820388244-519", "PrincipalType": "Group"}, {"RightName": "WriteOwner", "IsInherited": false, "PrincipalSID": "S-1-5-21-729746778-2675978091-3820388244-519", "PrincipalType": "Group"}, {"RightName": "WriteDacl", "IsInherited": false, "PrincipalSID": "S-1-5-21-729746778-2675978091-3820388244-519", "PrincipalType": "Group"}, {"RightName": "GenericWrite", "IsInherited": false, "PrincipalSID": "S-1-5-21-729746778-2675978091-3820388244-512", "PrincipalType": "Group"}, {"RightName": "WriteOwner", "IsInherited": false, "PrincipalSID": "S-1-5-21-729746778-2675978091-3820388244-512", "PrincipalType": "Group"}, {"RightName": "WriteDacl", "IsInherited": false, "PrincipalSID": "S-1-5-21-729746778-2675978091-3820388244-512", "PrincipalType": "Group"}]},{"ObjectIdentifier": "E0539229-2A3D-4AB5-85C7-3D5DF1033CB3", "Properties": {"domain": "CERTIFIED.HTB", "name": "DEFAULT DOMAIN POLICY@CERTIFIED.HTB", "distinguishedname": "CN={31B2F340-016D-11D2-945F-00C04FB984F9},CN=POLICIES,CN=SYSTEM,DC=CERTIFIED,DC=HTB", "domainsid": "S-1-5-21-729746778-2675978091-3820388244", "highvalue": false, "gpcpath": "\\\\CERTIFIED.HTB\\SYSVOL\\CERTIFIED.HTB\\POLICIES\\{31B2F340-016D-11D2-945F-00C04FB984F9}", "description": "", "whencreated": 1715612537}, "IsDeleted": false, "IsACLProtected": true, "Aces": [{"RightName": "Owns", "IsInherited": false, "PrincipalSID": "S-1-5-21-729746778-2675978091-3820388244-512", "PrincipalType": "Group"}, {"RightName": "GenericWrite", "IsInherited": false, "PrincipalSID": "S-1-5-21-729746778-2675978091-3820388244-512", "PrincipalType": "Group"}, {"RightName": "WriteOwner", "IsInherited": false, "PrincipalSID": "S-1-5-21-729746778-2675978091-3820388244-512", "PrincipalType": "Group"}, {"RightName": "WriteDacl", "IsInherited": false, "PrincipalSID": "S-1-5-21-729746778-2675978091-3820388244-512", "PrincipalType": "Group"}, {"RightName": "GenericWrite", "IsInherited": false, "PrincipalSID": "S-1-5-21-729746778-2675978091-3820388244-519", "PrincipalType": "Group"}, {"RightName": "WriteOwner", "IsInherited": false, "PrincipalSID": "S-1-5-21-729746778-2675978091-3820388244-519", "PrincipalType": "Group"}, {"RightName": "WriteDacl", "IsInherited": false, "PrincipalSID": "S-1-5-21-729746778-2675978091-3820388244-519", "PrincipalType": "Group"}, {"RightName": "GenericWrite", "IsInherited": false, "PrincipalSID": "S-1-5-21-729746778-2675978091-3820388244-512", "PrincipalType": "Group"}, {"RightName": "WriteOwner", "IsInherited": false, "PrincipalSID": "S-1-5-21-729746778-2675978091-3820388244-512", "PrincipalType": "Group"}, {"RightName": "WriteDacl", "IsInherited": false, "PrincipalSID": "S-1-5-21-729746778-2675978091-3820388244-512", "PrincipalType": "Group"}]}],"meta":{"methods":0,"type":"gpos","count":2, "version":5}}