{"data":[{"ObjectIdentifier": "4DA1A334-2F29-4057-8D01-D0E1A996B65B", "Properties": {"domain": "CERTIFIED.HTB", "name": "DOMAIN CONTROLLERS@CERTIFIED.HTB", "distinguishedname": "OU=DOMAIN CONTROLLERS,DC=CERTIFIED,DC=HTB", "domainsid": "S-1-5-21-729746778-2675978091-3820388244", "highvalue": false, "blocksinheritance": false, "description": "Default container for domain controllers", "whencreated": 1715612538}, "IsDeleted": false, "IsACLProtected": false, "Aces": [{"RightName": "Owns", "IsInherited": false, "PrincipalSID": "S-1-5-21-729746778-2675978091-3820388244-512", "PrincipalType": "Group"}, {"RightName": "GenericWrite", "IsInherited": false, "PrincipalSID": "S-1-5-21-729746778-2675978091-3820388244-512", "PrincipalType": "Group"}, {"RightName": "WriteOwner", "IsInherited": false, "PrincipalSID": "S-1-5-21-729746778-2675978091-3820388244-512", "PrincipalType": "Group"}, {"RightName": "WriteDacl", "IsInherited": false, "PrincipalSID": "S-1-5-21-729746778-2675978091-3820388244-512", "PrincipalType": "Group"}, {"RightName": "GenericAll", "IsInherited": true, "PrincipalSID": "S-1-5-21-729746778-2675978091-3820388244-519", "PrincipalType": "Group"}, {"RightName": "GenericWrite", "IsInherited": true, "PrincipalSID": "CERTIFIED.HTB-S-1-5-32-544", "PrincipalType": "Group"}, {"RightName": "WriteOwner", "IsInherited": true, "PrincipalSID": "CERTIFIED.HTB-S-1-5-32-544", "PrincipalType": "Group"}, {"RightName": "WriteDacl", "IsInherited": true, "PrincipalSID": "CERTIFIED.HTB-S-1-5-32-544", "PrincipalType": "Group"}], "Links": [{"IsEnforced": false, "GUID": "3EA221B4-ACFA-48D8-AD2E-6A81414781F2"}], "ChildObjects": [{"ObjectIdentifier": "S-1-5-21-729746778-2675978091-3820388244-1000", "ObjectType": "Computer"}], "GPOChanges": {"AffectedComputers": [], "DcomUsers": [], "LocalAdmins": [], "PSRemoteUsers": [], "RemoteDesktopUsers": []}}],"meta":{"methods":0,"type":"ous","count":1, "version":5}}