{"data": [{"ObjectIdentifier": "S-1-5-21-729746778-2675978091-3820388244", "Properties": {"name": "CERTIFIED.HTB", "domain": "CERTIFIED.HTB", "domainsid": "S-1-5-21-729746778-2675978091-3820388244", "distinguishedname": "DC=CERTIFIED,DC=HTB", "description": "", "functionallevel": "2016", "highvalue": true, "whencreated": 1715612534}, "Trusts": [], "Aces": [{"RightName": "Owns", "IsInherited": false, "PrincipalSID": "CERTIFIED.HTB-S-1-5-32-544", "PrincipalType": "Group"}, {"RightName": "GetChanges", "IsInherited": false, "PrincipalSID": "S-1-5-21-729746778-2675978091-3820388244-498", "PrincipalType": "Group"}, {"RightName": "GetChangesAll", "IsInherited": false, "PrincipalSID": "S-1-5-21-729746778-2675978091-3820388244-516", "PrincipalType": "Group"}, {"RightName": "GetChangesInFilteredSet", "IsInherited": false, "PrincipalSID": "CERTIFIED.HTB-S-1-5-32-544", "PrincipalType": "Group"}, {"RightName": "GetChanges", "IsInherited": false, "PrincipalSID": "CERTIFIED.HTB-S-1-5-32-544", "PrincipalType": "Group"}, {"RightName": "GetChangesAll", "IsInherited": false, "PrincipalSID": "CERTIFIED.HTB-S-1-5-32-544", "PrincipalType": "Group"}, {"RightName": "GetChangesInFilteredSet", "IsInherited": false, "PrincipalSID": "CERTIFIED.HTB-S-1-5-9", "PrincipalType": "Group"}, {"RightName": "GetChanges", "IsInherited": false, "PrincipalSID": "CERTIFIED.HTB-S-1-5-9", "PrincipalType": "Group"}, {"RightName": "WriteOwner", "IsInherited": false, "PrincipalSID": "S-1-5-21-729746778-2675978091-3820388244-512", "PrincipalType": "Group"}, {"RightName": "AllExtendedRights", "IsInherited": false, "PrincipalSID": "S-1-5-21-729746778-2675978091-3820388244-512", "PrincipalType": "Group"}, {"RightName": "WriteDacl", "IsInherited": false, "PrincipalSID": "S-1-5-21-729746778-2675978091-3820388244-512", "PrincipalType": "Group"}, {"RightName": "GenericAll", "IsInherited": false, "PrincipalSID": "S-1-5-21-729746778-2675978091-3820388244-519", "PrincipalType": "Group"}, {"RightName": "WriteOwner", "IsInherited": false, "PrincipalSID": "CERTIFIED.HTB-S-1-5-32-544", "PrincipalType": "Group"}, {"RightName": "AllExtendedRights", "IsInherited": false, "PrincipalSID": "CERTIFIED.HTB-S-1-5-32-544", "PrincipalType": "Group"}, {"RightName": "WriteDacl", "IsInherited": false, "PrincipalSID": "CERTIFIED.HTB-S-1-5-32-544", "PrincipalType": "Group"}], "Links": [{"IsEnforced": false, "GUID": "E0539229-2A3D-4AB5-85C7-3D5DF1033CB3"}], "ChildObjects": [{"ObjectIdentifier": "6D1112BB-D127-460B-B288-76AAA9E14892", "ObjectType": "Container"}, {"ObjectIdentifier": "A38BE554-F9A3-428D-84CC-C3CCCAAA343C", "ObjectType": "Container"}, {"ObjectIdentifier": "38A79EE7-4002-44EB-8FE2-61DABCC843EC", "ObjectType": "Container"}, {"ObjectIdentifier": "4DA1A334-2F29-4057-8D01-D0E1A996B65B", "ObjectType": "OU"}, {"ObjectIdentifier": "EF61C98D-5351-4401-AE04-DFC8B861E23D", "ObjectType": "Container"}], "GPOChanges": {"AffectedComputers": [], "DcomUsers": [], "LocalAdmins": [], "PSRemoteUsers": [], "RemoteDesktopUsers": []}, "IsDeleted": false, "IsACLProtected": false}], "meta": {"type": "domains", "count": 1, "version": 5}}