{"data":[{"ObjectIdentifier": "S-1-5-21-1392491010-1358638721-2126982587-1000", "AllowedToAct": [], "PrimaryGroupSID": "S-1-5-21-1392491010-1358638721-2126982587-516", "LocalAdmins": {"Collected": true, "FailureReason": null, "Results": [{"ObjectIdentifier": "S-1-5-21-1392491010-1358638721-2126982587-500", "ObjectType": "User"}, {"ObjectIdentifier": "S-1-5-21-1392491010-1358638721-2126982587-519", "ObjectType": "Group"}, {"ObjectIdentifier": "S-1-5-21-1392491010-1358638721-2126982587-512", "ObjectType": "Group"}]}, "PSRemoteUsers": {"Collected": true, "FailureReason": null, "Results": [{"ObjectIdentifier": "S-1-5-21-1392491010-1358638721-2126982587-1106", "ObjectType": "User"}]}, "Properties": {"name": "DC01.TOMBWATCHER.HTB", "domainsid": "S-1-5-21-1392491010-1358638721-2126982587", "domain": "TOMBWATCHER.HTB", "distinguishedname": "CN=DC01,OU=DOMAIN CONTROLLERS,DC=TOMBWATCHER,DC=HTB", "unconstraineddelegation": true, "enabled": true, "trustedtoauth": false, "samaccountname": "DC01$", "haslaps": false, "lastlogon": 1749443257, "lastlogontimestamp": 1749064660, "pwdlastset": 1749064649, "whencreated": 1731715348, "serviceprincipalnames": ["Dfsr-12F9A27C-BF97-4787-9364-D31B6C55EB04/DC01.tombwatcher.htb", "ldap/DC01.tombwatcher.htb/ForestDnsZones.tombwatcher.htb", "ldap/DC01.tombwatcher.htb/DomainDnsZones.tombwatcher.htb", "DNS/DC01.tombwatcher.htb", "GC/DC01.tombwatcher.htb/tombwatcher.htb", "RestrictedKrbHost/DC01.tombwatcher.htb", "RestrictedKrbHost/DC01", "RPC/da096012-36b8-4007-9cf2-dc466c8236f0._msdcs.tombwatcher.htb", "HOST/DC01/TOMBWATCHER", "HOST/DC01.tombwatcher.htb/TOMBWATCHER", "HOST/DC01", "HOST/DC01.tombwatcher.htb", "HOST/DC01.tombwatcher.htb/tombwatcher.htb", "E3514235-4B06-11D1-AB04-00C04FC2DCD2/da096012-36b8-4007-9cf2-dc466c8236f0/tombwatcher.htb", "ldap/DC01/TOMBWATCHER", "ldap/da096012-36b8-4007-9cf2-dc466c8236f0._msdcs.tombwatcher.htb", "ldap/DC01.tombwatcher.htb/TOMBWATCHER", "ldap/DC01", "ldap/DC01.tombwatcher.htb", "ldap/DC01.tombwatcher.htb/tombwatcher.htb"], "description": null, "operatingsystem": "Windows Server 2019 Standard", "sidhistory": []}, "RemoteDesktopUsers": {"Collected": true, "FailureReason": null, "Results": []}, "DcomUsers": {"Collected": true, "FailureReason": null, "Results": []}, "AllowedToDelegate": [], "Sessions": {"Collected": true, "FailureReason": null, "Results": []}, "PrivilegedSessions": {"Collected": false, "FailureReason": null, "Results": []}, "RegistrySessions": {"Collected": false, "FailureReason": null, "Results": []}, "Aces": [{"RightName": "Owns", "IsInherited": false, "PrincipalSID": "S-1-5-21-1392491010-1358638721-2126982587-512", "PrincipalType": "Group"}, {"RightName": "GenericAll", "IsInherited": false, "PrincipalSID": "S-1-5-21-1392491010-1358638721-2126982587-512", "PrincipalType": "Group"}, {"RightName": "AddKeyCredentialLink", "IsInherited": true, "PrincipalSID": "S-1-5-21-1392491010-1358638721-2126982587-526", "PrincipalType": "Group"}, {"RightName": "AddKeyCredentialLink", "IsInherited": true, "PrincipalSID": "S-1-5-21-1392491010-1358638721-2126982587-527", "PrincipalType": "Group"}, {"RightName": "GenericAll", "IsInherited": true, "PrincipalSID": "S-1-5-21-1392491010-1358638721-2126982587-519", "PrincipalType": "Group"}, {"RightName": "GenericWrite", "IsInherited": true, "PrincipalSID": "TOMBWATCHER.HTB-S-1-5-32-544", "PrincipalType": "Group"}, {"RightName": "WriteOwner", "IsInherited": true, "PrincipalSID": "TOMBWATCHER.HTB-S-1-5-32-544", "PrincipalType": "Group"}, {"RightName": "WriteDacl", "IsInherited": true, "PrincipalSID": "TOMBWATCHER.HTB-S-1-5-32-544", "PrincipalType": "Group"}], "HasSIDHistory": [], "IsDeleted": false, "Status": null, "IsACLProtected": false}],"meta":{"methods":0,"type":"computers","count":1, "version":5}}