{"data": [{"Properties": {"name": "CERTIFIEDAUTHENTICATION@CERTIFIED.HTB", "highvalue": false, "Template Name": "CertifiedAuthentication", "Display Name": "Certified Authentication", "Certificate Authorities": ["certified-DC01-CA"], "Enabled": true, "Client Authentication": true, "Enrollment Agent": false, "Any Purpose": false, "Enrollee Supplies Subject": false, "Certificate Name Flag": ["SubjectRequireDirectoryPath", "SubjectAltRequireUpn"], "Enrollment Flag": ["NoSecurityExtension", "AutoEnrollment", "PublishToDs"], "Private Key Flag": ["16842752"], "Extended Key Usage": ["Server Authentication", "Client Authentication"], "Requires Manager Approval": false, "Requires Key Archival": false, "Authorized Signatures Required": 0, "Validity Period": "1000 years", "Renewal Period": "6 weeks", "Minimum RSA Key Length": 2048, "domain": "CERTIFIED.HTB"}, "ObjectIdentifier": "29381994-d364-4f66-b8b3-6a66c5189ad4", "Aces": [{"PrincipalSID": "S-1-5-21-729746778-2675978091-3820388244-500", "PrincipalType": "User", "RightName": "Owns", "IsInherited": false}, {"PrincipalSID": "S-1-5-21-729746778-2675978091-3820388244-1106", "PrincipalType": "User", "RightName": "Enroll", "IsInherited": false}, {"PrincipalSID": "S-1-5-21-729746778-2675978091-3820388244-1106", "PrincipalType": "User", "RightName": "AutoEnroll", "IsInherited": false}, {"PrincipalSID": "S-1-5-21-729746778-2675978091-3820388244-512", "PrincipalType": "Group", "RightName": "WriteOwner", "IsInherited": false}, {"PrincipalSID": "S-1-5-21-729746778-2675978091-3820388244-512", "PrincipalType": "Group", "RightName": "WriteDacl", "IsInherited": false}, {"PrincipalSID": "S-1-5-21-729746778-2675978091-3820388244-512", "PrincipalType": "Group", "RightName": "WriteProperty", "IsInherited": false}, {"PrincipalSID": "S-1-5-21-729746778-2675978091-3820388244-512", "PrincipalType": "Group", "RightName": "Enroll", "IsInherited": false}, {"PrincipalSID": "S-1-5-21-729746778-2675978091-3820388244-519", "PrincipalType": "Group", "RightName": "WriteOwner", "IsInherited": false}, {"PrincipalSID": "S-1-5-21-729746778-2675978091-3820388244-519", "PrincipalType": "Group", "RightName": "WriteDacl", "IsInherited": false}, {"PrincipalSID": "S-1-5-21-729746778-2675978091-3820388244-519", "PrincipalType": "Group", "RightName": "WriteProperty", "IsInherited": false}, {"PrincipalSID": "S-1-5-21-729746778-2675978091-3820388244-519", "PrincipalType": "Group", "RightName": "Enroll", "IsInherited": false}, {"PrincipalSID": "S-1-5-21-729746778-2675978091-3820388244-500", "PrincipalType": "User", "RightName": "WriteOwner", "IsInherited": false}, {"PrincipalSID": "S-1-5-21-729746778-2675978091-3820388244-500", "PrincipalType": "User", "RightName": "WriteDacl", "IsInherited": false}, {"PrincipalSID": "S-1-5-21-729746778-2675978091-3820388244-500", "PrincipalType": "User", "RightName": "WriteProperty", "IsInherited": false}], "cas_ids": ["462c3986-0732-4554-819c-c3d21506cb0c"]}, {"Properties": {"name": "KERBEROSAUTHENTICATION@CERTIFIED.HTB", "highvalue": false, "Template Name": "KerberosAuthentication", "Display Name": "Kerberos Authentication", "Certificate Authorities": ["certified-DC01-CA"], "Enabled": true, "Client Authentication": true, "Enrollment Agent": false, "Any Purpose": false, "Enrollee Supplies Subject": false, "Certificate Name Flag": ["SubjectAltRequireDns", "SubjectAltRequireDomainDns"], "Enrollment Flag": ["AutoEnrollment"], "Private Key Flag": ["AttestNone"], "Extended Key Usage": ["Client Authentication", "Server Authentication", "Smart Card Logon", "KDC Authentication"], "Requires Manager Approval": false, "Requires Key Archival": false, "Authorized Signatures Required": 0, "Validity Period": "1 year", "Renewal Period": "6 weeks", "Minimum RSA Key Length": 2048, "domain": "CERTIFIED.HTB"}, "ObjectIdentifier": "f478a582-89cb-4327-bc97-4f291f42756f", "Aces": [{"PrincipalSID": "S-1-5-21-729746778-2675978091-3820388244-519", "PrincipalType": "Group", "RightName": "Owns", "IsInherited": false}, {"PrincipalSID": "S-1-5-21-729746778-2675978091-3820388244-498", "PrincipalType": "Group", "RightName": "Enroll", "IsInherited": false}, {"PrincipalSID": "S-1-5-21-729746778-2675978091-3820388244-498", "PrincipalType": "Group", "RightName": "AutoEnroll", "IsInherited": false}, {"PrincipalSID": "S-1-5-21-729746778-2675978091-3820388244-512", "PrincipalType": "Group", "RightName": "WriteOwner", "IsInherited": false}, {"PrincipalSID": "S-1-5-21-729746778-2675978091-3820388244-512", "PrincipalType": "Group", "RightName": "WriteDacl", "IsInherited": false}, {"PrincipalSID": "S-1-5-21-729746778-2675978091-3820388244-512", "PrincipalType": "Group", "RightName": "WriteProperty", "IsInherited": false}, {"PrincipalSID": "S-1-5-21-729746778-2675978091-3820388244-512", "PrincipalType": "Group", "RightName": "Enroll", "IsInherited": false}, {"PrincipalSID": "S-1-5-21-729746778-2675978091-3820388244-516", "PrincipalType": "Group", "RightName": "Enroll", "IsInherited": false}, {"PrincipalSID": "S-1-5-21-729746778-2675978091-3820388244-516", "PrincipalType": "Group", "RightName": "AutoEnroll", "IsInherited": false}, {"PrincipalSID": "S-1-5-21-729746778-2675978091-3820388244-519", "PrincipalType": "Group", "RightName": "WriteOwner", "IsInherited": false}, {"PrincipalSID": "S-1-5-21-729746778-2675978091-3820388244-519", "PrincipalType": "Group", "RightName": "WriteDacl", "IsInherited": false}, {"PrincipalSID": "S-1-5-21-729746778-2675978091-3820388244-519", "PrincipalType": "Group", "RightName": "WriteProperty", "IsInherited": false}, {"PrincipalSID": "S-1-5-21-729746778-2675978091-3820388244-519", "PrincipalType": "Group", "RightName": "Enroll", "IsInherited": false}, {"PrincipalSID": "CERTIFIED.HTB-S-1-5-9", "PrincipalType": "Group", "RightName": "Enroll", "IsInherited": false}, {"PrincipalSID": "CERTIFIED.HTB-S-1-5-9", "PrincipalType": "Group", "RightName": "AutoEnroll", "IsInherited": false}], "cas_ids": ["462c3986-0732-4554-819c-c3d21506cb0c"]}, {"Properties": {"name": "OCSPRESPONSESIGNING@CERTIFIED.HTB", "highvalue": false, "Template Name": "OCSPResponseSigning", "Display Name": "OCSP Response Signing", "Enabled": false, "Client Authentication": false, "Enrollment Agent": false, "Any Purpose": false, "Enrollee Supplies Subject": false, "Certificate Name Flag": ["SubjectRequireDnsAsCn", "SubjectAltRequireDns"], "Enrollment Flag": ["Norevocationinfoinissuedcerts", "AddOcspNocheck"], "Private Key Flag": ["AttestNone"], "Extended Key Usage": ["OCSP Signing"], "Requires Manager Approval": false, "Requires Key Archival": false, "Authorized Signatures Required": 0, "Validity Period": "2 weeks", "Renewal Period": "2 days", "Minimum RSA Key Length": 2048, "domain": "CERTIFIED.HTB"}, "ObjectIdentifier": "7e87d517-4b62-4797-990d-fde765708991", "Aces": [{"PrincipalSID": "S-1-5-21-729746778-2675978091-3820388244-519", "PrincipalType": "Group", "RightName": "Owns", "IsInherited": false}, {"PrincipalSID": "S-1-5-21-729746778-2675978091-3820388244-512", "PrincipalType": "Group", "RightName": "WriteOwner", "IsInherited": false}, {"PrincipalSID": "S-1-5-21-729746778-2675978091-3820388244-512", "PrincipalType": "Group", "RightName": "WriteDacl", "IsInherited": false}, {"PrincipalSID": "S-1-5-21-729746778-2675978091-3820388244-512", "PrincipalType": "Group", "RightName": "WriteProperty", "IsInherited": false}, {"PrincipalSID": "S-1-5-21-729746778-2675978091-3820388244-512", "PrincipalType": "Group", "RightName": "Enroll", "IsInherited": false}, {"PrincipalSID": "S-1-5-21-729746778-2675978091-3820388244-519", "PrincipalType": "Group", "RightName": "WriteOwner", "IsInherited": false}, {"PrincipalSID": "S-1-5-21-729746778-2675978091-3820388244-519", "PrincipalType": "Group", "RightName": "WriteDacl", "IsInherited": false}, {"PrincipalSID": "S-1-5-21-729746778-2675978091-3820388244-519", "PrincipalType": "Group", "RightName": "WriteProperty", "IsInherited": false}, {"PrincipalSID": "S-1-5-21-729746778-2675978091-3820388244-519", "PrincipalType": "Group", "RightName": "Enroll", "IsInherited": false}], "cas_ids": null}, {"Properties": {"name": "RASANDIASSERVER@CERTIFIED.HTB", "highvalue": false, "Template Name": "RASAndIASServer", "Display Name": "RAS and IAS Server", "Enabled": false, "Client Authentication": true, "Enrollment Agent": false, "Any Purpose": false, "Enrollee Supplies Subject": false, "Certificate Name Flag": ["SubjectRequireCommonName", "SubjectAltRequireDns"], "Enrollment Flag": ["AutoEnrollment"], "Private Key Flag": ["AttestNone"], "Extended Key Usage": ["Client Authentication", "Server Authentication"], "Requires Manager Approval": false, "Requires Key Archival": false, "Authorized Signatures Required": 0, "Validity Period": "1 year", "Renewal Period": "6 weeks", "Minimum RSA Key Length": 2048, "domain": "CERTIFIED.HTB"}, "ObjectIdentifier": "3d13fd2d-2354-40d1-9405-4155d1107075", "Aces": [{"PrincipalSID": "S-1-5-21-729746778-2675978091-3820388244-519", "PrincipalType": "Group", "RightName": "Owns", "IsInherited": false}, {"PrincipalSID": "S-1-5-21-729746778-2675978091-3820388244-512", "PrincipalType": "Group", "RightName": "WriteOwner", "IsInherited": false}, {"PrincipalSID": "S-1-5-21-729746778-2675978091-3820388244-512", "PrincipalType": "Group", "RightName": "WriteDacl", "IsInherited": false}, {"PrincipalSID": "S-1-5-21-729746778-2675978091-3820388244-512", "PrincipalType": "Group", "RightName": "WriteProperty", "IsInherited": false}, {"PrincipalSID": "S-1-5-21-729746778-2675978091-3820388244-512", "PrincipalType": "Group", "RightName": "Enroll", "IsInherited": false}, {"PrincipalSID": "S-1-5-21-729746778-2675978091-3820388244-519", "PrincipalType": "Group", "RightName": "WriteOwner", "IsInherited": false}, {"PrincipalSID": "S-1-5-21-729746778-2675978091-3820388244-519", "PrincipalType": "Group", "RightName": "WriteDacl", "IsInherited": false}, {"PrincipalSID": "S-1-5-21-729746778-2675978091-3820388244-519", "PrincipalType": "Group", "RightName": "WriteProperty", "IsInherited": false}, {"PrincipalSID": "S-1-5-21-729746778-2675978091-3820388244-519", "PrincipalType": "Group", "RightName": "Enroll", "IsInherited": false}, {"PrincipalSID": "S-1-5-21-729746778-2675978091-3820388244-553", "PrincipalType": "Group", "RightName": "Enroll", "IsInherited": false}], "cas_ids": null}, {"Properties": {"name": "WORKSTATION@CERTIFIED.HTB", "highvalue": false, "Template Name": "Workstation", "Display Name": "Workstation Authentication", "Enabled": false, "Client Authentication": true, "Enrollment Agent": false, "Any Purpose": false, "Enrollee Supplies Subject": false, "Certificate Name Flag": ["SubjectAltRequireDns"], "Enrollment Flag": ["AutoEnrollment"], "Private Key Flag": ["AttestNone"], "Extended Key Usage": ["Client Authentication"], "Requires Manager Approval": false, "Requires Key Archival": false, "Authorized Signatures Required": 0, "Validity Period": "1 year", "Renewal Period": "6 weeks", "Minimum RSA Key Length": 2048, "domain": "CERTIFIED.HTB"}, "ObjectIdentifier": "21c4a2dd-0a60-451a-82a5-cd78a1de78f8", "Aces": [{"PrincipalSID": "S-1-5-21-729746778-2675978091-3820388244-519", "PrincipalType": "Group", "RightName": "Owns", "IsInherited": false}, {"PrincipalSID": "S-1-5-21-729746778-2675978091-3820388244-512", "PrincipalType": "Group", "RightName": "WriteOwner", "IsInherited": false}, {"PrincipalSID": "S-1-5-21-729746778-2675978091-3820388244-512", "PrincipalType": "Group", "RightName": "WriteDacl", "IsInherited": false}, {"PrincipalSID": "S-1-5-21-729746778-2675978091-3820388244-512", "PrincipalType": "Group", "RightName": "WriteProperty", "IsInherited": false}, {"PrincipalSID": "S-1-5-21-729746778-2675978091-3820388244-512", "PrincipalType": "Group", "RightName": "Enroll", "IsInherited": false}, {"PrincipalSID": "S-1-5-21-729746778-2675978091-3820388244-515", "PrincipalType": "Group", "RightName": "Enroll", "IsInherited": false}, {"PrincipalSID": "S-1-5-21-729746778-2675978091-3820388244-519", "PrincipalType": "Group", "RightName": "WriteOwner", "IsInherited": false}, {"PrincipalSID": "S-1-5-21-729746778-2675978091-3820388244-519", "PrincipalType": "Group", "RightName": "WriteDacl", "IsInherited": false}, {"PrincipalSID": "S-1-5-21-729746778-2675978091-3820388244-519", "PrincipalType": "Group", "RightName": "WriteProperty", "IsInherited": false}, {"PrincipalSID": "S-1-5-21-729746778-2675978091-3820388244-519", "PrincipalType": "Group", "RightName": "Enroll", "IsInherited": false}], "cas_ids": null}, {"Properties": {"name": "DIRECTORYEMAILREPLICATION@CERTIFIED.HTB", "highvalue": false, "Template Name": "DirectoryEmailReplication", "Display Name": "Directory Email Replication", "Certificate Authorities": ["certified-DC01-CA"], "Enabled": true, "Client Authentication": false, "Enrollment Agent": false, "Any Purpose": false, "Enrollee Supplies Subject": false, "Certificate Name Flag": ["SubjectAltRequireDns", "SubjectAltRequireDirectoryGuid"], "Enrollment Flag": ["AutoEnrollment", "PublishToDs", "IncludeSymmetricAlgorithms"], "Private Key Flag": ["AttestNone"], "Extended Key Usage": ["Directory Service Email Replication"], "Requires Manager Approval": false, "Requires Key Archival": false, "Authorized Signatures Required": 0, "Validity Period": "1 year", "Renewal Period": "6 weeks", "Minimum RSA Key Length": 2048, "domain": "CERTIFIED.HTB"}, "ObjectIdentifier": "98d74c55-747f-4284-b996-cf81b139560b", "Aces": [{"PrincipalSID": "S-1-5-21-729746778-2675978091-3820388244-519", "PrincipalType": "Group", "RightName": "Owns", "IsInherited": false}, {"PrincipalSID": "S-1-5-21-729746778-2675978091-3820388244-498", "PrincipalType": "Group", "RightName": "Enroll", "IsInherited": false}, {"PrincipalSID": "S-1-5-21-729746778-2675978091-3820388244-498", "PrincipalType": "Group", "RightName": "AutoEnroll", "IsInherited": false}, {"PrincipalSID": "S-1-5-21-729746778-2675978091-3820388244-512", "PrincipalType": "Group", "RightName": "WriteOwner", "IsInherited": false}, {"PrincipalSID": "S-1-5-21-729746778-2675978091-3820388244-512", "PrincipalType": "Group", "RightName": "WriteDacl", "IsInherited": false}, {"PrincipalSID": "S-1-5-21-729746778-2675978091-3820388244-512", "PrincipalType": "Group", "RightName": "WriteProperty", "IsInherited": false}, {"PrincipalSID": "S-1-5-21-729746778-2675978091-3820388244-512", "PrincipalType": "Group", "RightName": "Enroll", "IsInherited": false}, {"PrincipalSID": "S-1-5-21-729746778-2675978091-3820388244-516", "PrincipalType": "Group", "RightName": "Enroll", "IsInherited": false}, {"PrincipalSID": "S-1-5-21-729746778-2675978091-3820388244-516", "PrincipalType": "Group", "RightName": "AutoEnroll", "IsInherited": false}, {"PrincipalSID": "S-1-5-21-729746778-2675978091-3820388244-519", "PrincipalType": "Group", "RightName": "WriteOwner", "IsInherited": false}, {"PrincipalSID": "S-1-5-21-729746778-2675978091-3820388244-519", "PrincipalType": "Group", "RightName": "WriteDacl", "IsInherited": false}, {"PrincipalSID": "S-1-5-21-729746778-2675978091-3820388244-519", "PrincipalType": "Group", "RightName": "WriteProperty", "IsInherited": false}, {"PrincipalSID": "S-1-5-21-729746778-2675978091-3820388244-519", "PrincipalType": "Group", "RightName": "Enroll", "IsInherited": false}, {"PrincipalSID": "CERTIFIED.HTB-S-1-5-9", "PrincipalType": "Group", "RightName": "Enroll", "IsInherited": false}, {"PrincipalSID": "CERTIFIED.HTB-S-1-5-9", "PrincipalType": "Group", "RightName": "AutoEnroll", "IsInherited": false}], "cas_ids": ["462c3986-0732-4554-819c-c3d21506cb0c"]}, {"Properties": {"name": "DOMAINCONTROLLERAUTHENTICATION@CERTIFIED.HTB", "highvalue": false, "Template Name": "DomainControllerAuthentication", "Display Name": "Domain Controller Authentication", "Certificate Authorities": ["certified-DC01-CA"], "Enabled": true, "Client Authentication": true, "Enrollment Agent": false, "Any Purpose": false, "Enrollee Supplies Subject": false, "Certificate Name Flag": ["SubjectAltRequireDns"], "Enrollment Flag": ["AutoEnrollment"], "Private Key Flag": ["AttestNone"], "Extended Key Usage": ["Client Authentication", "Server Authentication", "Smart Card Logon"], "Requires Manager Approval": false, "Requires Key Archival": false, "Authorized Signatures Required": 0, "Validity Period": "1 year", "Renewal Period": "6 weeks", "Minimum RSA Key Length": 2048, "domain": "CERTIFIED.HTB"}, "ObjectIdentifier": "c560cc0a-a845-4572-b7b8-a473bab72e56", "Aces": [{"PrincipalSID": "S-1-5-21-729746778-2675978091-3820388244-519", "PrincipalType": "Group", "RightName": "Owns", "IsInherited": false}, {"PrincipalSID": "S-1-5-21-729746778-2675978091-3820388244-498", "PrincipalType": "Group", "RightName": "Enroll", "IsInherited": false}, {"PrincipalSID": "S-1-5-21-729746778-2675978091-3820388244-498", "PrincipalType": "Group", "RightName": "AutoEnroll", "IsInherited": false}, {"PrincipalSID": "S-1-5-21-729746778-2675978091-3820388244-512", "PrincipalType": "Group", "RightName": "WriteOwner", "IsInherited": false}, {"PrincipalSID": "S-1-5-21-729746778-2675978091-3820388244-512", "PrincipalType": "Group", "RightName": "WriteDacl", "IsInherited": false}, {"PrincipalSID": "S-1-5-21-729746778-2675978091-3820388244-512", "PrincipalType": "Group", "RightName": "WriteProperty", "IsInherited": false}, {"PrincipalSID": "S-1-5-21-729746778-2675978091-3820388244-512", "PrincipalType": "Group", "RightName": "Enroll", "IsInherited": false}, {"PrincipalSID": "S-1-5-21-729746778-2675978091-3820388244-516", "PrincipalType": "Group", "RightName": "Enroll", "IsInherited": false}, {"PrincipalSID": "S-1-5-21-729746778-2675978091-3820388244-516", "PrincipalType": "Group", "RightName": "AutoEnroll", "IsInherited": false}, {"PrincipalSID": "S-1-5-21-729746778-2675978091-3820388244-519", "PrincipalType": "Group", "RightName": "WriteOwner", "IsInherited": false}, {"PrincipalSID": "S-1-5-21-729746778-2675978091-3820388244-519", "PrincipalType": "Group", "RightName": "WriteDacl", "IsInherited": false}, {"PrincipalSID": "S-1-5-21-729746778-2675978091-3820388244-519", "PrincipalType": "Group", "RightName": "WriteProperty", "IsInherited": false}, {"PrincipalSID": "S-1-5-21-729746778-2675978091-3820388244-519", "PrincipalType": "Group", "RightName": "Enroll", "IsInherited": false}, {"PrincipalSID": "CERTIFIED.HTB-S-1-5-9", "PrincipalType": "Group", "RightName": "Enroll", "IsInherited": false}, {"PrincipalSID": "CERTIFIED.HTB-S-1-5-9", "PrincipalType": "Group", "RightName": "AutoEnroll", "IsInherited": false}], "cas_ids": ["462c3986-0732-4554-819c-c3d21506cb0c"]}, {"Properties": {"name": "KEYRECOVERYAGENT@CERTIFIED.HTB", "highvalue": false, "Template Name": "KeyRecoveryAgent", "Display Name": "Key Recovery Agent", "Enabled": false, "Client Authentication": false, "Enrollment Agent": false, "Any Purpose": false, "Enrollee Supplies Subject": false, "Certificate Name Flag": ["SubjectRequireDirectoryPath", "SubjectAltRequireUpn"], "Enrollment Flag": ["AutoEnrollment", "PublishToKraContainer", "PendAllRequests", "IncludeSymmetricAlgorithms"], "Private Key Flag": ["ExportableKey"], "Extended Key Usage": ["Key Recovery Agent"], "Requires Manager Approval": true, "Requires Key Archival": false, "Authorized Signatures Required": 0, "Validity Period": "2 years", "Renewal Period": "6 weeks", "Minimum RSA Key Length": 2048, "domain": "CERTIFIED.HTB"}, "ObjectIdentifier": "426fb159-8127-470f-b4e8-1d4539f4b62f", "Aces": [{"PrincipalSID": "S-1-5-21-729746778-2675978091-3820388244-519", "PrincipalType": "Group", "RightName": "Owns", "IsInherited": false}, {"PrincipalSID": "S-1-5-21-729746778-2675978091-3820388244-512", "PrincipalType": "Group", "RightName": "WriteOwner", "IsInherited": false}, {"PrincipalSID": "S-1-5-21-729746778-2675978091-3820388244-512", "PrincipalType": "Group", "RightName": "WriteDacl", "IsInherited": false}, {"PrincipalSID": "S-1-5-21-729746778-2675978091-3820388244-512", "PrincipalType": "Group", "RightName": "WriteProperty", "IsInherited": false}, {"PrincipalSID": "S-1-5-21-729746778-2675978091-3820388244-512", "PrincipalType": "Group", "RightName": "Enroll", "IsInherited": false}, {"PrincipalSID": "S-1-5-21-729746778-2675978091-3820388244-519", "PrincipalType": "Group", "RightName": "WriteOwner", "IsInherited": false}, {"PrincipalSID": "S-1-5-21-729746778-2675978091-3820388244-519", "PrincipalType": "Group", "RightName": "WriteDacl", "IsInherited": false}, {"PrincipalSID": "S-1-5-21-729746778-2675978091-3820388244-519", "PrincipalType": "Group", "RightName": "WriteProperty", "IsInherited": false}, {"PrincipalSID": "S-1-5-21-729746778-2675978091-3820388244-519", "PrincipalType": "Group", "RightName": "Enroll", "IsInherited": false}], "cas_ids": null}, {"Properties": {"name": "CAEXCHANGE@CERTIFIED.HTB", "highvalue": false, "Template Name": "CAExchange", "Display Name": "CA Exchange", "Enabled": false, "Client Authentication": false, "Enrollment Agent": false, "Any Purpose": false, "Enrollee Supplies Subject": true, "Certificate Name Flag": ["EnrolleeSuppliesSubject"], "Enrollment Flag": ["IncludeSymmetricAlgorithms"], "Private Key Flag": ["AttestNone"], "Extended Key Usage": ["Private Key Archival"], "Requires Manager Approval": false, "Requires Key Archival": false, "Authorized Signatures Required": 0, "Validity Period": "1 week", "Renewal Period": "1 day", "Minimum RSA Key Length": 2048, "domain": "CERTIFIED.HTB"}, "ObjectIdentifier": "532e6225-6dae-44de-85ff-be6744152abc", "Aces": [{"PrincipalSID": "S-1-5-21-729746778-2675978091-3820388244-519", "PrincipalType": "Group", "RightName": "Owns", "IsInherited": false}, {"PrincipalSID": "S-1-5-21-729746778-2675978091-3820388244-512", "PrincipalType": "Group", "RightName": "WriteOwner", "IsInherited": false}, {"PrincipalSID": "S-1-5-21-729746778-2675978091-3820388244-512", "PrincipalType": "Group", "RightName": "WriteDacl", "IsInherited": false}, {"PrincipalSID": "S-1-5-21-729746778-2675978091-3820388244-512", "PrincipalType": "Group", "RightName": "WriteProperty", "IsInherited": false}, {"PrincipalSID": "S-1-5-21-729746778-2675978091-3820388244-512", "PrincipalType": "Group", "RightName": "Enroll", "IsInherited": false}, {"PrincipalSID": "S-1-5-21-729746778-2675978091-3820388244-519", "PrincipalType": "Group", "RightName": "WriteOwner", "IsInherited": false}, {"PrincipalSID": "S-1-5-21-729746778-2675978091-3820388244-519", "PrincipalType": "Group", "RightName": "WriteDacl", "IsInherited": false}, {"PrincipalSID": "S-1-5-21-729746778-2675978091-3820388244-519", "PrincipalType": "Group", "RightName": "WriteProperty", "IsInherited": false}, {"PrincipalSID": "S-1-5-21-729746778-2675978091-3820388244-519", "PrincipalType": "Group", "RightName": "Enroll", "IsInherited": false}], "cas_ids": null}, {"Properties": {"name": "CROSSCA@CERTIFIED.HTB", "highvalue": false, "Template Name": "CrossCA", "Display Name": "Cross Certification Authority", "Enabled": false, "Client Authentication": true, "Enrollment Agent": true, "Any Purpose": true, "Enrollee Supplies Subject": true, "Certificate Name Flag": ["EnrolleeSuppliesSubject"], "Enrollment Flag": ["PublishToDs"], "Private Key Flag": ["ExportableKey"], "Requires Manager Approval": false, "Requires Key Archival": false, "Authorized Signatures Required": 1, "Validity Period": "5 years", "Renewal Period": "6 weeks", "Minimum RSA Key Length": 2048, "domain": "CERTIFIED.HTB"}, "ObjectIdentifier": "f580ad65-43d8-4ff9-b8be-f6e5915c9669", "Aces": [{"PrincipalSID": "S-1-5-21-729746778-2675978091-3820388244-519", "PrincipalType": "Group", "RightName": "Owns", "IsInherited": false}, {"PrincipalSID": "S-1-5-21-729746778-2675978091-3820388244-512", "PrincipalType": "Group", "RightName": "WriteOwner", "IsInherited": false}, {"PrincipalSID": "S-1-5-21-729746778-2675978091-3820388244-512", "PrincipalType": "Group", "RightName": "WriteDacl", "IsInherited": false}, {"PrincipalSID": "S-1-5-21-729746778-2675978091-3820388244-512", "PrincipalType": "Group", "RightName": "WriteProperty", "IsInherited": false}, {"PrincipalSID": "S-1-5-21-729746778-2675978091-3820388244-512", "PrincipalType": "Group", "RightName": "Enroll", "IsInherited": false}, {"PrincipalSID": "S-1-5-21-729746778-2675978091-3820388244-519", "PrincipalType": "Group", "RightName": "WriteOwner", "IsInherited": false}, {"PrincipalSID": "S-1-5-21-729746778-2675978091-3820388244-519", "PrincipalType": "Group", "RightName": "WriteDacl", "IsInherited": false}, {"PrincipalSID": "S-1-5-21-729746778-2675978091-3820388244-519", "PrincipalType": "Group", "RightName": "WriteProperty", "IsInherited": false}, {"PrincipalSID": "S-1-5-21-729746778-2675978091-3820388244-519", "PrincipalType": "Group", "RightName": "Enroll", "IsInherited": false}], "cas_ids": null}, {"Properties": {"name": "EXCHANGEUSERSIGNATURE@CERTIFIED.HTB", "highvalue": false, "Template Name": "ExchangeUserSignature", "Display Name": "Exchange Signature Only", "Enabled": false, "Client Authentication": false, "Enrollment Agent": false, "Any Purpose": false, "Enrollee Supplies Subject": true, "Certificate Name Flag": ["EnrolleeSuppliesSubject"], "Enrollment Flag": ["None"], "Private Key Flag": ["AttestNone"], "Extended Key Usage": ["Secure Email"], "Requires Manager Approval": false, "Requires Key Archival": false, "Authorized Signatures Required": 0, "Validity Period": "1 year", "Renewal Period": "6 weeks", "Minimum RSA Key Length": 2048, "domain": "CERTIFIED.HTB"}, "ObjectIdentifier": "40c7aca5-4f63-434a-adef-54b924cd06bd", "Aces": [{"PrincipalSID": "S-1-5-21-729746778-2675978091-3820388244-519", "PrincipalType": "Group", "RightName": "Owns", "IsInherited": false}, {"PrincipalSID": "S-1-5-21-729746778-2675978091-3820388244-512", "PrincipalType": "Group", "RightName": "WriteOwner", "IsInherited": false}, {"PrincipalSID": "S-1-5-21-729746778-2675978091-3820388244-512", "PrincipalType": "Group", "RightName": "WriteDacl", "IsInherited": false}, {"PrincipalSID": "S-1-5-21-729746778-2675978091-3820388244-512", "PrincipalType": "Group", "RightName": "WriteProperty", "IsInherited": false}, {"PrincipalSID": "S-1-5-21-729746778-2675978091-3820388244-512", "PrincipalType": "Group", "RightName": "Enroll", "IsInherited": false}, {"PrincipalSID": "S-1-5-21-729746778-2675978091-3820388244-519", "PrincipalType": "Group", "RightName": "WriteOwner", "IsInherited": false}, {"PrincipalSID": "S-1-5-21-729746778-2675978091-3820388244-519", "PrincipalType": "Group", "RightName": "WriteDacl", "IsInherited": false}, {"PrincipalSID": "S-1-5-21-729746778-2675978091-3820388244-519", "PrincipalType": "Group", "RightName": "WriteProperty", "IsInherited": false}, {"PrincipalSID": "S-1-5-21-729746778-2675978091-3820388244-519", "PrincipalType": "Group", "RightName": "Enroll", "IsInherited": false}], "cas_ids": null}, {"Properties": {"name": "EXCHANGEUSER@CERTIFIED.HTB", "highvalue": false, "Template Name": "ExchangeUser", "Display Name": "Exchange User", "Enabled": false, "Client Authentication": false, "Enrollment Agent": false, "Any Purpose": false, "Enrollee Supplies Subject": true, "Certificate Name Flag": ["EnrolleeSuppliesSubject"], "Enrollment Flag": ["IncludeSymmetricAlgorithms"], "Private Key Flag": ["ExportableKey"], "Extended Key Usage": ["Secure Email"], "Requires Manager Approval": false, "Requires Key Archival": false, "Authorized Signatures Required": 0, "Validity Period": "1 year", "Renewal Period": "6 weeks", "Minimum RSA Key Length": 2048, "domain": "CERTIFIED.HTB"}, "ObjectIdentifier": "9d4d6d6c-ae8d-4121-a928-2a9088e842cd", "Aces": [{"PrincipalSID": "S-1-5-21-729746778-2675978091-3820388244-519", "PrincipalType": "Group", "RightName": "Owns", "IsInherited": false}, {"PrincipalSID": "S-1-5-21-729746778-2675978091-3820388244-512", "PrincipalType": "Group", "RightName": "WriteOwner", "IsInherited": false}, {"PrincipalSID": "S-1-5-21-729746778-2675978091-3820388244-512", "PrincipalType": "Group", "RightName": "WriteDacl", "IsInherited": false}, {"PrincipalSID": "S-1-5-21-729746778-2675978091-3820388244-512", "PrincipalType": "Group", "RightName": "WriteProperty", "IsInherited": false}, {"PrincipalSID": "S-1-5-21-729746778-2675978091-3820388244-512", "PrincipalType": "Group", "RightName": "Enroll", "IsInherited": false}, {"PrincipalSID": "S-1-5-21-729746778-2675978091-3820388244-519", "PrincipalType": "Group", "RightName": "WriteOwner", "IsInherited": false}, {"PrincipalSID": "S-1-5-21-729746778-2675978091-3820388244-519", "PrincipalType": "Group", "RightName": "WriteDacl", "IsInherited": false}, {"PrincipalSID": "S-1-5-21-729746778-2675978091-3820388244-519", "PrincipalType": "Group", "RightName": "WriteProperty", "IsInherited": false}, {"PrincipalSID": "S-1-5-21-729746778-2675978091-3820388244-519", "PrincipalType": "Group", "RightName": "Enroll", "IsInherited": false}], "cas_ids": null}, {"Properties": {"name": "CEPENCRYPTION@CERTIFIED.HTB", "highvalue": false, "Template Name": "CEPEncryption", "Display Name": "CEP Encryption", "Enabled": false, "Client Authentication": false, "Enrollment Agent": true, "Any Purpose": false, "Enrollee Supplies Subject": true, "Certificate Name Flag": ["EnrolleeSuppliesSubject"], "Enrollment Flag": ["None"], "Private Key Flag": ["AttestNone"], "Extended Key Usage": ["Certificate Request Agent"], "Requires Manager Approval": false, "Requires Key Archival": false, "Authorized Signatures Required": 0, "Validity Period": "2 years", "Renewal Period": "6 weeks", "Minimum RSA Key Length": 2048, "domain": "CERTIFIED.HTB"}, "ObjectIdentifier": "12358d0c-d3b7-4793-a8a5-d22e738c326d", "Aces": [{"PrincipalSID": "S-1-5-21-729746778-2675978091-3820388244-519", "PrincipalType": "Group", "RightName": "Owns", "IsInherited": false}, {"PrincipalSID": "S-1-5-21-729746778-2675978091-3820388244-512", "PrincipalType": "Group", "RightName": "WriteOwner", "IsInherited": false}, {"PrincipalSID": "S-1-5-21-729746778-2675978091-3820388244-512", "PrincipalType": "Group", "RightName": "WriteDacl", "IsInherited": false}, {"PrincipalSID": "S-1-5-21-729746778-2675978091-3820388244-512", "PrincipalType": "Group", "RightName": "WriteProperty", "IsInherited": false}, {"PrincipalSID": "S-1-5-21-729746778-2675978091-3820388244-512", "PrincipalType": "Group", "RightName": "Enroll", "IsInherited": false}, {"PrincipalSID": "S-1-5-21-729746778-2675978091-3820388244-519", "PrincipalType": "Group", "RightName": "WriteOwner", "IsInherited": false}, {"PrincipalSID": "S-1-5-21-729746778-2675978091-3820388244-519", "PrincipalType": "Group", "RightName": "WriteDacl", "IsInherited": false}, {"PrincipalSID": "S-1-5-21-729746778-2675978091-3820388244-519", "PrincipalType": "Group", "RightName": "WriteProperty", "IsInherited": false}, {"PrincipalSID": "S-1-5-21-729746778-2675978091-3820388244-519", "PrincipalType": "Group", "RightName": "Enroll", "IsInherited": false}], "cas_ids": null}, {"Properties": {"name": "OFFLINEROUTER@CERTIFIED.HTB", "highvalue": false, "Template Name": "OfflineRouter", "Display Name": "Router (Offline request)", "Enabled": false, "Client Authentication": true, "Enrollment Agent": false, "Any Purpose": false, "Enrollee Supplies Subject": true, "Certificate Name Flag": ["EnrolleeSuppliesSubject"], "Enrollment Flag": ["None"], "Private Key Flag": ["AttestNone"], "Extended Key Usage": ["Client Authentication"], "Requires Manager Approval": false, "Requires Key Archival": false, "Authorized Signatures Required": 0, "Validity Period": "2 years", "Renewal Period": "6 weeks", "Minimum RSA Key Length": 2048, "domain": "CERTIFIED.HTB"}, "ObjectIdentifier": "cd0d8fa9-68f1-47d8-a718-9aaa0000d488", "Aces": [{"PrincipalSID": "S-1-5-21-729746778-2675978091-3820388244-519", "PrincipalType": "Group", "RightName": "Owns", "IsInherited": false}, {"PrincipalSID": "S-1-5-21-729746778-2675978091-3820388244-512", "PrincipalType": "Group", "RightName": "WriteOwner", "IsInherited": false}, {"PrincipalSID": "S-1-5-21-729746778-2675978091-3820388244-512", "PrincipalType": "Group", "RightName": "WriteDacl", "IsInherited": false}, {"PrincipalSID": "S-1-5-21-729746778-2675978091-3820388244-512", "PrincipalType": "Group", "RightName": "WriteProperty", "IsInherited": false}, {"PrincipalSID": "S-1-5-21-729746778-2675978091-3820388244-512", "PrincipalType": "Group", "RightName": "Enroll", "IsInherited": false}, {"PrincipalSID": "S-1-5-21-729746778-2675978091-3820388244-519", "PrincipalType": "Group", "RightName": "WriteOwner", "IsInherited": false}, {"PrincipalSID": "S-1-5-21-729746778-2675978091-3820388244-519", "PrincipalType": "Group", "RightName": "WriteDacl", "IsInherited": false}, {"PrincipalSID": "S-1-5-21-729746778-2675978091-3820388244-519", "PrincipalType": "Group", "RightName": "WriteProperty", "IsInherited": false}, {"PrincipalSID": "S-1-5-21-729746778-2675978091-3820388244-519", "PrincipalType": "Group", "RightName": "Enroll", "IsInherited": false}], "cas_ids": null}, {"Properties": {"name": "IPSECINTERMEDIATEOFFLINE@CERTIFIED.HTB", "highvalue": false, "Template Name": "IPSECIntermediateOffline", "Display Name": "IPSec (Offline request)", "Enabled": false, "Client Authentication": false, "Enrollment Agent": false, "Any Purpose": false, "Enrollee Supplies Subject": true, "Certificate Name Flag": ["EnrolleeSuppliesSubject"], "Enrollment Flag": ["None"], "Private Key Flag": ["AttestNone"], "Extended Key Usage": ["IP security IKE intermediate"], "Requires Manager Approval": false, "Requires Key Archival": false, "Authorized Signatures Required": 0, "Validity Period": "2 years", "Renewal Period": "6 weeks", "Minimum RSA Key Length": 2048, "domain": "CERTIFIED.HTB"}, "ObjectIdentifier": "4e676685-9c58-46c3-ad24-5261536c3cea", "Aces": [{"PrincipalSID": "S-1-5-21-729746778-2675978091-3820388244-519", "PrincipalType": "Group", "RightName": "Owns", "IsInherited": false}, {"PrincipalSID": "S-1-5-21-729746778-2675978091-3820388244-512", "PrincipalType": "Group", "RightName": "WriteOwner", "IsInherited": false}, {"PrincipalSID": "S-1-5-21-729746778-2675978091-3820388244-512", "PrincipalType": "Group", "RightName": "WriteDacl", "IsInherited": false}, {"PrincipalSID": "S-1-5-21-729746778-2675978091-3820388244-512", "PrincipalType": "Group", "RightName": "WriteProperty", "IsInherited": false}, {"PrincipalSID": "S-1-5-21-729746778-2675978091-3820388244-512", "PrincipalType": "Group", "RightName": "Enroll", "IsInherited": false}, {"PrincipalSID": "S-1-5-21-729746778-2675978091-3820388244-519", "PrincipalType": "Group", "RightName": "WriteOwner", "IsInherited": false}, {"PrincipalSID": "S-1-5-21-729746778-2675978091-3820388244-519", "PrincipalType": "Group", "RightName": "WriteDacl", "IsInherited": false}, {"PrincipalSID": "S-1-5-21-729746778-2675978091-3820388244-519", "PrincipalType": "Group", "RightName": "WriteProperty", "IsInherited": false}, {"PrincipalSID": "S-1-5-21-729746778-2675978091-3820388244-519", "PrincipalType": "Group", "RightName": "Enroll", "IsInherited": false}], "cas_ids": null}, {"Properties": {"name": "IPSECINTERMEDIATEONLINE@CERTIFIED.HTB", "highvalue": false, "Template Name": "IPSECIntermediateOnline", "Display Name": "IPSec", "Enabled": false, "Client Authentication": false, "Enrollment Agent": false, "Any Purpose": false, "Enrollee Supplies Subject": false, "Certificate Name Flag": ["SubjectRequireDnsAsCn", "SubjectAltRequireDns"], "Enrollment Flag": ["AutoEnrollment"], "Private Key Flag": ["AttestNone"], "Extended Key Usage": ["IP security IKE intermediate"], "Requires Manager Approval": false, "Requires Key Archival": false, "Authorized Signatures Required": 0, "Validity Period": "2 years", "Renewal Period": "6 weeks", "Minimum RSA Key Length": 2048, "domain": "CERTIFIED.HTB"}, "ObjectIdentifier": "f809e86e-42ee-4a0c-a4bd-ab6e41e0e8d2", "Aces": [{"PrincipalSID": "S-1-5-21-729746778-2675978091-3820388244-519", "PrincipalType": "Group", "RightName": "Owns", "IsInherited": false}, {"PrincipalSID": "S-1-5-21-729746778-2675978091-3820388244-512", "PrincipalType": "Group", "RightName": "WriteOwner", "IsInherited": false}, {"PrincipalSID": "S-1-5-21-729746778-2675978091-3820388244-512", "PrincipalType": "Group", "RightName": "WriteDacl", "IsInherited": false}, {"PrincipalSID": "S-1-5-21-729746778-2675978091-3820388244-512", "PrincipalType": "Group", "RightName": "WriteProperty", "IsInherited": false}, {"PrincipalSID": "S-1-5-21-729746778-2675978091-3820388244-512", "PrincipalType": "Group", "RightName": "Enroll", "IsInherited": false}, {"PrincipalSID": "S-1-5-21-729746778-2675978091-3820388244-515", "PrincipalType": "Group", "RightName": "Enroll", "IsInherited": false}, {"PrincipalSID": "S-1-5-21-729746778-2675978091-3820388244-516", "PrincipalType": "Group", "RightName": "Enroll", "IsInherited": false}, {"PrincipalSID": "S-1-5-21-729746778-2675978091-3820388244-519", "PrincipalType": "Group", "RightName": "WriteOwner", "IsInherited": false}, {"PrincipalSID": "S-1-5-21-729746778-2675978091-3820388244-519", "PrincipalType": "Group", "RightName": "WriteDacl", "IsInherited": false}, {"PrincipalSID": "S-1-5-21-729746778-2675978091-3820388244-519", "PrincipalType": "Group", "RightName": "WriteProperty", "IsInherited": false}, {"PrincipalSID": "S-1-5-21-729746778-2675978091-3820388244-519", "PrincipalType": "Group", "RightName": "Enroll", "IsInherited": false}], "cas_ids": null}, {"Properties": {"name": "SUBCA@CERTIFIED.HTB", "highvalue": true, "Template Name": "SubCA", "Display Name": "Subordinate Certification Authority", "Certificate Authorities": ["certified-DC01-CA"], "Enabled": true, "Client Authentication": true, "Enrollment Agent": true, "Any Purpose": true, "Enrollee Supplies Subject": true, "Certificate Name Flag": ["EnrolleeSuppliesSubject"], "Enrollment Flag": ["None"], "Private Key Flag": ["ExportableKey"], "Requires Manager Approval": false, "Requires Key Archival": false, "Authorized Signatures Required": 0, "Validity Period": "5 years", "Renewal Period": "6 weeks", "Minimum RSA Key Length": 2048, "domain": "CERTIFIED.HTB"}, "ObjectIdentifier": "f2395694-dcdc-49b0-a2c7-eb756dd48b8f", "Aces": [{"PrincipalSID": "S-1-5-21-729746778-2675978091-3820388244-519", "PrincipalType": "Group", "RightName": "Owns", "IsInherited": false}, {"PrincipalSID": "S-1-5-21-729746778-2675978091-3820388244-512", "PrincipalType": "Group", "RightName": "WriteOwner", "IsInherited": false}, {"PrincipalSID": "S-1-5-21-729746778-2675978091-3820388244-512", "PrincipalType": "Group", "RightName": "WriteDacl", "IsInherited": false}, {"PrincipalSID": "S-1-5-21-729746778-2675978091-3820388244-512", "PrincipalType": "Group", "RightName": "WriteProperty", "IsInherited": false}, {"PrincipalSID": "S-1-5-21-729746778-2675978091-3820388244-512", "PrincipalType": "Group", "RightName": "Enroll", "IsInherited": false}, {"PrincipalSID": "S-1-5-21-729746778-2675978091-3820388244-519", "PrincipalType": "Group", "RightName": "WriteOwner", "IsInherited": false}, {"PrincipalSID": "S-1-5-21-729746778-2675978091-3820388244-519", "PrincipalType": "Group", "RightName": "WriteDacl", "IsInherited": false}, {"PrincipalSID": "S-1-5-21-729746778-2675978091-3820388244-519", "PrincipalType": "Group", "RightName": "WriteProperty", "IsInherited": false}, {"PrincipalSID": "S-1-5-21-729746778-2675978091-3820388244-519", "PrincipalType": "Group", "RightName": "Enroll", "IsInherited": false}], "cas_ids": ["462c3986-0732-4554-819c-c3d21506cb0c"]}, {"Properties": {"name": "CA@CERTIFIED.HTB", "highvalue": false, "Template Name": "CA", "Display Name": "Root Certification Authority", "Enabled": false, "Client Authentication": true, "Enrollment Agent": true, "Any Purpose": true, "Enrollee Supplies Subject": true, "Certificate Name Flag": ["EnrolleeSuppliesSubject"], "Enrollment Flag": ["None"], "Private Key Flag": ["ExportableKey"], "Requires Manager Approval": false, "Requires Key Archival": false, "Authorized Signatures Required": 0, "Validity Period": "5 years", "Renewal Period": "6 weeks", "Minimum RSA Key Length": 2048, "domain": "CERTIFIED.HTB"}, "ObjectIdentifier": "01dd56d0-23ad-443f-b9dd-04cabbc742ad", "Aces": [{"PrincipalSID": "S-1-5-21-729746778-2675978091-3820388244-519", "PrincipalType": "Group", "RightName": "Owns", "IsInherited": false}, {"PrincipalSID": "S-1-5-21-729746778-2675978091-3820388244-512", "PrincipalType": "Group", "RightName": "WriteOwner", "IsInherited": false}, {"PrincipalSID": "S-1-5-21-729746778-2675978091-3820388244-512", "PrincipalType": "Group", "RightName": "WriteDacl", "IsInherited": false}, {"PrincipalSID": "S-1-5-21-729746778-2675978091-3820388244-512", "PrincipalType": "Group", "RightName": "WriteProperty", "IsInherited": false}, {"PrincipalSID": "S-1-5-21-729746778-2675978091-3820388244-512", "PrincipalType": "Group", "RightName": "Enroll", "IsInherited": false}, {"PrincipalSID": "S-1-5-21-729746778-2675978091-3820388244-519", "PrincipalType": "Group", "RightName": "WriteOwner", "IsInherited": false}, {"PrincipalSID": "S-1-5-21-729746778-2675978091-3820388244-519", "PrincipalType": "Group", "RightName": "WriteDacl", "IsInherited": false}, {"PrincipalSID": "S-1-5-21-729746778-2675978091-3820388244-519", "PrincipalType": "Group", "RightName": "WriteProperty", "IsInherited": false}, {"PrincipalSID": "S-1-5-21-729746778-2675978091-3820388244-519", "PrincipalType": "Group", "RightName": "Enroll", "IsInherited": false}], "cas_ids": null}, {"Properties": {"name": "WEBSERVER@CERTIFIED.HTB", "highvalue": false, "Template Name": "WebServer", "Display Name": "Web Server", "Certificate Authorities": ["certified-DC01-CA"], "Enabled": true, "Client Authentication": false, "Enrollment Agent": false, "Any Purpose": false, "Enrollee Supplies Subject": true, "Certificate Name Flag": ["EnrolleeSuppliesSubject"], "Enrollment Flag": ["None"], "Private Key Flag": ["AttestNone"], "Extended Key Usage": ["Server Authentication"], "Requires Manager Approval": false, "Requires Key Archival": false, "Authorized Signatures Required": 0, "Validity Period": "2 years", "Renewal Period": "6 weeks", "Minimum RSA Key Length": 2048, "domain": "CERTIFIED.HTB"}, "ObjectIdentifier": "4e543f46-244c-44aa-a446-c5a685140f52", "Aces": [{"PrincipalSID": "S-1-5-21-729746778-2675978091-3820388244-519", "PrincipalType": "Group", "RightName": "Owns", "IsInherited": false}, {"PrincipalSID": "S-1-5-21-729746778-2675978091-3820388244-512", "PrincipalType": "Group", "RightName": "WriteOwner", "IsInherited": false}, {"PrincipalSID": "S-1-5-21-729746778-2675978091-3820388244-512", "PrincipalType": "Group", "RightName": "WriteDacl", "IsInherited": false}, {"PrincipalSID": "S-1-5-21-729746778-2675978091-3820388244-512", "PrincipalType": "Group", "RightName": "WriteProperty", "IsInherited": false}, {"PrincipalSID": "S-1-5-21-729746778-2675978091-3820388244-512", "PrincipalType": "Group", "RightName": "Enroll", "IsInherited": false}, {"PrincipalSID": "S-1-5-21-729746778-2675978091-3820388244-519", "PrincipalType": "Group", "RightName": "WriteOwner", "IsInherited": false}, {"PrincipalSID": "S-1-5-21-729746778-2675978091-3820388244-519", "PrincipalType": "Group", "RightName": "WriteDacl", "IsInherited": false}, {"PrincipalSID": "S-1-5-21-729746778-2675978091-3820388244-519", "PrincipalType": "Group", "RightName": "WriteProperty", "IsInherited": false}, {"PrincipalSID": "S-1-5-21-729746778-2675978091-3820388244-519", "PrincipalType": "Group", "RightName": "Enroll", "IsInherited": false}], "cas_ids": ["462c3986-0732-4554-819c-c3d21506cb0c"]}, {"Properties": {"name": "DOMAINCONTROLLER@CERTIFIED.HTB", "highvalue": false, "Template Name": "DomainController", "Display Name": "Domain Controller", "Certificate Authorities": ["certified-DC01-CA"], "Enabled": true, "Client Authentication": true, "Enrollment Agent": false, "Any Purpose": false, "Enrollee Supplies Subject": false, "Certificate Name Flag": ["SubjectRequireDnsAsCn", "SubjectAltRequireDns", "SubjectAltRequireDirectoryGuid"], "Enrollment Flag": ["AutoEnrollment", "PublishToDs", "IncludeSymmetricAlgorithms"], "Private Key Flag": ["AttestNone"], "Extended Key Usage": ["Client Authentication", "Server Authentication"], "Requires Manager Approval": false, "Requires Key Archival": false, "Authorized Signatures Required": 0, "Validity Period": "1 year", "Renewal Period": "6 weeks", "Minimum RSA Key Length": 2048, "domain": "CERTIFIED.HTB"}, "ObjectIdentifier": "f052a222-ddb4-4014-af6e-709e6b50f9a1", "Aces": [{"PrincipalSID": "S-1-5-21-729746778-2675978091-3820388244-519", "PrincipalType": "Group", "RightName": "Owns", "IsInherited": false}, {"PrincipalSID": "S-1-5-21-729746778-2675978091-3820388244-498", "PrincipalType": "Group", "RightName": "Enroll", "IsInherited": false}, {"PrincipalSID": "S-1-5-21-729746778-2675978091-3820388244-512", "PrincipalType": "Group", "RightName": "WriteOwner", "IsInherited": false}, {"PrincipalSID": "S-1-5-21-729746778-2675978091-3820388244-512", "PrincipalType": "Group", "RightName": "WriteDacl", "IsInherited": false}, {"PrincipalSID": "S-1-5-21-729746778-2675978091-3820388244-512", "PrincipalType": "Group", "RightName": "WriteProperty", "IsInherited": false}, {"PrincipalSID": "S-1-5-21-729746778-2675978091-3820388244-512", "PrincipalType": "Group", "RightName": "Enroll", "IsInherited": false}, {"PrincipalSID": "S-1-5-21-729746778-2675978091-3820388244-516", "PrincipalType": "Group", "RightName": "Enroll", "IsInherited": false}, {"PrincipalSID": "S-1-5-21-729746778-2675978091-3820388244-519", "PrincipalType": "Group", "RightName": "WriteOwner", "IsInherited": false}, {"PrincipalSID": "S-1-5-21-729746778-2675978091-3820388244-519", "PrincipalType": "Group", "RightName": "WriteDacl", "IsInherited": false}, {"PrincipalSID": "S-1-5-21-729746778-2675978091-3820388244-519", "PrincipalType": "Group", "RightName": "WriteProperty", "IsInherited": false}, {"PrincipalSID": "S-1-5-21-729746778-2675978091-3820388244-519", "PrincipalType": "Group", "RightName": "Enroll", "IsInherited": false}, {"PrincipalSID": "CERTIFIED.HTB-S-1-5-9", "PrincipalType": "Group", "RightName": "Enroll", "IsInherited": false}], "cas_ids": ["462c3986-0732-4554-819c-c3d21506cb0c"]}, {"Properties": {"name": "MACHINE@CERTIFIED.HTB", "highvalue": false, "Template Name": "Machine", "Display Name": "Computer", "Certificate Authorities": ["certified-DC01-CA"], "Enabled": true, "Client Authentication": true, "Enrollment Agent": false, "Any Purpose": false, "Enrollee Supplies Subject": false, "Certificate Name Flag": ["SubjectRequireDnsAsCn", "SubjectAltRequireDns"], "Enrollment Flag": ["AutoEnrollment"], "Private Key Flag": ["AttestNone"], "Extended Key Usage": ["Client Authentication", "Server Authentication"], "Requires Manager Approval": false, "Requires Key Archival": false, "Authorized Signatures Required": 0, "Validity Period": "1 year", "Renewal Period": "6 weeks", "Minimum RSA Key Length": 2048, "domain": "CERTIFIED.HTB"}, "ObjectIdentifier": "cb54c584-647a-4600-9bcf-d20a63ad38a3", "Aces": [{"PrincipalSID": "S-1-5-21-729746778-2675978091-3820388244-519", "PrincipalType": "Group", "RightName": "Owns", "IsInherited": false}, {"PrincipalSID": "S-1-5-21-729746778-2675978091-3820388244-512", "PrincipalType": "Group", "RightName": "WriteOwner", "IsInherited": false}, {"PrincipalSID": "S-1-5-21-729746778-2675978091-3820388244-512", "PrincipalType": "Group", "RightName": "WriteDacl", "IsInherited": false}, {"PrincipalSID": "S-1-5-21-729746778-2675978091-3820388244-512", "PrincipalType": "Group", "RightName": "WriteProperty", "IsInherited": false}, {"PrincipalSID": "S-1-5-21-729746778-2675978091-3820388244-512", "PrincipalType": "Group", "RightName": "Enroll", "IsInherited": false}, {"PrincipalSID": "S-1-5-21-729746778-2675978091-3820388244-515", "PrincipalType": "Group", "RightName": "Enroll", "IsInherited": false}, {"PrincipalSID": "S-1-5-21-729746778-2675978091-3820388244-519", "PrincipalType": "Group", "RightName": "WriteOwner", "IsInherited": false}, {"PrincipalSID": "S-1-5-21-729746778-2675978091-3820388244-519", "PrincipalType": "Group", "RightName": "WriteDacl", "IsInherited": false}, {"PrincipalSID": "S-1-5-21-729746778-2675978091-3820388244-519", "PrincipalType": "Group", "RightName": "WriteProperty", "IsInherited": false}, {"PrincipalSID": "S-1-5-21-729746778-2675978091-3820388244-519", "PrincipalType": "Group", "RightName": "Enroll", "IsInherited": false}], "cas_ids": ["462c3986-0732-4554-819c-c3d21506cb0c"]}, {"Properties": {"name": "MACHINEENROLLMENTAGENT@CERTIFIED.HTB", "highvalue": false, "Template Name": "MachineEnrollmentAgent", "Display Name": "Enrollment Agent (Computer)", "Enabled": false, "Client Authentication": false, "Enrollment Agent": true, "Any Purpose": false, "Enrollee Supplies Subject": false, "Certificate Name Flag": ["SubjectRequireDnsAsCn", "SubjectAltRequireDns"], "Enrollment Flag": ["AutoEnrollment"], "Private Key Flag": ["AttestNone"], "Extended Key Usage": ["Certificate Request Agent"], "Requires Manager Approval": false, "Requires Key Archival": false, "Authorized Signatures Required": 0, "Validity Period": "2 years", "Renewal Period": "6 weeks", "Minimum RSA Key Length": 2048, "domain": "CERTIFIED.HTB"}, "ObjectIdentifier": "e374b6bb-6030-4a96-8d51-25a7df6a8b03", "Aces": [{"PrincipalSID": "S-1-5-21-729746778-2675978091-3820388244-519", "PrincipalType": "Group", "RightName": "Owns", "IsInherited": false}, {"PrincipalSID": "S-1-5-21-729746778-2675978091-3820388244-512", "PrincipalType": "Group", "RightName": "WriteOwner", "IsInherited": false}, {"PrincipalSID": "S-1-5-21-729746778-2675978091-3820388244-512", "PrincipalType": "Group", "RightName": "WriteDacl", "IsInherited": false}, {"PrincipalSID": "S-1-5-21-729746778-2675978091-3820388244-512", "PrincipalType": "Group", "RightName": "WriteProperty", "IsInherited": false}, {"PrincipalSID": "S-1-5-21-729746778-2675978091-3820388244-512", "PrincipalType": "Group", "RightName": "Enroll", "IsInherited": false}, {"PrincipalSID": "S-1-5-21-729746778-2675978091-3820388244-519", "PrincipalType": "Group", "RightName": "WriteOwner", "IsInherited": false}, {"PrincipalSID": "S-1-5-21-729746778-2675978091-3820388244-519", "PrincipalType": "Group", "RightName": "WriteDacl", "IsInherited": false}, {"PrincipalSID": "S-1-5-21-729746778-2675978091-3820388244-519", "PrincipalType": "Group", "RightName": "WriteProperty", "IsInherited": false}, {"PrincipalSID": "S-1-5-21-729746778-2675978091-3820388244-519", "PrincipalType": "Group", "RightName": "Enroll", "IsInherited": false}], "cas_ids": null}, {"Properties": {"name": "ENROLLMENTAGENTOFFLINE@CERTIFIED.HTB", "highvalue": false, "Template Name": "EnrollmentAgentOffline", "Display Name": "Exchange Enrollment Agent (Offline request)", "Enabled": false, "Client Authentication": false, "Enrollment Agent": true, "Any Purpose": false, "Enrollee Supplies Subject": true, "Certificate Name Flag": ["EnrolleeSuppliesSubject"], "Enrollment Flag": ["None"], "Private Key Flag": ["AttestNone"], "Extended Key Usage": ["Certificate Request Agent"], "Requires Manager Approval": false, "Requires Key Archival": false, "Authorized Signatures Required": 0, "Validity Period": "2 years", "Renewal Period": "6 weeks", "Minimum RSA Key Length": 2048, "domain": "CERTIFIED.HTB"}, "ObjectIdentifier": "bf572174-792f-4be1-877f-99c923867274", "Aces": [{"PrincipalSID": "S-1-5-21-729746778-2675978091-3820388244-519", "PrincipalType": "Group", "RightName": "Owns", "IsInherited": false}, {"PrincipalSID": "S-1-5-21-729746778-2675978091-3820388244-512", "PrincipalType": "Group", "RightName": "WriteOwner", "IsInherited": false}, {"PrincipalSID": "S-1-5-21-729746778-2675978091-3820388244-512", "PrincipalType": "Group", "RightName": "WriteDacl", "IsInherited": false}, {"PrincipalSID": "S-1-5-21-729746778-2675978091-3820388244-512", "PrincipalType": "Group", "RightName": "WriteProperty", "IsInherited": false}, {"PrincipalSID": "S-1-5-21-729746778-2675978091-3820388244-512", "PrincipalType": "Group", "RightName": "Enroll", "IsInherited": false}, {"PrincipalSID": "S-1-5-21-729746778-2675978091-3820388244-519", "PrincipalType": "Group", "RightName": "WriteOwner", "IsInherited": false}, {"PrincipalSID": "S-1-5-21-729746778-2675978091-3820388244-519", "PrincipalType": "Group", "RightName": "WriteDacl", "IsInherited": false}, {"PrincipalSID": "S-1-5-21-729746778-2675978091-3820388244-519", "PrincipalType": "Group", "RightName": "WriteProperty", "IsInherited": false}, {"PrincipalSID": "S-1-5-21-729746778-2675978091-3820388244-519", "PrincipalType": "Group", "RightName": "Enroll", "IsInherited": false}], "cas_ids": null}, {"Properties": {"name": "ENROLLMENTAGENT@CERTIFIED.HTB", "highvalue": false, "Template Name": "EnrollmentAgent", "Display Name": "Enrollment Agent", "Enabled": false, "Client Authentication": false, "Enrollment Agent": true, "Any Purpose": false, "Enrollee Supplies Subject": false, "Certificate Name Flag": ["SubjectRequireDirectoryPath", "SubjectAltRequireUpn"], "Enrollment Flag": ["AutoEnrollment"], "Private Key Flag": ["AttestNone"], "Extended Key Usage": ["Certificate Request Agent"], "Requires Manager Approval": false, "Requires Key Archival": false, "Authorized Signatures Required": 0, "Validity Period": "2 years", "Renewal Period": "6 weeks", "Minimum RSA Key Length": 2048, "domain": "CERTIFIED.HTB"}, "ObjectIdentifier": "4e4d2a53-4982-45da-a136-f35cd0934fa7", "Aces": [{"PrincipalSID": "S-1-5-21-729746778-2675978091-3820388244-519", "PrincipalType": "Group", "RightName": "Owns", "IsInherited": false}, {"PrincipalSID": "S-1-5-21-729746778-2675978091-3820388244-512", "PrincipalType": "Group", "RightName": "WriteOwner", "IsInherited": false}, {"PrincipalSID": "S-1-5-21-729746778-2675978091-3820388244-512", "PrincipalType": "Group", "RightName": "WriteDacl", "IsInherited": false}, {"PrincipalSID": "S-1-5-21-729746778-2675978091-3820388244-512", "PrincipalType": "Group", "RightName": "WriteProperty", "IsInherited": false}, {"PrincipalSID": "S-1-5-21-729746778-2675978091-3820388244-512", "PrincipalType": "Group", "RightName": "Enroll", "IsInherited": false}, {"PrincipalSID": "S-1-5-21-729746778-2675978091-3820388244-519", "PrincipalType": "Group", "RightName": "WriteOwner", "IsInherited": false}, {"PrincipalSID": "S-1-5-21-729746778-2675978091-3820388244-519", "PrincipalType": "Group", "RightName": "WriteDacl", "IsInherited": false}, {"PrincipalSID": "S-1-5-21-729746778-2675978091-3820388244-519", "PrincipalType": "Group", "RightName": "WriteProperty", "IsInherited": false}, {"PrincipalSID": "S-1-5-21-729746778-2675978091-3820388244-519", "PrincipalType": "Group", "RightName": "Enroll", "IsInherited": false}], "cas_ids": null}, {"Properties": {"name": "CTLSIGNING@CERTIFIED.HTB", "highvalue": false, "Template Name": "CTLSigning", "Display Name": "Trust List Signing", "Enabled": false, "Client Authentication": false, "Enrollment Agent": false, "Any Purpose": false, "Enrollee Supplies Subject": false, "Certificate Name Flag": ["SubjectRequireDirectoryPath", "SubjectAltRequireUpn"], "Enrollment Flag": ["AutoEnrollment"], "Private Key Flag": ["AttestNone"], "Extended Key Usage": ["Microsoft Trust List Signing"], "Requires Manager Approval": false, "Requires Key Archival": false, "Authorized Signatures Required": 0, "Validity Period": "1 year", "Renewal Period": "6 weeks", "Minimum RSA Key Length": 2048, "domain": "CERTIFIED.HTB"}, "ObjectIdentifier": "e6f4acf8-8c4d-4161-bf49-0a290eb49992", "Aces": [{"PrincipalSID": "S-1-5-21-729746778-2675978091-3820388244-519", "PrincipalType": "Group", "RightName": "Owns", "IsInherited": false}, {"PrincipalSID": "S-1-5-21-729746778-2675978091-3820388244-512", "PrincipalType": "Group", "RightName": "WriteOwner", "IsInherited": false}, {"PrincipalSID": "S-1-5-21-729746778-2675978091-3820388244-512", "PrincipalType": "Group", "RightName": "WriteDacl", "IsInherited": false}, {"PrincipalSID": "S-1-5-21-729746778-2675978091-3820388244-512", "PrincipalType": "Group", "RightName": "WriteProperty", "IsInherited": false}, {"PrincipalSID": "S-1-5-21-729746778-2675978091-3820388244-512", "PrincipalType": "Group", "RightName": "Enroll", "IsInherited": false}, {"PrincipalSID": "S-1-5-21-729746778-2675978091-3820388244-519", "PrincipalType": "Group", "RightName": "WriteOwner", "IsInherited": false}, {"PrincipalSID": "S-1-5-21-729746778-2675978091-3820388244-519", "PrincipalType": "Group", "RightName": "WriteDacl", "IsInherited": false}, {"PrincipalSID": "S-1-5-21-729746778-2675978091-3820388244-519", "PrincipalType": "Group", "RightName": "WriteProperty", "IsInherited": false}, {"PrincipalSID": "S-1-5-21-729746778-2675978091-3820388244-519", "PrincipalType": "Group", "RightName": "Enroll", "IsInherited": false}], "cas_ids": null}, {"Properties": {"name": "CODESIGNING@CERTIFIED.HTB", "highvalue": false, "Template Name": "CodeSigning", "Display Name": "Code Signing", "Enabled": false, "Client Authentication": false, "Enrollment Agent": false, "Any Purpose": false, "Enrollee Supplies Subject": false, "Certificate Name Flag": ["SubjectRequireDirectoryPath", "SubjectAltRequireUpn"], "Enrollment Flag": ["AutoEnrollment"], "Private Key Flag": ["AttestNone"], "Extended Key Usage": ["Code Signing"], "Requires Manager Approval": false, "Requires Key Archival": false, "Authorized Signatures Required": 0, "Validity Period": "1 year", "Renewal Period": "6 weeks", "Minimum RSA Key Length": 2048, "domain": "CERTIFIED.HTB"}, "ObjectIdentifier": "3a20c6a9-7391-4256-8d6a-e721fd7d0b77", "Aces": [{"PrincipalSID": "S-1-5-21-729746778-2675978091-3820388244-519", "PrincipalType": "Group", "RightName": "Owns", "IsInherited": false}, {"PrincipalSID": "S-1-5-21-729746778-2675978091-3820388244-512", "PrincipalType": "Group", "RightName": "WriteOwner", "IsInherited": false}, {"PrincipalSID": "S-1-5-21-729746778-2675978091-3820388244-512", "PrincipalType": "Group", "RightName": "WriteDacl", "IsInherited": false}, {"PrincipalSID": "S-1-5-21-729746778-2675978091-3820388244-512", "PrincipalType": "Group", "RightName": "WriteProperty", "IsInherited": false}, {"PrincipalSID": "S-1-5-21-729746778-2675978091-3820388244-512", "PrincipalType": "Group", "RightName": "Enroll", "IsInherited": false}, {"PrincipalSID": "S-1-5-21-729746778-2675978091-3820388244-519", "PrincipalType": "Group", "RightName": "WriteOwner", "IsInherited": false}, {"PrincipalSID": "S-1-5-21-729746778-2675978091-3820388244-519", "PrincipalType": "Group", "RightName": "WriteDacl", "IsInherited": false}, {"PrincipalSID": "S-1-5-21-729746778-2675978091-3820388244-519", "PrincipalType": "Group", "RightName": "WriteProperty", "IsInherited": false}, {"PrincipalSID": "S-1-5-21-729746778-2675978091-3820388244-519", "PrincipalType": "Group", "RightName": "Enroll", "IsInherited": false}], "cas_ids": null}, {"Properties": {"name": "EFSRECOVERY@CERTIFIED.HTB", "highvalue": false, "Template Name": "EFSRecovery", "Display Name": "EFS Recovery Agent", "Certificate Authorities": ["certified-DC01-CA"], "Enabled": true, "Client Authentication": false, "Enrollment Agent": false, "Any Purpose": false, "Enrollee Supplies Subject": false, "Certificate Name Flag": ["SubjectRequireDirectoryPath", "SubjectAltRequireUpn"], "Enrollment Flag": ["AutoEnrollment", "IncludeSymmetricAlgorithms"], "Private Key Flag": ["ExportableKey"], "Extended Key Usage": ["File Recovery"], "Requires Manager Approval": false, "Requires Key Archival": false, "Authorized Signatures Required": 0, "Validity Period": "5 years", "Renewal Period": "6 weeks", "Minimum RSA Key Length": 2048, "domain": "CERTIFIED.HTB"}, "ObjectIdentifier": "08f75bc7-93cf-4291-805e-173d70ef35ad", "Aces": [{"PrincipalSID": "S-1-5-21-729746778-2675978091-3820388244-519", "PrincipalType": "Group", "RightName": "Owns", "IsInherited": false}, {"PrincipalSID": "S-1-5-21-729746778-2675978091-3820388244-512", "PrincipalType": "Group", "RightName": "WriteOwner", "IsInherited": false}, {"PrincipalSID": "S-1-5-21-729746778-2675978091-3820388244-512", "PrincipalType": "Group", "RightName": "WriteDacl", "IsInherited": false}, {"PrincipalSID": "S-1-5-21-729746778-2675978091-3820388244-512", "PrincipalType": "Group", "RightName": "WriteProperty", "IsInherited": false}, {"PrincipalSID": "S-1-5-21-729746778-2675978091-3820388244-512", "PrincipalType": "Group", "RightName": "Enroll", "IsInherited": false}, {"PrincipalSID": "S-1-5-21-729746778-2675978091-3820388244-519", "PrincipalType": "Group", "RightName": "WriteOwner", "IsInherited": false}, {"PrincipalSID": "S-1-5-21-729746778-2675978091-3820388244-519", "PrincipalType": "Group", "RightName": "WriteDacl", "IsInherited": false}, {"PrincipalSID": "S-1-5-21-729746778-2675978091-3820388244-519", "PrincipalType": "Group", "RightName": "WriteProperty", "IsInherited": false}, {"PrincipalSID": "S-1-5-21-729746778-2675978091-3820388244-519", "PrincipalType": "Group", "RightName": "Enroll", "IsInherited": false}], "cas_ids": ["462c3986-0732-4554-819c-c3d21506cb0c"]}, {"Properties": {"name": "ADMINISTRATOR@CERTIFIED.HTB", "highvalue": false, "Template Name": "Administrator", "Display Name": "Administrator", "Certificate Authorities": ["certified-DC01-CA"], "Enabled": true, "Client Authentication": true, "Enrollment Agent": false, "Any Purpose": false, "Enrollee Supplies Subject": false, "Certificate Name Flag": ["SubjectRequireDirectoryPath", "SubjectRequireEmail", "SubjectAltRequireEmail", "SubjectAltRequireUpn"], "Enrollment Flag": ["AutoEnrollment", "PublishToDs", "IncludeSymmetricAlgorithms"], "Private Key Flag": ["ExportableKey"], "Extended Key Usage": ["Microsoft Trust List Signing", "Encrypting File System", "Secure Email", "Client Authentication"], "Requires Manager Approval": false, "Requires Key Archival": false, "Authorized Signatures Required": 0, "Validity Period": "1 year", "Renewal Period": "6 weeks", "Minimum RSA Key Length": 2048, "domain": "CERTIFIED.HTB"}, "ObjectIdentifier": "f41ed2d9-3f1f-450b-9bb9-83cc9266b453", "Aces": [{"PrincipalSID": "S-1-5-21-729746778-2675978091-3820388244-519", "PrincipalType": "Group", "RightName": "Owns", "IsInherited": false}, {"PrincipalSID": "S-1-5-21-729746778-2675978091-3820388244-512", "PrincipalType": "Group", "RightName": "WriteOwner", "IsInherited": false}, {"PrincipalSID": "S-1-5-21-729746778-2675978091-3820388244-512", "PrincipalType": "Group", "RightName": "WriteDacl", "IsInherited": false}, {"PrincipalSID": "S-1-5-21-729746778-2675978091-3820388244-512", "PrincipalType": "Group", "RightName": "WriteProperty", "IsInherited": false}, {"PrincipalSID": "S-1-5-21-729746778-2675978091-3820388244-512", "PrincipalType": "Group", "RightName": "Enroll", "IsInherited": false}, {"PrincipalSID": "S-1-5-21-729746778-2675978091-3820388244-519", "PrincipalType": "Group", "RightName": "WriteOwner", "IsInherited": false}, {"PrincipalSID": "S-1-5-21-729746778-2675978091-3820388244-519", "PrincipalType": "Group", "RightName": "WriteDacl", "IsInherited": false}, {"PrincipalSID": "S-1-5-21-729746778-2675978091-3820388244-519", "PrincipalType": "Group", "RightName": "WriteProperty", "IsInherited": false}, {"PrincipalSID": "S-1-5-21-729746778-2675978091-3820388244-519", "PrincipalType": "Group", "RightName": "Enroll", "IsInherited": false}], "cas_ids": ["462c3986-0732-4554-819c-c3d21506cb0c"]}, {"Properties": {"name": "EFS@CERTIFIED.HTB", "highvalue": false, "Template Name": "EFS", "Display Name": "Basic EFS", "Certificate Authorities": ["certified-DC01-CA"], "Enabled": true, "Client Authentication": false, "Enrollment Agent": false, "Any Purpose": false, "Enrollee Supplies Subject": false, "Certificate Name Flag": ["SubjectRequireDirectoryPath", "SubjectAltRequireUpn"], "Enrollment Flag": ["AutoEnrollment", "PublishToDs", "IncludeSymmetricAlgorithms"], "Private Key Flag": ["ExportableKey"], "Extended Key Usage": ["Encrypting File System"], "Requires Manager Approval": false, "Requires Key Archival": false, "Authorized Signatures Required": 0, "Validity Period": "1 year", "Renewal Period": "6 weeks", "Minimum RSA Key Length": 2048, "domain": "CERTIFIED.HTB"}, "ObjectIdentifier": "e2b2ce95-962a-4b86-9eda-d116e957b611", "Aces": [{"PrincipalSID": "S-1-5-21-729746778-2675978091-3820388244-519", "PrincipalType": "Group", "RightName": "Owns", "IsInherited": false}, {"PrincipalSID": "S-1-5-21-729746778-2675978091-3820388244-512", "PrincipalType": "Group", "RightName": "WriteOwner", "IsInherited": false}, {"PrincipalSID": "S-1-5-21-729746778-2675978091-3820388244-512", "PrincipalType": "Group", "RightName": "WriteDacl", "IsInherited": false}, {"PrincipalSID": "S-1-5-21-729746778-2675978091-3820388244-512", "PrincipalType": "Group", "RightName": "WriteProperty", "IsInherited": false}, {"PrincipalSID": "S-1-5-21-729746778-2675978091-3820388244-512", "PrincipalType": "Group", "RightName": "Enroll", "IsInherited": false}, {"PrincipalSID": "S-1-5-21-729746778-2675978091-3820388244-513", "PrincipalType": "Group", "RightName": "Enroll", "IsInherited": false}, {"PrincipalSID": "S-1-5-21-729746778-2675978091-3820388244-519", "PrincipalType": "Group", "RightName": "WriteOwner", "IsInherited": false}, {"PrincipalSID": "S-1-5-21-729746778-2675978091-3820388244-519", "PrincipalType": "Group", "RightName": "WriteDacl", "IsInherited": false}, {"PrincipalSID": "S-1-5-21-729746778-2675978091-3820388244-519", "PrincipalType": "Group", "RightName": "WriteProperty", "IsInherited": false}, {"PrincipalSID": "S-1-5-21-729746778-2675978091-3820388244-519", "PrincipalType": "Group", "RightName": "Enroll", "IsInherited": false}], "cas_ids": ["462c3986-0732-4554-819c-c3d21506cb0c"]}, {"Properties": {"name": "SMARTCARDLOGON@CERTIFIED.HTB", "highvalue": false, "Template Name": "SmartcardLogon", "Display Name": "Smartcard Logon", "Enabled": false, "Client Authentication": true, "Enrollment Agent": false, "Any Purpose": false, "Enrollee Supplies Subject": false, "Certificate Name Flag": ["SubjectRequireDirectoryPath", "SubjectAltRequireUpn"], "Enrollment Flag": ["None"], "Private Key Flag": ["AttestNone"], "Extended Key Usage": ["Client Authentication", "Smart Card Logon"], "Requires Manager Approval": false, "Requires Key Archival": false, "Authorized Signatures Required": 0, "Validity Period": "1 year", "Renewal Period": "6 weeks", "Minimum RSA Key Length": 2048, "domain": "CERTIFIED.HTB"}, "ObjectIdentifier": "000af267-f1c6-479e-be50-5a22453543bd", "Aces": [{"PrincipalSID": "S-1-5-21-729746778-2675978091-3820388244-519", "PrincipalType": "Group", "RightName": "Owns", "IsInherited": false}, {"PrincipalSID": "S-1-5-21-729746778-2675978091-3820388244-512", "PrincipalType": "Group", "RightName": "WriteOwner", "IsInherited": false}, {"PrincipalSID": "S-1-5-21-729746778-2675978091-3820388244-512", "PrincipalType": "Group", "RightName": "WriteDacl", "IsInherited": false}, {"PrincipalSID": "S-1-5-21-729746778-2675978091-3820388244-512", "PrincipalType": "Group", "RightName": "WriteProperty", "IsInherited": false}, {"PrincipalSID": "S-1-5-21-729746778-2675978091-3820388244-512", "PrincipalType": "Group", "RightName": "Enroll", "IsInherited": false}, {"PrincipalSID": "S-1-5-21-729746778-2675978091-3820388244-519", "PrincipalType": "Group", "RightName": "WriteOwner", "IsInherited": false}, {"PrincipalSID": "S-1-5-21-729746778-2675978091-3820388244-519", "PrincipalType": "Group", "RightName": "WriteDacl", "IsInherited": false}, {"PrincipalSID": "S-1-5-21-729746778-2675978091-3820388244-519", "PrincipalType": "Group", "RightName": "WriteProperty", "IsInherited": false}, {"PrincipalSID": "S-1-5-21-729746778-2675978091-3820388244-519", "PrincipalType": "Group", "RightName": "Enroll", "IsInherited": false}], "cas_ids": null}, {"Properties": {"name": "CLIENTAUTH@CERTIFIED.HTB", "highvalue": false, "Template Name": "ClientAuth", "Display Name": "Authenticated Session", "Enabled": false, "Client Authentication": true, "Enrollment Agent": false, "Any Purpose": false, "Enrollee Supplies Subject": false, "Certificate Name Flag": ["SubjectRequireDirectoryPath", "SubjectAltRequireUpn"], "Enrollment Flag": ["AutoEnrollment"], "Private Key Flag": ["AttestNone"], "Extended Key Usage": ["Client Authentication"], "Requires Manager Approval": false, "Requires Key Archival": false, "Authorized Signatures Required": 0, "Validity Period": "1 year", "Renewal Period": "6 weeks", "Minimum RSA Key Length": 2048, "domain": "CERTIFIED.HTB"}, "ObjectIdentifier": "05d6c76b-204a-4450-9ec9-7a8ef8437628", "Aces": [{"PrincipalSID": "S-1-5-21-729746778-2675978091-3820388244-519", "PrincipalType": "Group", "RightName": "Owns", "IsInherited": false}, {"PrincipalSID": "S-1-5-21-729746778-2675978091-3820388244-512", "PrincipalType": "Group", "RightName": "WriteOwner", "IsInherited": false}, {"PrincipalSID": "S-1-5-21-729746778-2675978091-3820388244-512", "PrincipalType": "Group", "RightName": "WriteDacl", "IsInherited": false}, {"PrincipalSID": "S-1-5-21-729746778-2675978091-3820388244-512", "PrincipalType": "Group", "RightName": "WriteProperty", "IsInherited": false}, {"PrincipalSID": "S-1-5-21-729746778-2675978091-3820388244-512", "PrincipalType": "Group", "RightName": "Enroll", "IsInherited": false}, {"PrincipalSID": "S-1-5-21-729746778-2675978091-3820388244-513", "PrincipalType": "Group", "RightName": "Enroll", "IsInherited": false}, {"PrincipalSID": "S-1-5-21-729746778-2675978091-3820388244-519", "PrincipalType": "Group", "RightName": "WriteOwner", "IsInherited": false}, {"PrincipalSID": "S-1-5-21-729746778-2675978091-3820388244-519", "PrincipalType": "Group", "RightName": "WriteDacl", "IsInherited": false}, {"PrincipalSID": "S-1-5-21-729746778-2675978091-3820388244-519", "PrincipalType": "Group", "RightName": "WriteProperty", "IsInherited": false}, {"PrincipalSID": "S-1-5-21-729746778-2675978091-3820388244-519", "PrincipalType": "Group", "RightName": "Enroll", "IsInherited": false}], "cas_ids": null}, {"Properties": {"name": "SMARTCARDUSER@CERTIFIED.HTB", "highvalue": false, "Template Name": "SmartcardUser", "Display Name": "Smartcard User", "Enabled": false, "Client Authentication": true, "Enrollment Agent": false, "Any Purpose": false, "Enrollee Supplies Subject": false, "Certificate Name Flag": ["SubjectRequireDirectoryPath", "SubjectRequireEmail", "SubjectAltRequireEmail", "SubjectAltRequireUpn"], "Enrollment Flag": ["PublishToDs", "IncludeSymmetricAlgorithms"], "Private Key Flag": ["AttestNone"], "Extended Key Usage": ["Secure Email", "Client Authentication", "Smart Card Logon"], "Requires Manager Approval": false, "Requires Key Archival": false, "Authorized Signatures Required": 0, "Validity Period": "1 year", "Renewal Period": "6 weeks", "Minimum RSA Key Length": 2048, "domain": "CERTIFIED.HTB"}, "ObjectIdentifier": "2c0aa1ac-ef61-45df-b37c-914c05ce584d", "Aces": [{"PrincipalSID": "S-1-5-21-729746778-2675978091-3820388244-519", "PrincipalType": "Group", "RightName": "Owns", "IsInherited": false}, {"PrincipalSID": "S-1-5-21-729746778-2675978091-3820388244-512", "PrincipalType": "Group", "RightName": "WriteOwner", "IsInherited": false}, {"PrincipalSID": "S-1-5-21-729746778-2675978091-3820388244-512", "PrincipalType": "Group", "RightName": "WriteDacl", "IsInherited": false}, {"PrincipalSID": "S-1-5-21-729746778-2675978091-3820388244-512", "PrincipalType": "Group", "RightName": "WriteProperty", "IsInherited": false}, {"PrincipalSID": "S-1-5-21-729746778-2675978091-3820388244-512", "PrincipalType": "Group", "RightName": "Enroll", "IsInherited": false}, {"PrincipalSID": "S-1-5-21-729746778-2675978091-3820388244-519", "PrincipalType": "Group", "RightName": "WriteOwner", "IsInherited": false}, {"PrincipalSID": "S-1-5-21-729746778-2675978091-3820388244-519", "PrincipalType": "Group", "RightName": "WriteDacl", "IsInherited": false}, {"PrincipalSID": "S-1-5-21-729746778-2675978091-3820388244-519", "PrincipalType": "Group", "RightName": "WriteProperty", "IsInherited": false}, {"PrincipalSID": "S-1-5-21-729746778-2675978091-3820388244-519", "PrincipalType": "Group", "RightName": "Enroll", "IsInherited": false}], "cas_ids": null}, {"Properties": {"name": "USERSIGNATURE@CERTIFIED.HTB", "highvalue": false, "Template Name": "UserSignature", "Display Name": "User Signature Only", "Enabled": false, "Client Authentication": true, "Enrollment Agent": false, "Any Purpose": false, "Enrollee Supplies Subject": false, "Certificate Name Flag": ["SubjectRequireDirectoryPath", "SubjectRequireEmail", "SubjectAltRequireEmail", "SubjectAltRequireUpn"], "Enrollment Flag": ["AutoEnrollment"], "Private Key Flag": ["AttestNone"], "Extended Key Usage": ["Secure Email", "Client Authentication"], "Requires Manager Approval": false, "Requires Key Archival": false, "Authorized Signatures Required": 0, "Validity Period": "1 year", "Renewal Period": "6 weeks", "Minimum RSA Key Length": 2048, "domain": "CERTIFIED.HTB"}, "ObjectIdentifier": "8ad7f0c0-8f66-4434-b7db-acdf497ff9a8", "Aces": [{"PrincipalSID": "S-1-5-21-729746778-2675978091-3820388244-519", "PrincipalType": "Group", "RightName": "Owns", "IsInherited": false}, {"PrincipalSID": "S-1-5-21-729746778-2675978091-3820388244-512", "PrincipalType": "Group", "RightName": "WriteOwner", "IsInherited": false}, {"PrincipalSID": "S-1-5-21-729746778-2675978091-3820388244-512", "PrincipalType": "Group", "RightName": "WriteDacl", "IsInherited": false}, {"PrincipalSID": "S-1-5-21-729746778-2675978091-3820388244-512", "PrincipalType": "Group", "RightName": "WriteProperty", "IsInherited": false}, {"PrincipalSID": "S-1-5-21-729746778-2675978091-3820388244-512", "PrincipalType": "Group", "RightName": "Enroll", "IsInherited": false}, {"PrincipalSID": "S-1-5-21-729746778-2675978091-3820388244-513", "PrincipalType": "Group", "RightName": "Enroll", "IsInherited": false}, {"PrincipalSID": "S-1-5-21-729746778-2675978091-3820388244-519", "PrincipalType": "Group", "RightName": "WriteOwner", "IsInherited": false}, {"PrincipalSID": "S-1-5-21-729746778-2675978091-3820388244-519", "PrincipalType": "Group", "RightName": "WriteDacl", "IsInherited": false}, {"PrincipalSID": "S-1-5-21-729746778-2675978091-3820388244-519", "PrincipalType": "Group", "RightName": "WriteProperty", "IsInherited": false}, {"PrincipalSID": "S-1-5-21-729746778-2675978091-3820388244-519", "PrincipalType": "Group", "RightName": "Enroll", "IsInherited": false}], "cas_ids": null}, {"Properties": {"name": "USER@CERTIFIED.HTB", "highvalue": false, "Template Name": "User", "Display Name": "User", "Certificate Authorities": ["certified-DC01-CA"], "Enabled": true, "Client Authentication": true, "Enrollment Agent": false, "Any Purpose": false, "Enrollee Supplies Subject": false, "Certificate Name Flag": ["SubjectRequireDirectoryPath", "SubjectRequireEmail", "SubjectAltRequireEmail", "SubjectAltRequireUpn"], "Enrollment Flag": ["AutoEnrollment", "PublishToDs", "IncludeSymmetricAlgorithms"], "Private Key Flag": ["ExportableKey"], "Extended Key Usage": ["Encrypting File System", "Secure Email", "Client Authentication"], "Requires Manager Approval": false, "Requires Key Archival": false, "Authorized Signatures Required": 0, "Validity Period": "1 year", "Renewal Period": "6 weeks", "Minimum RSA Key Length": 2048, "domain": "CERTIFIED.HTB"}, "ObjectIdentifier": "552af2b9-b87a-4ac9-8ae1-17fcb114aa86", "Aces": [{"PrincipalSID": "S-1-5-21-729746778-2675978091-3820388244-519", "PrincipalType": "Group", "RightName": "Owns", "IsInherited": false}, {"PrincipalSID": "S-1-5-21-729746778-2675978091-3820388244-512", "PrincipalType": "Group", "RightName": "WriteOwner", "IsInherited": false}, {"PrincipalSID": "S-1-5-21-729746778-2675978091-3820388244-512", "PrincipalType": "Group", "RightName": "WriteDacl", "IsInherited": false}, {"PrincipalSID": "S-1-5-21-729746778-2675978091-3820388244-512", "PrincipalType": "Group", "RightName": "WriteProperty", "IsInherited": false}, {"PrincipalSID": "S-1-5-21-729746778-2675978091-3820388244-512", "PrincipalType": "Group", "RightName": "Enroll", "IsInherited": false}, {"PrincipalSID": "S-1-5-21-729746778-2675978091-3820388244-513", "PrincipalType": "Group", "RightName": "Enroll", "IsInherited": false}, {"PrincipalSID": "S-1-5-21-729746778-2675978091-3820388244-519", "PrincipalType": "Group", "RightName": "WriteOwner", "IsInherited": false}, {"PrincipalSID": "S-1-5-21-729746778-2675978091-3820388244-519", "PrincipalType": "Group", "RightName": "WriteDacl", "IsInherited": false}, {"PrincipalSID": "S-1-5-21-729746778-2675978091-3820388244-519", "PrincipalType": "Group", "RightName": "WriteProperty", "IsInherited": false}, {"PrincipalSID": "S-1-5-21-729746778-2675978091-3820388244-519", "PrincipalType": "Group", "RightName": "Enroll", "IsInherited": false}], "cas_ids": ["462c3986-0732-4554-819c-c3d21506cb0c"]}], "meta": {"count": 34, "type": "templates", "version": 4}}