﻿{"data":[{"ChildObjects":[],"Aces":[{"PrincipalSID":"S-1-5-21-3842939050-3880317879-2865463114-512","PrincipalType":"Group","RightName":"Owns","IsInherited":false},{"PrincipalSID":"S-1-5-21-3842939050-3880317879-2865463114-512","PrincipalType":"Group","RightName":"WriteDacl","IsInherited":false},{"PrincipalSID":"S-1-5-21-3842939050-3880317879-2865463114-512","PrincipalType":"Group","RightName":"WriteOwner","IsInherited":false},{"PrincipalSID":"S-1-5-21-3842939050-3880317879-2865463114-519","PrincipalType":"Group","RightName":"GenericAll","IsInherited":true},{"PrincipalSID":"S-1-5-21-3842939050-3880317879-2865463114-512","PrincipalType":"Group","RightName":"GenericAll","IsInherited":true}],"ObjectIdentifier":"F8787976-FB5A-4A95-BA64-DF82CBAD9222","IsDeleted":false,"IsACLProtected":false,"Properties":{"domain":"INLANEFREIGHT.LOCAL","name":"WMIGPO@INLANEFREIGHT.LOCAL","distinguishedname":"CN=WMIGPO,CN=WMIPOLICY,CN=SYSTEM,DC=INLANEFREIGHT,DC=LOCAL","domainsid":"S-1-5-21-3842939050-3880317879-2865463114","highvalue":false}},{"ChildObjects":[],"Aces":[{"PrincipalSID":"S-1-5-21-3842939050-3880317879-2865463114-512","PrincipalType":"Group","RightName":"Owns","IsInherited":false},{"PrincipalSID":"S-1-5-21-3842939050-3880317879-2865463114-512","PrincipalType":"Group","RightName":"GenericAll","IsInherited":false},{"PrincipalSID":"S-1-5-21-3842939050-3880317879-2865463114-519","PrincipalType":"Group","RightName":"GenericAll","IsInherited":false}],"ObjectIdentifier":"5758D294-C33F-40EA-B5FE-39DB0E898E6C","IsDeleted":false,"IsACLProtected":true,"Properties":{"domain":"INLANEFREIGHT.LOCAL","name":"SOM@INLANEFREIGHT.LOCAL","distinguishedname":"CN=SOM,CN=WMIPOLICY,CN=SYSTEM,DC=INLANEFREIGHT,DC=LOCAL","domainsid":"S-1-5-21-3842939050-3880317879-2865463114","highvalue":false}},{"ChildObjects":[],"Aces":[{"PrincipalSID":"S-1-5-21-3842939050-3880317879-2865463114-512","PrincipalType":"Group","RightName":"Owns","IsInherited":false},{"PrincipalSID":"S-1-5-21-3842939050-3880317879-2865463114-512","PrincipalType":"Group","RightName":"WriteDacl","IsInherited":false},{"PrincipalSID":"S-1-5-21-3842939050-3880317879-2865463114-512","PrincipalType":"Group","RightName":"WriteOwner","IsInherited":false},{"PrincipalSID":"S-1-5-21-3842939050-3880317879-2865463114-519","PrincipalType":"Group","RightName":"GenericAll","IsInherited":true},{"PrincipalSID":"S-1-5-21-3842939050-3880317879-2865463114-512","PrincipalType":"Group","RightName":"GenericAll","IsInherited":true}],"ObjectIdentifier":"989E9A65-8E68-43D2-87B7-02CCC92BEAE0","IsDeleted":false,"IsACLProtected":false,"Properties":{"domain":"INLANEFREIGHT.LOCAL","name":"POLICYTEMPLATE@INLANEFREIGHT.LOCAL","distinguishedname":"CN=POLICYTEMPLATE,CN=WMIPOLICY,CN=SYSTEM,DC=INLANEFREIGHT,DC=LOCAL","domainsid":"S-1-5-21-3842939050-3880317879-2865463114","highvalue":false}},{"ChildObjects":[],"Aces":[{"PrincipalSID":"S-1-5-21-3842939050-3880317879-2865463114-512","PrincipalType":"Group","RightName":"Owns","IsInherited":false},{"PrincipalSID":"S-1-5-21-3842939050-3880317879-2865463114-512","PrincipalType":"Group","RightName":"GenericAll","IsInherited":false},{"PrincipalSID":"S-1-5-21-3842939050-3880317879-2865463114-519","PrincipalType":"Group","RightName":"GenericAll","IsInherited":false}],"ObjectIdentifier":"B5F828CE-B5FC-499E-A948-45191447FE5F","IsDeleted":false,"IsACLProtected":true,"Properties":{"domain":"INLANEFREIGHT.LOCAL","name":"WMIPOLICY@INLANEFREIGHT.LOCAL","distinguishedname":"CN=WMIPOLICY,CN=SYSTEM,DC=INLANEFREIGHT,DC=LOCAL","domainsid":"S-1-5-21-3842939050-3880317879-2865463114","highvalue":false}},{"ChildObjects":[],"Aces":[{"PrincipalSID":"S-1-5-21-3842939050-3880317879-2865463114-512","PrincipalType":"Group","RightName":"Owns","IsInherited":false},{"PrincipalSID":"S-1-5-21-3842939050-3880317879-2865463114-512","PrincipalType":"Group","RightName":"WriteDacl","IsInherited":false},{"PrincipalSID":"S-1-5-21-3842939050-3880317879-2865463114-512","PrincipalType":"Group","RightName":"WriteOwner","IsInherited":false},{"PrincipalSID":"S-1-5-21-3842939050-3880317879-2865463114-519","PrincipalType":"Group","RightName":"GenericAll","IsInherited":true},{"PrincipalSID":"S-1-5-21-3842939050-3880317879-2865463114-512","PrincipalType":"Group","RightName":"GenericAll","IsInherited":true}],"ObjectIdentifier":"7302E3D1-5598-4CD2-A733-E3E30748CA2A","IsDeleted":false,"IsACLProtected":false,"Properties":{"domain":"INLANEFREIGHT.LOCAL","name":"POLICYTYPE@INLANEFREIGHT.LOCAL","distinguishedname":"CN=POLICYTYPE,CN=WMIPOLICY,CN=SYSTEM,DC=INLANEFREIGHT,DC=LOCAL","domainsid":"S-1-5-21-3842939050-3880317879-2865463114","highvalue":false}},{"ChildObjects":[],"Aces":[{"PrincipalSID":"S-1-5-21-3842939050-3880317879-2865463114-512","PrincipalType":"Group","RightName":"Owns","IsInherited":false},{"PrincipalSID":"INLANEFREIGHT.LOCAL-S-1-5-32-544","PrincipalType":"Group","RightName":"WriteDacl","IsInherited":false},{"PrincipalSID":"INLANEFREIGHT.LOCAL-S-1-5-32-544","PrincipalType":"Group","RightName":"WriteOwner","IsInherited":false},{"PrincipalSID":"S-1-5-21-3842939050-3880317879-2865463114-512","PrincipalType":"Group","RightName":"WriteDacl","IsInherited":false},{"PrincipalSID":"S-1-5-21-3842939050-3880317879-2865463114-512","PrincipalType":"Group","RightName":"WriteOwner","IsInherited":false},{"PrincipalSID":"S-1-5-21-3842939050-3880317879-2865463114-519","PrincipalType":"Group","RightName":"WriteDacl","IsInherited":false},{"PrincipalSID":"S-1-5-21-3842939050-3880317879-2865463114-519","PrincipalType":"Group","RightName":"WriteOwner","IsInherited":false}],"ObjectIdentifier":"746994C2-168A-49D0-AB9D-09DE641FA327","IsDeleted":false,"IsACLProtected":true,"Properties":{"domain":"INLANEFREIGHT.LOCAL","name":"ADMINSDHOLDER@INLANEFREIGHT.LOCAL","distinguishedname":"CN=ADMINSDHOLDER,CN=SYSTEM,DC=INLANEFREIGHT,DC=LOCAL","domainsid":"S-1-5-21-3842939050-3880317879-2865463114","highvalue":false}},{"ChildObjects":[],"Aces":[{"PrincipalSID":"S-1-5-21-3842939050-3880317879-2865463114-512","PrincipalType":"Group","RightName":"Owns","IsInherited":false},{"PrincipalSID":"S-1-5-21-3842939050-3880317879-2865463114-512","PrincipalType":"Group","RightName":"WriteDacl","IsInherited":false},{"PrincipalSID":"S-1-5-21-3842939050-3880317879-2865463114-512","PrincipalType":"Group","RightName":"WriteOwner","IsInherited":false},{"PrincipalSID":"S-1-5-21-3842939050-3880317879-2865463114-519","PrincipalType":"Group","RightName":"GenericAll","IsInherited":true},{"PrincipalSID":"INLANEFREIGHT.LOCAL-S-1-5-32-544","PrincipalType":"Group","RightName":"WriteDacl","IsInherited":true},{"PrincipalSID":"INLANEFREIGHT.LOCAL-S-1-5-32-544","PrincipalType":"Group","RightName":"WriteOwner","IsInherited":true}],"ObjectIdentifier":"16ECF633-C4D8-42F5-B808-13D948830330","IsDeleted":false,"IsACLProtected":false,"Properties":{"domain":"INLANEFREIGHT.LOCAL","name":"SYSTEM@INLANEFREIGHT.LOCAL","distinguishedname":"CN=SYSTEM,DC=INLANEFREIGHT,DC=LOCAL","domainsid":"S-1-5-21-3842939050-3880317879-2865463114","highvalue":false}},{"ChildObjects":[],"Aces":[{"PrincipalSID":"S-1-5-21-3842939050-3880317879-2865463114-512","PrincipalType":"Group","RightName":"Owns","IsInherited":false},{"PrincipalSID":"S-1-5-21-3842939050-3880317879-2865463114-512","PrincipalType":"Group","RightName":"WriteDacl","IsInherited":false},{"PrincipalSID":"S-1-5-21-3842939050-3880317879-2865463114-512","PrincipalType":"Group","RightName":"WriteOwner","IsInherited":false},{"PrincipalSID":"S-1-5-21-3842939050-3880317879-2865463114-519","PrincipalType":"Group","RightName":"GenericAll","IsInherited":true},{"PrincipalSID":"INLANEFREIGHT.LOCAL-S-1-5-32-544","PrincipalType":"Group","RightName":"WriteDacl","IsInherited":true},{"PrincipalSID":"INLANEFREIGHT.LOCAL-S-1-5-32-544","PrincipalType":"Group","RightName":"WriteOwner","IsInherited":true}],"ObjectIdentifier":"67A9CCC3-0BAC-455C-B92F-945791B73785","IsDeleted":false,"IsACLProtected":false,"Properties":{"domain":"INLANEFREIGHT.LOCAL","name":"MANAGED SERVICE ACCOUNTS@INLANEFREIGHT.LOCAL","distinguishedname":"CN=MANAGED SERVICE ACCOUNTS,DC=INLANEFREIGHT,DC=LOCAL","domainsid":"S-1-5-21-3842939050-3880317879-2865463114","highvalue":false}},{"ChildObjects":[],"Aces":[{"PrincipalSID":"S-1-5-21-3842939050-3880317879-2865463114-512","PrincipalType":"Group","RightName":"Owns","IsInherited":false},{"PrincipalSID":"S-1-5-21-3842939050-3880317879-2865463114-512","PrincipalType":"Group","RightName":"GenericAll","IsInherited":false},{"PrincipalSID":"S-1-5-21-3842939050-3880317879-2865463114-519","PrincipalType":"Group","RightName":"GenericAll","IsInherited":true},{"PrincipalSID":"INLANEFREIGHT.LOCAL-S-1-5-32-544","PrincipalType":"Group","RightName":"WriteDacl","IsInherited":true},{"PrincipalSID":"INLANEFREIGHT.LOCAL-S-1-5-32-544","PrincipalType":"Group","RightName":"WriteOwner","IsInherited":true}],"ObjectIdentifier":"7585C390-A5C4-45BC-9819-ADC337062F1A","IsDeleted":false,"IsACLProtected":false,"Properties":{"domain":"INLANEFREIGHT.LOCAL","name":"FOREIGNSECURITYPRINCIPALS@INLANEFREIGHT.LOCAL","distinguishedname":"CN=FOREIGNSECURITYPRINCIPALS,DC=INLANEFREIGHT,DC=LOCAL","domainsid":"S-1-5-21-3842939050-3880317879-2865463114","highvalue":false}},{"ChildObjects":[],"Aces":[{"PrincipalSID":"S-1-5-21-3842939050-3880317879-2865463114-512","PrincipalType":"Group","RightName":"Owns","IsInherited":false},{"PrincipalSID":"S-1-5-21-3842939050-3880317879-2865463114-512","PrincipalType":"Group","RightName":"WriteDacl","IsInherited":false},{"PrincipalSID":"S-1-5-21-3842939050-3880317879-2865463114-512","PrincipalType":"Group","RightName":"WriteOwner","IsInherited":false},{"PrincipalSID":"S-1-5-21-3842939050-3880317879-2865463114-519","PrincipalType":"Group","RightName":"GenericAll","IsInherited":true},{"PrincipalSID":"INLANEFREIGHT.LOCAL-S-1-5-32-544","PrincipalType":"Group","RightName":"WriteDacl","IsInherited":true},{"PrincipalSID":"INLANEFREIGHT.LOCAL-S-1-5-32-544","PrincipalType":"Group","RightName":"WriteOwner","IsInherited":true}],"ObjectIdentifier":"40E92C01-712F-4A86-A51D-01E701148749","IsDeleted":false,"IsACLProtected":false,"Properties":{"domain":"INLANEFREIGHT.LOCAL","name":"POLICIES@INLANEFREIGHT.LOCAL","distinguishedname":"CN=POLICIES,CN=SYSTEM,DC=INLANEFREIGHT,DC=LOCAL","domainsid":"S-1-5-21-3842939050-3880317879-2865463114","highvalue":false}},{"ChildObjects":[],"Aces":[{"PrincipalSID":"S-1-5-21-3842939050-3880317879-2865463114-512","PrincipalType":"Group","RightName":"Owns","IsInherited":false},{"PrincipalSID":"S-1-5-21-3842939050-3880317879-2865463114-512","PrincipalType":"Group","RightName":"WriteDacl","IsInherited":false},{"PrincipalSID":"S-1-5-21-3842939050-3880317879-2865463114-512","PrincipalType":"Group","RightName":"WriteOwner","IsInherited":false},{"PrincipalSID":"S-1-5-21-3842939050-3880317879-2865463114-519","PrincipalType":"Group","RightName":"GenericAll","IsInherited":true},{"PrincipalSID":"INLANEFREIGHT.LOCAL-S-1-5-32-544","PrincipalType":"Group","RightName":"WriteDacl","IsInherited":true},{"PrincipalSID":"INLANEFREIGHT.LOCAL-S-1-5-32-544","PrincipalType":"Group","RightName":"WriteOwner","IsInherited":true}],"ObjectIdentifier":"F6BAE18C-A6BE-4301-9789-32D1D15AAAA2","IsDeleted":false,"IsACLProtected":false,"Properties":{"domain":"INLANEFREIGHT.LOCAL","name":"COMPARTITIONSETS@INLANEFREIGHT.LOCAL","distinguishedname":"CN=COMPARTITIONSETS,CN=SYSTEM,DC=INLANEFREIGHT,DC=LOCAL","domainsid":"S-1-5-21-3842939050-3880317879-2865463114","highvalue":false}},{"ChildObjects":[],"Aces":[{"PrincipalSID":"S-1-5-21-3842939050-3880317879-2865463114-512","PrincipalType":"Group","RightName":"Owns","IsInherited":false},{"PrincipalSID":"S-1-5-21-3842939050-3880317879-2865463114-512","PrincipalType":"Group","RightName":"WriteDacl","IsInherited":false},{"PrincipalSID":"S-1-5-21-3842939050-3880317879-2865463114-512","PrincipalType":"Group","RightName":"WriteOwner","IsInherited":false},{"PrincipalSID":"S-1-5-21-3842939050-3880317879-2865463114-519","PrincipalType":"Group","RightName":"GenericAll","IsInherited":true},{"PrincipalSID":"INLANEFREIGHT.LOCAL-S-1-5-32-544","PrincipalType":"Group","RightName":"WriteDacl","IsInherited":true},{"PrincipalSID":"INLANEFREIGHT.LOCAL-S-1-5-32-544","PrincipalType":"Group","RightName":"WriteOwner","IsInherited":true}],"ObjectIdentifier":"AD1960F3-78E0-47EC-8A1B-AFE6DBAFB1DD","IsDeleted":false,"IsACLProtected":false,"Properties":{"domain":"INLANEFREIGHT.LOCAL","name":"COMPARTITIONS@INLANEFREIGHT.LOCAL","distinguishedname":"CN=COMPARTITIONS,CN=SYSTEM,DC=INLANEFREIGHT,DC=LOCAL","domainsid":"S-1-5-21-3842939050-3880317879-2865463114","highvalue":false}},{"ChildObjects":[],"Aces":[{"PrincipalSID":"S-1-5-21-3842939050-3880317879-2865463114-512","PrincipalType":"Group","RightName":"Owns","IsInherited":false},{"PrincipalSID":"S-1-5-21-3842939050-3880317879-2865463114-512","PrincipalType":"Group","RightName":"GenericAll","IsInherited":false},{"PrincipalSID":"S-1-5-21-3842939050-3880317879-2865463114-519","PrincipalType":"Group","RightName":"GenericAll","IsInherited":true},{"PrincipalSID":"INLANEFREIGHT.LOCAL-S-1-5-32-544","PrincipalType":"Group","RightName":"WriteDacl","IsInherited":true},{"PrincipalSID":"INLANEFREIGHT.LOCAL-S-1-5-32-544","PrincipalType":"Group","RightName":"WriteOwner","IsInherited":true}],"ObjectIdentifier":"3F39DD32-F91C-4684-A129-BDCDED72B701","IsDeleted":false,"IsACLProtected":false,"Properties":{"domain":"INLANEFREIGHT.LOCAL","name":"PSPS@INLANEFREIGHT.LOCAL","distinguishedname":"CN=PSPS,CN=SYSTEM,DC=INLANEFREIGHT,DC=LOCAL","domainsid":"S-1-5-21-3842939050-3880317879-2865463114","highvalue":false}},{"ChildObjects":[],"Aces":[{"PrincipalSID":"S-1-5-21-3842939050-3880317879-2865463114-512","PrincipalType":"Group","RightName":"Owns","IsInherited":false},{"PrincipalSID":"S-1-5-21-3842939050-3880317879-2865463114-512","PrincipalType":"Group","RightName":"WriteDacl","IsInherited":false},{"PrincipalSID":"S-1-5-21-3842939050-3880317879-2865463114-512","PrincipalType":"Group","RightName":"WriteOwner","IsInherited":false},{"PrincipalSID":"S-1-5-21-3842939050-3880317879-2865463114-519","PrincipalType":"Group","RightName":"GenericAll","IsInherited":true},{"PrincipalSID":"INLANEFREIGHT.LOCAL-S-1-5-32-544","PrincipalType":"Group","RightName":"WriteDacl","IsInherited":true},{"PrincipalSID":"INLANEFREIGHT.LOCAL-S-1-5-32-544","PrincipalType":"Group","RightName":"WriteOwner","IsInherited":true}],"ObjectIdentifier":"27616708-89BB-46C4-8F58-628648B5F51D","IsDeleted":false,"IsACLProtected":false,"Properties":{"domain":"INLANEFREIGHT.LOCAL","name":"RPCSERVICES@INLANEFREIGHT.LOCAL","distinguishedname":"CN=RPCSERVICES,CN=SYSTEM,DC=INLANEFREIGHT,DC=LOCAL","domainsid":"S-1-5-21-3842939050-3880317879-2865463114","highvalue":false}},{"ChildObjects":[],"Aces":[{"PrincipalSID":"S-1-5-21-3842939050-3880317879-2865463114-512","PrincipalType":"Group","RightName":"Owns","IsInherited":false},{"PrincipalSID":"S-1-5-21-3842939050-3880317879-2865463114-512","PrincipalType":"Group","RightName":"WriteDacl","IsInherited":false},{"PrincipalSID":"S-1-5-21-3842939050-3880317879-2865463114-512","PrincipalType":"Group","RightName":"WriteOwner","IsInherited":false},{"PrincipalSID":"S-1-5-21-3842939050-3880317879-2865463114-519","PrincipalType":"Group","RightName":"GenericAll","IsInherited":true},{"PrincipalSID":"INLANEFREIGHT.LOCAL-S-1-5-32-544","PrincipalType":"Group","RightName":"WriteDacl","IsInherited":true},{"PrincipalSID":"INLANEFREIGHT.LOCAL-S-1-5-32-544","PrincipalType":"Group","RightName":"WriteOwner","IsInherited":true}],"ObjectIdentifier":"993A87BD-D0C3-47F2-BA9A-56D4959F36B1","IsDeleted":false,"IsACLProtected":false,"Properties":{"domain":"INLANEFREIGHT.LOCAL","name":"MEETINGS@INLANEFREIGHT.LOCAL","distinguishedname":"CN=MEETINGS,CN=SYSTEM,DC=INLANEFREIGHT,DC=LOCAL","domainsid":"S-1-5-21-3842939050-3880317879-2865463114","highvalue":false}},{"ChildObjects":[],"Aces":[{"PrincipalSID":"S-1-5-21-3842939050-3880317879-2865463114-512","PrincipalType":"Group","RightName":"Owns","IsInherited":false},{"PrincipalSID":"S-1-5-21-3842939050-3880317879-2865463114-512","PrincipalType":"Group","RightName":"GenericAll","IsInherited":false},{"PrincipalSID":"S-1-5-21-3842939050-3880317879-2865463114-519","PrincipalType":"Group","RightName":"GenericAll","IsInherited":true},{"PrincipalSID":"INLANEFREIGHT.LOCAL-S-1-5-32-544","PrincipalType":"Group","RightName":"WriteDacl","IsInherited":true},{"PrincipalSID":"INLANEFREIGHT.LOCAL-S-1-5-32-544","PrincipalType":"Group","RightName":"WriteOwner","IsInherited":true}],"ObjectIdentifier":"604224DC-1FEE-4C4D-8C25-D0E49AD5FF29","IsDeleted":false,"IsACLProtected":false,"Properties":{"domain":"INLANEFREIGHT.LOCAL","name":"MICROSOFT@INLANEFREIGHT.LOCAL","distinguishedname":"CN=MICROSOFT,CN=PROGRAM DATA,DC=INLANEFREIGHT,DC=LOCAL","domainsid":"S-1-5-21-3842939050-3880317879-2865463114","highvalue":false}},{"ChildObjects":[],"Aces":[{"PrincipalSID":"S-1-5-21-3842939050-3880317879-2865463114-512","PrincipalType":"Group","RightName":"Owns","IsInherited":false},{"PrincipalSID":"S-1-5-21-3842939050-3880317879-2865463114-512","PrincipalType":"Group","RightName":"GenericAll","IsInherited":false},{"PrincipalSID":"S-1-5-21-3842939050-3880317879-2865463114-519","PrincipalType":"Group","RightName":"GenericAll","IsInherited":true},{"PrincipalSID":"INLANEFREIGHT.LOCAL-S-1-5-32-544","PrincipalType":"Group","RightName":"WriteDacl","IsInherited":true},{"PrincipalSID":"INLANEFREIGHT.LOCAL-S-1-5-32-544","PrincipalType":"Group","RightName":"WriteOwner","IsInherited":true}],"ObjectIdentifier":"81F18744-7FC4-4F65-8486-59860E6FCAE5","IsDeleted":false,"IsACLProtected":false,"Properties":{"domain":"INLANEFREIGHT.LOCAL","name":"PROGRAM DATA@INLANEFREIGHT.LOCAL","distinguishedname":"CN=PROGRAM DATA,DC=INLANEFREIGHT,DC=LOCAL","domainsid":"S-1-5-21-3842939050-3880317879-2865463114","highvalue":false}},{"ChildObjects":[],"Aces":[{"PrincipalSID":"S-1-5-21-3842939050-3880317879-2865463114-512","PrincipalType":"Group","RightName":"Owns","IsInherited":false},{"PrincipalSID":"S-1-5-21-3842939050-3880317879-2865463114-553","PrincipalType":"Group","RightName":"WriteDacl","IsInherited":false},{"PrincipalSID":"S-1-5-21-3842939050-3880317879-2865463114-553","PrincipalType":"Group","RightName":"WriteOwner","IsInherited":false},{"PrincipalSID":"S-1-5-21-3842939050-3880317879-2865463114-519","PrincipalType":"Group","RightName":"GenericAll","IsInherited":true},{"PrincipalSID":"INLANEFREIGHT.LOCAL-S-1-5-32-544","PrincipalType":"Group","RightName":"WriteDacl","IsInherited":true},{"PrincipalSID":"INLANEFREIGHT.LOCAL-S-1-5-32-544","PrincipalType":"Group","RightName":"WriteOwner","IsInherited":true}],"ObjectIdentifier":"772532F4-E72C-4F2A-AA3E-15596D58B718","IsDeleted":false,"IsACLProtected":false,"Properties":{"domain":"INLANEFREIGHT.LOCAL","name":"RAS AND IAS SERVERS ACCESS CHECK@INLANEFREIGHT.LOCAL","distinguishedname":"CN=RAS AND IAS SERVERS ACCESS CHECK,CN=SYSTEM,DC=INLANEFREIGHT,DC=LOCAL","domainsid":"S-1-5-21-3842939050-3880317879-2865463114","highvalue":false}},{"ChildObjects":[],"Aces":[{"PrincipalSID":"S-1-5-21-3842939050-3880317879-2865463114-512","PrincipalType":"Group","RightName":"Owns","IsInherited":false},{"PrincipalSID":"S-1-5-21-3842939050-3880317879-2865463114-512","PrincipalType":"Group","RightName":"WriteDacl","IsInherited":false},{"PrincipalSID":"S-1-5-21-3842939050-3880317879-2865463114-512","PrincipalType":"Group","RightName":"WriteOwner","IsInherited":false},{"PrincipalSID":"S-1-5-21-3842939050-3880317879-2865463114-519","PrincipalType":"Group","RightName":"GenericAll","IsInherited":true},{"PrincipalSID":"INLANEFREIGHT.LOCAL-S-1-5-32-544","PrincipalType":"Group","RightName":"WriteDacl","IsInherited":true},{"PrincipalSID":"INLANEFREIGHT.LOCAL-S-1-5-32-544","PrincipalType":"Group","RightName":"WriteOwner","IsInherited":true}],"ObjectIdentifier":"0F282005-9DAE-4963-8BA3-1F76E3913E45","IsDeleted":false,"IsACLProtected":false,"Properties":{"domain":"INLANEFREIGHT.LOCAL","name":"WINSOCKSERVICES@INLANEFREIGHT.LOCAL","distinguishedname":"CN=WINSOCKSERVICES,CN=SYSTEM,DC=INLANEFREIGHT,DC=LOCAL","domainsid":"S-1-5-21-3842939050-3880317879-2865463114","highvalue":false}},{"ChildObjects":[{"ObjectIdentifier":"S-1-5-21-3842939050-3880317879-2865463114-5201","ObjectType":"Group"},{"ObjectIdentifier":"0508B16A-5DD1-49E3-A69D-C25972F43430","ObjectType":"Container"}],"Aces":[{"PrincipalSID":"S-1-5-21-3842939050-3880317879-2865463114-512","PrincipalType":"Group","RightName":"Owns","IsInherited":false},{"PrincipalSID":"S-1-5-21-3842939050-3880317879-2865463114-519","PrincipalType":"Group","RightName":"GenericAll","IsInherited":true},{"PrincipalSID":"INLANEFREIGHT.LOCAL-S-1-5-32-544","PrincipalType":"Group","RightName":"WriteDacl","IsInherited":true},{"PrincipalSID":"INLANEFREIGHT.LOCAL-S-1-5-32-544","PrincipalType":"Group","RightName":"WriteOwner","IsInherited":true}],"ObjectIdentifier":"E8AFCB96-F926-44BC-8FCF-C7F720DB4934","IsDeleted":false,"IsACLProtected":false,"Properties":{"domain":"INLANEFREIGHT.LOCAL","name":"MICROSOFT EXCHANGE SYSTEM OBJECTS@INLANEFREIGHT.LOCAL","distinguishedname":"CN=MICROSOFT EXCHANGE SYSTEM OBJECTS,DC=INLANEFREIGHT,DC=LOCAL","domainsid":"S-1-5-21-3842939050-3880317879-2865463114","highvalue":false}},{"ChildObjects":[{"ObjectIdentifier":"S-1-5-21-3842939050-3880317879-2865463114-500","ObjectType":"User"},{"ObjectIdentifier":"S-1-5-21-3842939050-3880317879-2865463114-571","ObjectType":"Group"},{"ObjectIdentifier":"S-1-5-21-3842939050-3880317879-2865463114-517","ObjectType":"Group"},{"ObjectIdentifier":"S-1-5-21-3842939050-3880317879-2865463114-5633","ObjectType":"User"},{"ObjectIdentifier":"S-1-5-21-3842939050-3880317879-2865463114-522","ObjectType":"Group"},{"ObjectIdentifier":"S-1-5-21-3842939050-3880317879-2865463114-572","ObjectType":"Group"},{"ObjectIdentifier":"S-1-5-21-3842939050-3880317879-2865463114-5245","ObjectType":"Group"},{"ObjectIdentifier":"S-1-5-21-3842939050-3880317879-2865463114-1103","ObjectType":"Group"},{"ObjectIdentifier":"S-1-5-21-3842939050-3880317879-2865463114-1104","ObjectType":"Group"},{"ObjectIdentifier":"S-1-5-21-3842939050-3880317879-2865463114-512","ObjectType":"Group"},{"ObjectIdentifier":"S-1-5-21-3842939050-3880317879-2865463114-515","ObjectType":"Group"},{"ObjectIdentifier":"S-1-5-21-3842939050-3880317879-2865463114-516","ObjectType":"Group"},{"ObjectIdentifier":"S-1-5-21-3842939050-3880317879-2865463114-514","ObjectType":"Group"},{"ObjectIdentifier":"S-1-5-21-3842939050-3880317879-2865463114-513","ObjectType":"Group"},{"ObjectIdentifier":"S-1-5-21-3842939050-3880317879-2865463114-519","ObjectType":"Group"},{"ObjectIdentifier":"S-1-5-21-3842939050-3880317879-2865463114-527","ObjectType":"Group"},{"ObjectIdentifier":"S-1-5-21-3842939050-3880317879-2865463114-498","ObjectType":"Group"},{"ObjectIdentifier":"S-1-5-21-3842939050-3880317879-2865463114-520","ObjectType":"Group"},{"ObjectIdentifier":"S-1-5-21-3842939050-3880317879-2865463114-501","ObjectType":"User"},{"ObjectIdentifier":"S-1-5-21-3842939050-3880317879-2865463114-1111","ObjectType":"User"},{"ObjectIdentifier":"S-1-5-21-3842939050-3880317879-2865463114-5197","ObjectType":"User"},{"ObjectIdentifier":"S-1-5-21-3842939050-3880317879-2865463114-5196","ObjectType":"User"},{"ObjectIdentifier":"S-1-5-21-3842939050-3880317879-2865463114-5192","ObjectType":"User"},{"ObjectIdentifier":"S-1-5-21-3842939050-3880317879-2865463114-5194","ObjectType":"User"},{"ObjectIdentifier":"S-1-5-21-3842939050-3880317879-2865463114-5195","ObjectType":"User"},{"ObjectIdentifier":"S-1-5-21-3842939050-3880317879-2865463114-5191","ObjectType":"User"},{"ObjectIdentifier":"S-1-5-21-3842939050-3880317879-2865463114-5200","ObjectType":"User"},{"ObjectIdentifier":"S-1-5-21-3842939050-3880317879-2865463114-5193","ObjectType":"User"},{"ObjectIdentifier":"S-1-5-21-3842939050-3880317879-2865463114-5199","ObjectType":"User"},{"ObjectIdentifier":"S-1-5-21-3842939050-3880317879-2865463114-5198","ObjectType":"User"},{"ObjectIdentifier":"S-1-5-21-3842939050-3880317879-2865463114-526","ObjectType":"Group"},{"ObjectIdentifier":"S-1-5-21-3842939050-3880317879-2865463114-502","ObjectType":"User"},{"ObjectIdentifier":"S-1-5-21-3842939050-3880317879-2865463114-1001","ObjectType":"User"},{"ObjectIdentifier":"S-1-5-21-3842939050-3880317879-2865463114-5213","ObjectType":"User"},{"ObjectIdentifier":"S-1-5-21-3842939050-3880317879-2865463114-525","ObjectType":"Group"},{"ObjectIdentifier":"S-1-5-21-3842939050-3880317879-2865463114-553","ObjectType":"Group"},{"ObjectIdentifier":"S-1-5-21-3842939050-3880317879-2865463114-521","ObjectType":"Group"},{"ObjectIdentifier":"S-1-5-21-3842939050-3880317879-2865463114-7104","ObjectType":"User"},{"ObjectIdentifier":"S-1-5-21-3842939050-3880317879-2865463114-518","ObjectType":"Group"},{"ObjectIdentifier":"S-1-5-21-3842939050-3880317879-2865463114-6603","ObjectType":"User"},{"ObjectIdentifier":"S-1-5-21-3842939050-3880317879-2865463114-5604","ObjectType":"User"},{"ObjectIdentifier":"S-1-5-21-3842939050-3880317879-2865463114-5605","ObjectType":"User"}],"Aces":[{"PrincipalSID":"S-1-5-21-3842939050-3880317879-2865463114-512","PrincipalType":"Group","RightName":"Owns","IsInherited":false},{"PrincipalSID":"S-1-5-21-3842939050-3880317879-2865463114-512","PrincipalType":"Group","RightName":"WriteDacl","IsInherited":false},{"PrincipalSID":"S-1-5-21-3842939050-3880317879-2865463114-512","PrincipalType":"Group","RightName":"WriteOwner","IsInherited":false},{"PrincipalSID":"S-1-5-21-3842939050-3880317879-2865463114-519","PrincipalType":"Group","RightName":"GenericAll","IsInherited":true},{"PrincipalSID":"INLANEFREIGHT.LOCAL-S-1-5-32-544","PrincipalType":"Group","RightName":"WriteDacl","IsInherited":true},{"PrincipalSID":"INLANEFREIGHT.LOCAL-S-1-5-32-544","PrincipalType":"Group","RightName":"WriteOwner","IsInherited":true}],"ObjectIdentifier":"99ABF98D-79ED-4134-BE24-1C3613B0C2A0","IsDeleted":false,"IsACLProtected":false,"Properties":{"domain":"INLANEFREIGHT.LOCAL","name":"USERS@INLANEFREIGHT.LOCAL","distinguishedname":"CN=USERS,DC=INLANEFREIGHT,DC=LOCAL","domainsid":"S-1-5-21-3842939050-3880317879-2865463114","highvalue":false}},{"ChildObjects":[{"ObjectIdentifier":"S-1-5-21-3842939050-3880317879-2865463114-5225","ObjectType":"Computer"},{"ObjectIdentifier":"S-1-5-21-3842939050-3880317879-2865463114-5224","ObjectType":"Computer"},{"ObjectIdentifier":"S-1-5-21-3842939050-3880317879-2865463114-5234","ObjectType":"Computer"},{"ObjectIdentifier":"S-1-5-21-3842939050-3880317879-2865463114-5236","ObjectType":"Computer"},{"ObjectIdentifier":"S-1-5-21-3842939050-3880317879-2865463114-6607","ObjectType":"Computer"},{"ObjectIdentifier":"S-1-5-21-3842939050-3880317879-2865463114-6605","ObjectType":"Computer"},{"ObjectIdentifier":"S-1-5-21-3842939050-3880317879-2865463114-5240","ObjectType":"Computer"},{"ObjectIdentifier":"S-1-5-21-3842939050-3880317879-2865463114-5235","ObjectType":"Computer"},{"ObjectIdentifier":"S-1-5-21-3842939050-3880317879-2865463114-5630","ObjectType":"Computer"},{"ObjectIdentifier":"S-1-5-21-3842939050-3880317879-2865463114-5231","ObjectType":"Computer"},{"ObjectIdentifier":"S-1-5-21-3842939050-3880317879-2865463114-6606","ObjectType":"Computer"},{"ObjectIdentifier":"S-1-5-21-3842939050-3880317879-2865463114-5238","ObjectType":"Computer"},{"ObjectIdentifier":"S-1-5-21-3842939050-3880317879-2865463114-5232","ObjectType":"Computer"},{"ObjectIdentifier":"S-1-5-21-3842939050-3880317879-2865463114-5237","ObjectType":"Computer"},{"ObjectIdentifier":"S-1-5-21-3842939050-3880317879-2865463114-5233","ObjectType":"Computer"},{"ObjectIdentifier":"S-1-5-21-3842939050-3880317879-2865463114-5229","ObjectType":"Computer"},{"ObjectIdentifier":"S-1-5-21-3842939050-3880317879-2865463114-6604","ObjectType":"Computer"},{"ObjectIdentifier":"S-1-5-21-3842939050-3880317879-2865463114-5230","ObjectType":"Computer"}],"Aces":[{"PrincipalSID":"S-1-5-21-3842939050-3880317879-2865463114-512","PrincipalType":"Group","RightName":"Owns","IsInherited":false},{"PrincipalSID":"S-1-5-21-3842939050-3880317879-2865463114-512","PrincipalType":"Group","RightName":"WriteDacl","IsInherited":false},{"PrincipalSID":"S-1-5-21-3842939050-3880317879-2865463114-512","PrincipalType":"Group","RightName":"WriteOwner","IsInherited":false},{"PrincipalSID":"S-1-5-21-3842939050-3880317879-2865463114-519","PrincipalType":"Group","RightName":"GenericAll","IsInherited":true},{"PrincipalSID":"INLANEFREIGHT.LOCAL-S-1-5-32-544","PrincipalType":"Group","RightName":"WriteDacl","IsInherited":true},{"PrincipalSID":"INLANEFREIGHT.LOCAL-S-1-5-32-544","PrincipalType":"Group","RightName":"WriteOwner","IsInherited":true}],"ObjectIdentifier":"A21675D0-27A5-47D9-A662-F838AD13C295","IsDeleted":false,"IsACLProtected":false,"Properties":{"domain":"INLANEFREIGHT.LOCAL","name":"COMPUTERS@INLANEFREIGHT.LOCAL","distinguishedname":"CN=COMPUTERS,DC=INLANEFREIGHT,DC=LOCAL","domainsid":"S-1-5-21-3842939050-3880317879-2865463114","highvalue":false}},{"ChildObjects":[{"ObjectIdentifier":"S-1-5-21-3842939050-3880317879-2865463114-5205","ObjectType":"User"},{"ObjectIdentifier":"S-1-5-21-3842939050-3880317879-2865463114-5206","ObjectType":"User"},{"ObjectIdentifier":"S-1-5-21-3842939050-3880317879-2865463114-5204","ObjectType":"User"},{"ObjectIdentifier":"S-1-5-21-3842939050-3880317879-2865463114-5208","ObjectType":"User"},{"ObjectIdentifier":"S-1-5-21-3842939050-3880317879-2865463114-5627","ObjectType":"User"},{"ObjectIdentifier":"S-1-5-21-3842939050-3880317879-2865463114-5623","ObjectType":"User"},{"ObjectIdentifier":"S-1-5-21-3842939050-3880317879-2865463114-5209","ObjectType":"User"},{"ObjectIdentifier":"S-1-5-21-3842939050-3880317879-2865463114-5203","ObjectType":"User"},{"ObjectIdentifier":"S-1-5-21-3842939050-3880317879-2865463114-5207","ObjectType":"User"},{"ObjectIdentifier":"S-1-5-21-3842939050-3880317879-2865463114-5622","ObjectType":"User"},{"ObjectIdentifier":"S-1-5-21-3842939050-3880317879-2865463114-5210","ObjectType":"User"},{"ObjectIdentifier":"S-1-5-21-3842939050-3880317879-2865463114-5625","ObjectType":"User"},{"ObjectIdentifier":"S-1-5-21-3842939050-3880317879-2865463114-5629","ObjectType":"User"},{"ObjectIdentifier":"S-1-5-21-3842939050-3880317879-2865463114-5211","ObjectType":"User"},{"ObjectIdentifier":"S-1-5-21-3842939050-3880317879-2865463114-5212","ObjectType":"User"},{"ObjectIdentifier":"S-1-5-21-3842939050-3880317879-2865463114-5626","ObjectType":"User"},{"ObjectIdentifier":"S-1-5-21-3842939050-3880317879-2865463114-5620","ObjectType":"User"},{"ObjectIdentifier":"S-1-5-21-3842939050-3880317879-2865463114-5621","ObjectType":"User"},{"ObjectIdentifier":"S-1-5-21-3842939050-3880317879-2865463114-5624","ObjectType":"User"},{"ObjectIdentifier":"S-1-5-21-3842939050-3880317879-2865463114-5628","ObjectType":"User"},{"ObjectIdentifier":"S-1-5-21-3842939050-3880317879-2865463114-5619","ObjectType":"User"},{"ObjectIdentifier":"S-1-5-21-3842939050-3880317879-2865463114-5202","ObjectType":"User"}],"Aces":[{"PrincipalSID":"S-1-5-21-3842939050-3880317879-2865463114-512","PrincipalType":"Group","RightName":"Owns","IsInherited":false},{"PrincipalSID":"S-1-5-21-3842939050-3880317879-2865463114-512","PrincipalType":"Group","RightName":"GenericAll","IsInherited":false},{"PrincipalSID":"S-1-5-21-3842939050-3880317879-2865463114-519","PrincipalType":"Group","RightName":"GenericAll","IsInherited":true},{"PrincipalSID":"INLANEFREIGHT.LOCAL-S-1-5-32-544","PrincipalType":"Group","RightName":"WriteDacl","IsInherited":true},{"PrincipalSID":"INLANEFREIGHT.LOCAL-S-1-5-32-544","PrincipalType":"Group","RightName":"WriteOwner","IsInherited":true}],"ObjectIdentifier":"0508B16A-5DD1-49E3-A69D-C25972F43430","IsDeleted":false,"IsACLProtected":false,"Properties":{"domain":"INLANEFREIGHT.LOCAL","name":"MONITORING MAILBOXES@INLANEFREIGHT.LOCAL","distinguishedname":"CN=MONITORING MAILBOXES,CN=MICROSOFT EXCHANGE SYSTEM OBJECTS,DC=INLANEFREIGHT,DC=LOCAL","domainsid":"S-1-5-21-3842939050-3880317879-2865463114","highvalue":false}}],"meta":{"methods":29695,"type":"containers","count":23,"version":4}}