﻿{"data":[{"Aces":[{"PrincipalSID":"S-1-5-21-3842939050-3880317879-2865463114-512","PrincipalType":"Group","RightName":"Owns","IsInherited":false},{"PrincipalSID":"S-1-5-21-3842939050-3880317879-2865463114-512","PrincipalType":"Group","RightName":"WriteDacl","IsInherited":false},{"PrincipalSID":"S-1-5-21-3842939050-3880317879-2865463114-512","PrincipalType":"Group","RightName":"WriteOwner","IsInherited":false},{"PrincipalSID":"S-1-5-21-3842939050-3880317879-2865463114-512","PrincipalType":"Group","RightName":"GenericWrite","IsInherited":false},{"PrincipalSID":"S-1-5-21-3842939050-3880317879-2865463114-512","PrincipalType":"Group","RightName":"WriteDacl","IsInherited":false},{"PrincipalSID":"S-1-5-21-3842939050-3880317879-2865463114-512","PrincipalType":"Group","RightName":"WriteOwner","IsInherited":false},{"PrincipalSID":"S-1-5-21-3842939050-3880317879-2865463114-512","PrincipalType":"Group","RightName":"GenericWrite","IsInherited":false},{"PrincipalSID":"S-1-5-21-3842939050-3880317879-2865463114-519","PrincipalType":"Group","RightName":"WriteDacl","IsInherited":false},{"PrincipalSID":"S-1-5-21-3842939050-3880317879-2865463114-519","PrincipalType":"Group","RightName":"WriteOwner","IsInherited":false},{"PrincipalSID":"S-1-5-21-3842939050-3880317879-2865463114-519","PrincipalType":"Group","RightName":"GenericWrite","IsInherited":false}],"ObjectIdentifier":"31EEFA20-DCD9-4065-A342-F331CDBA2359","IsDeleted":false,"IsACLProtected":true,"Properties":{"domain":"INLANEFREIGHT.LOCAL","name":"DEFAULT DOMAIN CONTROLLERS POLICY@INLANEFREIGHT.LOCAL","distinguishedname":"CN={6AC1786C-016F-11D2-945F-00C04FB984F9},CN=POLICIES,CN=SYSTEM,DC=INLANEFREIGHT,DC=LOCAL","domainsid":"S-1-5-21-3842939050-3880317879-2865463114","highvalue":false,"description":null,"whencreated":1635322405,"gpcpath":"\\\\INLANEFREIGHT.LOCAL\\SYSVOL\\INLANEFREIGHT.LOCAL\\POLICIES\\{6AC1786C-016F-11D2-945F-00C04FB984F9}"}},{"Aces":[{"PrincipalSID":"S-1-5-21-3842939050-3880317879-2865463114-512","PrincipalType":"Group","RightName":"Owns","IsInherited":false},{"PrincipalSID":"S-1-5-21-3842939050-3880317879-2865463114-512","PrincipalType":"Group","RightName":"WriteDacl","IsInherited":false},{"PrincipalSID":"S-1-5-21-3842939050-3880317879-2865463114-512","PrincipalType":"Group","RightName":"WriteOwner","IsInherited":false},{"PrincipalSID":"S-1-5-21-3842939050-3880317879-2865463114-512","PrincipalType":"Group","RightName":"GenericWrite","IsInherited":false},{"PrincipalSID":"S-1-5-21-3842939050-3880317879-2865463114-512","PrincipalType":"Group","RightName":"WriteDacl","IsInherited":false},{"PrincipalSID":"S-1-5-21-3842939050-3880317879-2865463114-512","PrincipalType":"Group","RightName":"WriteOwner","IsInherited":false},{"PrincipalSID":"S-1-5-21-3842939050-3880317879-2865463114-512","PrincipalType":"Group","RightName":"GenericWrite","IsInherited":false},{"PrincipalSID":"S-1-5-21-3842939050-3880317879-2865463114-519","PrincipalType":"Group","RightName":"WriteDacl","IsInherited":false},{"PrincipalSID":"S-1-5-21-3842939050-3880317879-2865463114-519","PrincipalType":"Group","RightName":"WriteOwner","IsInherited":false},{"PrincipalSID":"S-1-5-21-3842939050-3880317879-2865463114-519","PrincipalType":"Group","RightName":"GenericWrite","IsInherited":false}],"ObjectIdentifier":"04D9B8FF-630C-43D4-988C-5EB35D50FFF1","IsDeleted":false,"IsACLProtected":true,"Properties":{"domain":"INLANEFREIGHT.LOCAL","name":"DEFAULT DOMAIN POLICY@INLANEFREIGHT.LOCAL","distinguishedname":"CN={31B2F340-016D-11D2-945F-00C04FB984F9},CN=POLICIES,CN=SYSTEM,DC=INLANEFREIGHT,DC=LOCAL","domainsid":"S-1-5-21-3842939050-3880317879-2865463114","highvalue":false,"description":null,"whencreated":1635322405,"gpcpath":"\\\\INLANEFREIGHT.LOCAL\\SYSVOL\\INLANEFREIGHT.LOCAL\\POLICIES\\{31B2F340-016D-11D2-945F-00C04FB984F9}"}},{"Aces":[{"PrincipalSID":"S-1-5-21-3842939050-3880317879-2865463114-512","PrincipalType":"Group","RightName":"Owns","IsInherited":false},{"PrincipalSID":"S-1-5-21-3842939050-3880317879-2865463114-512","PrincipalType":"Group","RightName":"WriteDacl","IsInherited":false},{"PrincipalSID":"S-1-5-21-3842939050-3880317879-2865463114-512","PrincipalType":"Group","RightName":"WriteOwner","IsInherited":false},{"PrincipalSID":"S-1-5-21-3842939050-3880317879-2865463114-512","PrincipalType":"Group","RightName":"GenericWrite","IsInherited":false},{"PrincipalSID":"S-1-5-21-3842939050-3880317879-2865463114-519","PrincipalType":"Group","RightName":"WriteDacl","IsInherited":false},{"PrincipalSID":"S-1-5-21-3842939050-3880317879-2865463114-519","PrincipalType":"Group","RightName":"WriteOwner","IsInherited":false},{"PrincipalSID":"S-1-5-21-3842939050-3880317879-2865463114-519","PrincipalType":"Group","RightName":"GenericWrite","IsInherited":false}],"ObjectIdentifier":"3E4A7BC2-6B78-43C8-8FC9-205F7A2154D8","IsDeleted":false,"IsACLProtected":true,"Properties":{"domain":"INLANEFREIGHT.LOCAL","name":"DENY CONTROL PANEL ACCESS@INLANEFREIGHT.LOCAL","distinguishedname":"CN={F12B926C-D962-4B47-88C5-3307444ED140},CN=POLICIES,CN=SYSTEM,DC=INLANEFREIGHT,DC=LOCAL","domainsid":"S-1-5-21-3842939050-3880317879-2865463114","highvalue":false,"description":null,"whencreated":1635433157,"gpcpath":"\\\\INLANEFREIGHT.LOCAL\\SYSVOL\\INLANEFREIGHT.LOCAL\\POLICIES\\{F12B926C-D962-4B47-88C5-3307444ED140}"}},{"Aces":[{"PrincipalSID":"S-1-5-21-3842939050-3880317879-2865463114-512","PrincipalType":"Group","RightName":"Owns","IsInherited":false},{"PrincipalSID":"S-1-5-21-3842939050-3880317879-2865463114-512","PrincipalType":"Group","RightName":"WriteDacl","IsInherited":false},{"PrincipalSID":"S-1-5-21-3842939050-3880317879-2865463114-512","PrincipalType":"Group","RightName":"WriteOwner","IsInherited":false},{"PrincipalSID":"S-1-5-21-3842939050-3880317879-2865463114-512","PrincipalType":"Group","RightName":"GenericWrite","IsInherited":false},{"PrincipalSID":"S-1-5-21-3842939050-3880317879-2865463114-519","PrincipalType":"Group","RightName":"WriteDacl","IsInherited":false},{"PrincipalSID":"S-1-5-21-3842939050-3880317879-2865463114-519","PrincipalType":"Group","RightName":"WriteOwner","IsInherited":false},{"PrincipalSID":"S-1-5-21-3842939050-3880317879-2865463114-519","PrincipalType":"Group","RightName":"GenericWrite","IsInherited":false}],"ObjectIdentifier":"5124D893-DD66-4054-A70B-4FDD2F34747B","IsDeleted":false,"IsACLProtected":true,"Properties":{"domain":"INLANEFREIGHT.LOCAL","name":"DISALLOW LM HASH@INLANEFREIGHT.LOCAL","distinguishedname":"CN={8CB79526-7F77-4A8B-8452-59D28B35AFA2},CN=POLICIES,CN=SYSTEM,DC=INLANEFREIGHT,DC=LOCAL","domainsid":"S-1-5-21-3842939050-3880317879-2865463114","highvalue":false,"description":null,"whencreated":1635433290,"gpcpath":"\\\\INLANEFREIGHT.LOCAL\\SYSVOL\\INLANEFREIGHT.LOCAL\\POLICIES\\{8CB79526-7F77-4A8B-8452-59D28B35AFA2}"}},{"Aces":[{"PrincipalSID":"S-1-5-21-3842939050-3880317879-2865463114-512","PrincipalType":"Group","RightName":"Owns","IsInherited":false},{"PrincipalSID":"S-1-5-21-3842939050-3880317879-2865463114-512","PrincipalType":"Group","RightName":"WriteDacl","IsInherited":false},{"PrincipalSID":"S-1-5-21-3842939050-3880317879-2865463114-512","PrincipalType":"Group","RightName":"WriteOwner","IsInherited":false},{"PrincipalSID":"S-1-5-21-3842939050-3880317879-2865463114-512","PrincipalType":"Group","RightName":"GenericWrite","IsInherited":false},{"PrincipalSID":"S-1-5-21-3842939050-3880317879-2865463114-519","PrincipalType":"Group","RightName":"WriteDacl","IsInherited":false},{"PrincipalSID":"S-1-5-21-3842939050-3880317879-2865463114-519","PrincipalType":"Group","RightName":"WriteOwner","IsInherited":false},{"PrincipalSID":"S-1-5-21-3842939050-3880317879-2865463114-519","PrincipalType":"Group","RightName":"GenericWrite","IsInherited":false}],"ObjectIdentifier":"DE7B0307-513C-44E6-BB04-E4A3B27D4E38","IsDeleted":false,"IsACLProtected":true,"Properties":{"domain":"INLANEFREIGHT.LOCAL","name":"DENY CMD ACCESS@INLANEFREIGHT.LOCAL","distinguishedname":"CN={9365C403-05E8-4856-9337-C7682657BF47},CN=POLICIES,CN=SYSTEM,DC=INLANEFREIGHT,DC=LOCAL","domainsid":"S-1-5-21-3842939050-3880317879-2865463114","highvalue":false,"description":null,"whencreated":1635433433,"gpcpath":"\\\\INLANEFREIGHT.LOCAL\\SYSVOL\\INLANEFREIGHT.LOCAL\\POLICIES\\{9365C403-05E8-4856-9337-C7682657BF47}"}},{"Aces":[{"PrincipalSID":"S-1-5-21-3842939050-3880317879-2865463114-512","PrincipalType":"Group","RightName":"Owns","IsInherited":false},{"PrincipalSID":"S-1-5-21-3842939050-3880317879-2865463114-512","PrincipalType":"Group","RightName":"WriteDacl","IsInherited":false},{"PrincipalSID":"S-1-5-21-3842939050-3880317879-2865463114-512","PrincipalType":"Group","RightName":"WriteOwner","IsInherited":false},{"PrincipalSID":"S-1-5-21-3842939050-3880317879-2865463114-512","PrincipalType":"Group","RightName":"GenericWrite","IsInherited":false},{"PrincipalSID":"S-1-5-21-3842939050-3880317879-2865463114-519","PrincipalType":"Group","RightName":"WriteDacl","IsInherited":false},{"PrincipalSID":"S-1-5-21-3842939050-3880317879-2865463114-519","PrincipalType":"Group","RightName":"WriteOwner","IsInherited":false},{"PrincipalSID":"S-1-5-21-3842939050-3880317879-2865463114-519","PrincipalType":"Group","RightName":"GenericWrite","IsInherited":false}],"ObjectIdentifier":"7FBEFF79-CF68-486B-A76D-0FB68B9D26C8","IsDeleted":false,"IsACLProtected":true,"Properties":{"domain":"INLANEFREIGHT.LOCAL","name":"DISABLE FORCED RESTARTS@INLANEFREIGHT.LOCAL","distinguishedname":"CN={EB4C1509-C723-4BF2-8A6A-CC4451A739EB},CN=POLICIES,CN=SYSTEM,DC=INLANEFREIGHT,DC=LOCAL","domainsid":"S-1-5-21-3842939050-3880317879-2865463114","highvalue":false,"description":null,"whencreated":1635433694,"gpcpath":"\\\\INLANEFREIGHT.LOCAL\\SYSVOL\\INLANEFREIGHT.LOCAL\\POLICIES\\{EB4C1509-C723-4BF2-8A6A-CC4451A739EB}"}},{"Aces":[{"PrincipalSID":"S-1-5-21-3842939050-3880317879-2865463114-512","PrincipalType":"Group","RightName":"Owns","IsInherited":false},{"PrincipalSID":"S-1-5-21-3842939050-3880317879-2865463114-512","PrincipalType":"Group","RightName":"WriteDacl","IsInherited":false},{"PrincipalSID":"S-1-5-21-3842939050-3880317879-2865463114-512","PrincipalType":"Group","RightName":"WriteOwner","IsInherited":false},{"PrincipalSID":"S-1-5-21-3842939050-3880317879-2865463114-512","PrincipalType":"Group","RightName":"GenericWrite","IsInherited":false},{"PrincipalSID":"S-1-5-21-3842939050-3880317879-2865463114-519","PrincipalType":"Group","RightName":"WriteDacl","IsInherited":false},{"PrincipalSID":"S-1-5-21-3842939050-3880317879-2865463114-519","PrincipalType":"Group","RightName":"WriteOwner","IsInherited":false},{"PrincipalSID":"S-1-5-21-3842939050-3880317879-2865463114-519","PrincipalType":"Group","RightName":"GenericWrite","IsInherited":false}],"ObjectIdentifier":"C92E727B-F0A9-4259-9FC4-3F1FDC4C9014","IsDeleted":false,"IsACLProtected":true,"Properties":{"domain":"INLANEFREIGHT.LOCAL","name":"BLOCK REMOVABLE MEDIA@INLANEFREIGHT.LOCAL","distinguishedname":"CN={C5549EEC-6CCE-4F16-8E44-8AA1BF734069},CN=POLICIES,CN=SYSTEM,DC=INLANEFREIGHT,DC=LOCAL","domainsid":"S-1-5-21-3842939050-3880317879-2865463114","highvalue":false,"description":null,"whencreated":1635434000,"gpcpath":"\\\\INLANEFREIGHT.LOCAL\\SYSVOL\\INLANEFREIGHT.LOCAL\\POLICIES\\{C5549EEC-6CCE-4F16-8E44-8AA1BF734069}"}},{"Aces":[{"PrincipalSID":"S-1-5-21-3842939050-3880317879-2865463114-512","PrincipalType":"Group","RightName":"Owns","IsInherited":false},{"PrincipalSID":"S-1-5-21-3842939050-3880317879-2865463114-512","PrincipalType":"Group","RightName":"WriteDacl","IsInherited":false},{"PrincipalSID":"S-1-5-21-3842939050-3880317879-2865463114-512","PrincipalType":"Group","RightName":"WriteOwner","IsInherited":false},{"PrincipalSID":"S-1-5-21-3842939050-3880317879-2865463114-512","PrincipalType":"Group","RightName":"GenericWrite","IsInherited":false},{"PrincipalSID":"S-1-5-21-3842939050-3880317879-2865463114-519","PrincipalType":"Group","RightName":"WriteDacl","IsInherited":false},{"PrincipalSID":"S-1-5-21-3842939050-3880317879-2865463114-519","PrincipalType":"Group","RightName":"WriteOwner","IsInherited":false},{"PrincipalSID":"S-1-5-21-3842939050-3880317879-2865463114-519","PrincipalType":"Group","RightName":"GenericWrite","IsInherited":false}],"ObjectIdentifier":"5058CA60-4931-4652-9EDC-07DE75268EAA","IsDeleted":false,"IsACLProtected":true,"Properties":{"domain":"INLANEFREIGHT.LOCAL","name":"DISABLE GUEST ACCOUNT@INLANEFREIGHT.LOCAL","distinguishedname":"CN={46685C63-BCFA-4B9A-BC42-E1E911E073B3},CN=POLICIES,CN=SYSTEM,DC=INLANEFREIGHT,DC=LOCAL","domainsid":"S-1-5-21-3842939050-3880317879-2865463114","highvalue":false,"description":null,"whencreated":1635434051,"gpcpath":"\\\\INLANEFREIGHT.LOCAL\\SYSVOL\\INLANEFREIGHT.LOCAL\\POLICIES\\{46685C63-BCFA-4B9A-BC42-E1E911E073B3}"}},{"Aces":[{"PrincipalSID":"S-1-5-21-3842939050-3880317879-2865463114-512","PrincipalType":"Group","RightName":"Owns","IsInherited":false},{"PrincipalSID":"S-1-5-21-3842939050-3880317879-2865463114-512","PrincipalType":"Group","RightName":"WriteDacl","IsInherited":false},{"PrincipalSID":"S-1-5-21-3842939050-3880317879-2865463114-512","PrincipalType":"Group","RightName":"WriteOwner","IsInherited":false},{"PrincipalSID":"S-1-5-21-3842939050-3880317879-2865463114-512","PrincipalType":"Group","RightName":"GenericWrite","IsInherited":false},{"PrincipalSID":"S-1-5-21-3842939050-3880317879-2865463114-519","PrincipalType":"Group","RightName":"WriteDacl","IsInherited":false},{"PrincipalSID":"S-1-5-21-3842939050-3880317879-2865463114-519","PrincipalType":"Group","RightName":"WriteOwner","IsInherited":false},{"PrincipalSID":"S-1-5-21-3842939050-3880317879-2865463114-519","PrincipalType":"Group","RightName":"GenericWrite","IsInherited":false}],"ObjectIdentifier":"9AEEB58E-65FD-4471-9D56-74EB40369E53","IsDeleted":false,"IsACLProtected":true,"Properties":{"domain":"INLANEFREIGHT.LOCAL","name":"SERVICE ACCOUNTS PASSWORD POLICY@INLANEFREIGHT.LOCAL","distinguishedname":"CN={CEBA52FA-FC99-4BF9-A28D-56EBA11E3511},CN=POLICIES,CN=SYSTEM,DC=INLANEFREIGHT,DC=LOCAL","domainsid":"S-1-5-21-3842939050-3880317879-2865463114","highvalue":false,"description":null,"whencreated":1635434225,"gpcpath":"\\\\INLANEFREIGHT.LOCAL\\SYSVOL\\INLANEFREIGHT.LOCAL\\POLICIES\\{CEBA52FA-FC99-4BF9-A28D-56EBA11E3511}"}},{"Aces":[{"PrincipalSID":"S-1-5-21-3842939050-3880317879-2865463114-512","PrincipalType":"Group","RightName":"Owns","IsInherited":false},{"PrincipalSID":"S-1-5-21-3842939050-3880317879-2865463114-512","PrincipalType":"Group","RightName":"WriteDacl","IsInherited":false},{"PrincipalSID":"S-1-5-21-3842939050-3880317879-2865463114-512","PrincipalType":"Group","RightName":"WriteOwner","IsInherited":false},{"PrincipalSID":"S-1-5-21-3842939050-3880317879-2865463114-512","PrincipalType":"Group","RightName":"GenericWrite","IsInherited":false},{"PrincipalSID":"S-1-5-21-3842939050-3880317879-2865463114-519","PrincipalType":"Group","RightName":"WriteDacl","IsInherited":false},{"PrincipalSID":"S-1-5-21-3842939050-3880317879-2865463114-519","PrincipalType":"Group","RightName":"WriteOwner","IsInherited":false},{"PrincipalSID":"S-1-5-21-3842939050-3880317879-2865463114-519","PrincipalType":"Group","RightName":"GenericWrite","IsInherited":false}],"ObjectIdentifier":"6F52C29A-284E-44BF-B369-1DCCBF5F6829","IsDeleted":false,"IsACLProtected":true,"Properties":{"domain":"INLANEFREIGHT.LOCAL","name":"LOGON BANNER@INLANEFREIGHT.LOCAL","distinguishedname":"CN={DDBB8574-E94E-4525-8C9D-ABABE31223D0},CN=POLICIES,CN=SYSTEM,DC=INLANEFREIGHT,DC=LOCAL","domainsid":"S-1-5-21-3842939050-3880317879-2865463114","highvalue":false,"description":null,"whencreated":1635434745,"gpcpath":"\\\\INLANEFREIGHT.LOCAL\\SYSVOL\\INLANEFREIGHT.LOCAL\\POLICIES\\{DDBB8574-E94E-4525-8C9D-ABABE31223D0}"}},{"Aces":[{"PrincipalSID":"S-1-5-21-3842939050-3880317879-2865463114-512","PrincipalType":"Group","RightName":"Owns","IsInherited":false},{"PrincipalSID":"S-1-5-21-3842939050-3880317879-2865463114-512","PrincipalType":"Group","RightName":"WriteDacl","IsInherited":false},{"PrincipalSID":"S-1-5-21-3842939050-3880317879-2865463114-512","PrincipalType":"Group","RightName":"WriteOwner","IsInherited":false},{"PrincipalSID":"S-1-5-21-3842939050-3880317879-2865463114-512","PrincipalType":"Group","RightName":"GenericWrite","IsInherited":false},{"PrincipalSID":"S-1-5-21-3842939050-3880317879-2865463114-519","PrincipalType":"Group","RightName":"WriteDacl","IsInherited":false},{"PrincipalSID":"S-1-5-21-3842939050-3880317879-2865463114-519","PrincipalType":"Group","RightName":"WriteOwner","IsInherited":false},{"PrincipalSID":"S-1-5-21-3842939050-3880317879-2865463114-519","PrincipalType":"Group","RightName":"GenericWrite","IsInherited":false}],"ObjectIdentifier":"FBB52F58-F41A-47BA-8901-F251FB4EFEE5","IsDeleted":false,"IsACLProtected":true,"Properties":{"domain":"INLANEFREIGHT.LOCAL","name":"DISABLE NETBIOS@INLANEFREIGHT.LOCAL","distinguishedname":"CN={31D00A6F-8698-4653-9192-2A286637B1FE},CN=POLICIES,CN=SYSTEM,DC=INLANEFREIGHT,DC=LOCAL","domainsid":"S-1-5-21-3842939050-3880317879-2865463114","highvalue":false,"description":null,"whencreated":1646081360,"gpcpath":"\\\\INLANEFREIGHT.LOCAL\\SYSVOL\\INLANEFREIGHT.LOCAL\\POLICIES\\{31D00A6F-8698-4653-9192-2A286637B1FE}"}},{"Aces":[{"PrincipalSID":"S-1-5-21-3842939050-3880317879-2865463114-512","PrincipalType":"Group","RightName":"Owns","IsInherited":false},{"PrincipalSID":"S-1-5-21-3842939050-3880317879-2865463114-512","PrincipalType":"Group","RightName":"WriteDacl","IsInherited":false},{"PrincipalSID":"S-1-5-21-3842939050-3880317879-2865463114-512","PrincipalType":"Group","RightName":"WriteOwner","IsInherited":false},{"PrincipalSID":"S-1-5-21-3842939050-3880317879-2865463114-512","PrincipalType":"Group","RightName":"GenericWrite","IsInherited":false},{"PrincipalSID":"S-1-5-21-3842939050-3880317879-2865463114-519","PrincipalType":"Group","RightName":"WriteDacl","IsInherited":false},{"PrincipalSID":"S-1-5-21-3842939050-3880317879-2865463114-519","PrincipalType":"Group","RightName":"WriteOwner","IsInherited":false},{"PrincipalSID":"S-1-5-21-3842939050-3880317879-2865463114-519","PrincipalType":"Group","RightName":"GenericWrite","IsInherited":false}],"ObjectIdentifier":"1B737426-33A9-42BB-88B6-83FD3D2A49EE","IsDeleted":false,"IsACLProtected":true,"Properties":{"domain":"INLANEFREIGHT.LOCAL","name":"AUTOLOGON@INLANEFREIGHT.LOCAL","distinguishedname":"CN={47BC6ADB-1E50-478E-A55E-5D90CD8CFCE1},CN=POLICIES,CN=SYSTEM,DC=INLANEFREIGHT,DC=LOCAL","domainsid":"S-1-5-21-3842939050-3880317879-2865463114","highvalue":false,"description":null,"whencreated":1646767946,"gpcpath":"\\\\INLANEFREIGHT.LOCAL\\SYSVOL\\INLANEFREIGHT.LOCAL\\POLICIES\\{47BC6ADB-1E50-478E-A55E-5D90CD8CFCE1}"}},{"Aces":[{"PrincipalSID":"S-1-5-21-3842939050-3880317879-2865463114-512","PrincipalType":"Group","RightName":"Owns","IsInherited":false},{"PrincipalSID":"S-1-5-21-3842939050-3880317879-2865463114-512","PrincipalType":"Group","RightName":"WriteDacl","IsInherited":false},{"PrincipalSID":"S-1-5-21-3842939050-3880317879-2865463114-512","PrincipalType":"Group","RightName":"WriteOwner","IsInherited":false},{"PrincipalSID":"S-1-5-21-3842939050-3880317879-2865463114-512","PrincipalType":"Group","RightName":"GenericWrite","IsInherited":false},{"PrincipalSID":"S-1-5-21-3842939050-3880317879-2865463114-519","PrincipalType":"Group","RightName":"WriteDacl","IsInherited":false},{"PrincipalSID":"S-1-5-21-3842939050-3880317879-2865463114-519","PrincipalType":"Group","RightName":"WriteOwner","IsInherited":false},{"PrincipalSID":"S-1-5-21-3842939050-3880317879-2865463114-519","PrincipalType":"Group","RightName":"GenericWrite","IsInherited":false}],"ObjectIdentifier":"9D61B0E0-9710-46BD-A85D-696AEB05412D","IsDeleted":false,"IsACLProtected":true,"Properties":{"domain":"INLANEFREIGHT.LOCAL","name":"CERTIFICATE SERVICES@INLANEFREIGHT.LOCAL","distinguishedname":"CN={1C373A72-F4CB-4E26-A811-879B475ABD73},CN=POLICIES,CN=SYSTEM,DC=INLANEFREIGHT,DC=LOCAL","domainsid":"S-1-5-21-3842939050-3880317879-2865463114","highvalue":false,"description":null,"whencreated":1649147068,"gpcpath":"\\\\INLANEFREIGHT.LOCAL\\SYSVOL\\INLANEFREIGHT.LOCAL\\POLICIES\\{1C373A72-F4CB-4E26-A811-879B475ABD73}"}},{"Aces":[{"PrincipalSID":"S-1-5-21-3842939050-3880317879-2865463114-512","PrincipalType":"Group","RightName":"Owns","IsInherited":false},{"PrincipalSID":"S-1-5-21-3842939050-3880317879-2865463114-512","PrincipalType":"Group","RightName":"WriteDacl","IsInherited":false},{"PrincipalSID":"S-1-5-21-3842939050-3880317879-2865463114-512","PrincipalType":"Group","RightName":"WriteOwner","IsInherited":false},{"PrincipalSID":"S-1-5-21-3842939050-3880317879-2865463114-512","PrincipalType":"Group","RightName":"GenericWrite","IsInherited":false},{"PrincipalSID":"S-1-5-21-3842939050-3880317879-2865463114-519","PrincipalType":"Group","RightName":"WriteDacl","IsInherited":false},{"PrincipalSID":"S-1-5-21-3842939050-3880317879-2865463114-519","PrincipalType":"Group","RightName":"WriteOwner","IsInherited":false},{"PrincipalSID":"S-1-5-21-3842939050-3880317879-2865463114-519","PrincipalType":"Group","RightName":"GenericWrite","IsInherited":false}],"ObjectIdentifier":"02923747-6FA3-4E6E-8514-C34F0ABCEF52","IsDeleted":false,"IsACLProtected":true,"Properties":{"domain":"INLANEFREIGHT.LOCAL","name":"GUARDAUTOLOGON@INLANEFREIGHT.LOCAL","distinguishedname":"CN={CAEBB51E-92FD-431D-8DBE-F9312DB5617D},CN=POLICIES,CN=SYSTEM,DC=INLANEFREIGHT,DC=LOCAL","domainsid":"S-1-5-21-3842939050-3880317879-2865463114","highvalue":false,"description":null,"whencreated":1646768742,"gpcpath":"\\\\INLANEFREIGHT.LOCAL\\SYSVOL\\INLANEFREIGHT.LOCAL\\POLICIES\\{CAEBB51E-92FD-431D-8DBE-F9312DB5617D}"}},{"Aces":[{"PrincipalSID":"S-1-5-21-3842939050-3880317879-2865463114-512","PrincipalType":"Group","RightName":"Owns","IsInherited":false},{"PrincipalSID":"INLANEFREIGHT.LOCAL-S-1-5-11","PrincipalType":"Group","RightName":"WriteDacl","IsInherited":false},{"PrincipalSID":"INLANEFREIGHT.LOCAL-S-1-5-11","PrincipalType":"Group","RightName":"WriteOwner","IsInherited":false},{"PrincipalSID":"INLANEFREIGHT.LOCAL-S-1-5-11","PrincipalType":"Group","RightName":"GenericWrite","IsInherited":false},{"PrincipalSID":"S-1-5-21-3842939050-3880317879-2865463114-512","PrincipalType":"Group","RightName":"WriteDacl","IsInherited":false},{"PrincipalSID":"S-1-5-21-3842939050-3880317879-2865463114-512","PrincipalType":"Group","RightName":"WriteOwner","IsInherited":false},{"PrincipalSID":"S-1-5-21-3842939050-3880317879-2865463114-512","PrincipalType":"Group","RightName":"GenericWrite","IsInherited":false},{"PrincipalSID":"S-1-5-21-3842939050-3880317879-2865463114-513","PrincipalType":"Group","RightName":"WriteDacl","IsInherited":false},{"PrincipalSID":"S-1-5-21-3842939050-3880317879-2865463114-513","PrincipalType":"Group","RightName":"WriteOwner","IsInherited":false},{"PrincipalSID":"S-1-5-21-3842939050-3880317879-2865463114-513","PrincipalType":"Group","RightName":"GenericWrite","IsInherited":false},{"PrincipalSID":"S-1-5-21-3842939050-3880317879-2865463114-519","PrincipalType":"Group","RightName":"WriteDacl","IsInherited":false},{"PrincipalSID":"S-1-5-21-3842939050-3880317879-2865463114-519","PrincipalType":"Group","RightName":"WriteOwner","IsInherited":false},{"PrincipalSID":"S-1-5-21-3842939050-3880317879-2865463114-519","PrincipalType":"Group","RightName":"GenericWrite","IsInherited":false}],"ObjectIdentifier":"E1ED7CEA-4ADA-41B7-9E63-5F90443282DC","IsDeleted":false,"IsACLProtected":true,"Properties":{"domain":"INLANEFREIGHT.LOCAL","name":"DISCONNECT IDLE RDP@INLANEFREIGHT.LOCAL","distinguishedname":"CN={7CA9C789-14CE-46E3-A722-83F4097AF532},CN=POLICIES,CN=SYSTEM,DC=INLANEFREIGHT,DC=LOCAL","domainsid":"S-1-5-21-3842939050-3880317879-2865463114","highvalue":false,"description":null,"whencreated":1635435247,"gpcpath":"\\\\INLANEFREIGHT.LOCAL\\SYSVOL\\INLANEFREIGHT.LOCAL\\POLICIES\\{7CA9C789-14CE-46E3-A722-83F4097AF532}"}}],"meta":{"methods":29695,"type":"gpos","count":15,"version":4}}