{
  "_config_name": "views.view.blocks",
  "name": "blocks",
  "description": "Administrative listing for managing Bean blocks.",
  "tag": "",
  "disabled": false,
  "base_table": "bean",
  "module": "bean",
  "human_name": "Blocks",
  "core": "1.x",
  "display": {
    "default": {
      "display_title": "Default",
      "display_plugin": "default",
      "display_options": {
        "query": {
          "type": "views_query",
          "options": []
        },
        "access": {
          "type": "perm",
          "perm": "view bean page"
        },
        "cache": {
          "type": "none"
        },
        "exposed_form": {
          "type": "basic",
          "options": {
            "submit_button": "Apply",
            "reset_button": 1,
            "reset_button_label": "Reset",
            "exposed_sorts_label": "Sort by",
            "expose_sort_order": 1,
            "sort_asc_label": "Asc",
            "sort_desc_label": "Desc",
            "autosubmit": 0,
            "autosubmit_hide": 1
          }
        },
        "pager": {
          "type": "full",
          "options": {
            "items_per_page": "50",
            "offset": "0",
            "id": "0",
            "total_pages": "",
            "quantity": "9",
            "tags": {
              "first": "« first",
              "previous": "‹ previous",
              "next": "next ›",
              "last": "last »"
            },
            "expose": {
              "items_per_page": 0,
              "items_per_page_label": "Items per page",
              "items_per_page_options": "5, 10, 20, 40, 60",
              "items_per_page_options_all": 0,
              "items_per_page_options_all_label": "- All -",
              "offset": 0,
              "offset_label": "Offset"
            }
          }
        },
        "style_plugin": "table",
        "row_plugin": "fields",
        "fields": {
          "bulk_form_1": {
            "id": "bulk_form_1",
            "table": "bean",
            "field": "bulk_form",
            "relationship": "none",
            "group_type": "group",
            "ui_name": "",
            "label": "",
            "exclude": 0,
            "alter": {
              "alter_text": 0,
              "text": "",
              "make_link": 0,
              "path": "",
              "absolute": 0,
              "external": 0,
              "replace_spaces": 0,
              "path_case": "none",
              "trim_whitespace": 0,
              "alt": "",
              "rel": "",
              "link_class": "",
              "prefix": "",
              "suffix": "",
              "target": "",
              "nl2br": 0,
              "max_length": "",
              "word_boundary": 1,
              "ellipsis": 1,
              "more_link": 0,
              "more_link_text": "",
              "more_link_path": "",
              "strip_tags": 0,
              "trim": 0,
              "preserve_tags": "",
              "html": 0
            },
            "element_type": "",
            "element_class": "",
            "element_label_type": "",
            "element_label_class": "",
            "element_label_colon": false,
            "element_wrapper_type": "",
            "element_wrapper_class": "",
            "element_default_classes": 1,
            "empty": "",
            "hide_empty": 0,
            "empty_zero": 0,
            "hide_alter_empty": 1,
            "include_exclude": "exclude",
            "selected_actions": []
          },
          "delta": {
            "id": "delta",
            "table": "bean",
            "field": "delta",
            "relationship": "none",
            "group_type": "group",
            "ui_name": "",
            "label": "",
            "exclude": 1,
            "alter": {
              "alter_text": 0,
              "text": "",
              "make_link": 0,
              "path": "",
              "absolute": 0,
              "external": 0,
              "replace_spaces": 0,
              "path_case": "none",
              "trim_whitespace": 0,
              "alt": "",
              "rel": "",
              "link_class": "",
              "prefix": "",
              "suffix": "",
              "target": "",
              "nl2br": 0,
              "max_length": "",
              "word_boundary": 1,
              "ellipsis": 1,
              "more_link": 0,
              "more_link_text": "",
              "more_link_path": "",
              "strip_tags": 0,
              "trim": 0,
              "preserve_tags": "",
              "html": 0
            },
            "element_type": "",
            "element_class": "",
            "element_label_type": "",
            "element_label_class": "",
            "element_label_colon": false,
            "element_wrapper_type": "",
            "element_wrapper_class": "",
            "element_default_classes": 1,
            "empty": "",
            "hide_empty": 0,
            "empty_zero": 0,
            "hide_alter_empty": 1
          },
          "title": {
            "id": "title",
            "table": "bean",
            "field": "title",
            "relationship": "none",
            "group_type": "group",
            "ui_name": "",
            "label": "Title",
            "exclude": 0,
            "alter": {
              "alter_text": 0,
              "text": "",
              "make_link": 1,
              "path": "block/[delta]",
              "absolute": 0,
              "external": 0,
              "replace_spaces": 0,
              "path_case": "none",
              "trim_whitespace": 0,
              "alt": "",
              "rel": "",
              "link_class": "",
              "prefix": "",
              "suffix": "",
              "target": "",
              "nl2br": 0,
              "max_length": "",
              "word_boundary": 1,
              "ellipsis": 1,
              "more_link": 0,
              "more_link_text": "",
              "more_link_path": "",
              "strip_tags": 0,
              "trim": 0,
              "preserve_tags": "",
              "html": 0
            },
            "element_type": "",
            "element_class": "",
            "element_label_type": "",
            "element_label_class": "",
            "element_label_colon": 1,
            "element_wrapper_type": "",
            "element_wrapper_class": "",
            "element_default_classes": 1,
            "empty": "",
            "hide_empty": 0,
            "empty_zero": 0,
            "hide_alter_empty": 1
          },
          "label": {
            "id": "label",
            "table": "bean",
            "field": "label",
            "relationship": "none",
            "group_type": "group",
            "ui_name": "",
            "label": "Label",
            "exclude": 0,
            "alter": {
              "alter_text": 1,
              "text": "[label]\r\n<div class=\"machine-name\">(Machine name: [delta])</div>",
              "make_link": 0,
              "path": "",
              "absolute": 0,
              "external": 0,
              "replace_spaces": 0,
              "path_case": "none",
              "trim_whitespace": 0,
              "alt": "",
              "rel": "",
              "link_class": "",
              "prefix": "",
              "suffix": "",
              "target": "",
              "nl2br": 0,
              "max_length": "",
              "word_boundary": 1,
              "ellipsis": 1,
              "more_link": 0,
              "more_link_text": "",
              "more_link_path": "",
              "strip_tags": 0,
              "trim": 0,
              "preserve_tags": "",
              "html": 0
            },
            "element_type": "",
            "element_class": "",
            "element_label_type": "",
            "element_label_class": "",
            "element_label_colon": 1,
            "element_wrapper_type": "",
            "element_wrapper_class": "",
            "element_default_classes": 1,
            "empty": "",
            "hide_empty": 0,
            "empty_zero": 0,
            "hide_alter_empty": 1
          },
          "type": {
            "id": "type",
            "table": "bean",
            "field": "type",
            "relationship": "none",
            "group_type": "group",
            "ui_name": "",
            "label": "Block Type",
            "exclude": 0,
            "alter": {
              "alter_text": 0,
              "text": "",
              "make_link": 0,
              "path": "",
              "absolute": 0,
              "external": 0,
              "replace_spaces": 0,
              "path_case": "none",
              "trim_whitespace": 0,
              "alt": "",
              "rel": "",
              "link_class": "",
              "prefix": "",
              "suffix": "",
              "target": "",
              "nl2br": 0,
              "max_length": "",
              "word_boundary": 1,
              "ellipsis": 1,
              "more_link": 0,
              "more_link_text": "",
              "more_link_path": "",
              "strip_tags": 0,
              "trim": 0,
              "preserve_tags": "",
              "html": 0
            },
            "element_type": "",
            "element_class": "",
            "element_label_type": "",
            "element_label_class": "",
            "element_label_colon": 1,
            "element_wrapper_type": "",
            "element_wrapper_class": "",
            "element_default_classes": 1,
            "empty": "",
            "hide_empty": 0,
            "empty_zero": 0,
            "hide_alter_empty": 1
          },
          "name": {
            "id": "name",
            "table": "users",
            "field": "name",
            "relationship": "user",
            "group_type": "group",
            "ui_name": "",
            "label": "Name",
            "exclude": 0,
            "alter": {
              "alter_text": 0,
              "text": "",
              "make_link": 0,
              "path": "",
              "absolute": 0,
              "external": 0,
              "replace_spaces": 0,
              "path_case": "none",
              "trim_whitespace": 0,
              "alt": "",
              "rel": "",
              "link_class": "",
              "prefix": "",
              "suffix": "",
              "target": "",
              "nl2br": 0,
              "max_length": "",
              "word_boundary": 1,
              "ellipsis": 1,
              "more_link": 0,
              "more_link_text": "",
              "more_link_path": "",
              "strip_tags": 0,
              "trim": 0,
              "preserve_tags": "",
              "html": 0
            },
            "element_type": "",
            "element_class": "",
            "element_label_type": "",
            "element_label_class": "",
            "element_label_colon": 0,
            "element_wrapper_type": "",
            "element_wrapper_class": "",
            "element_default_classes": 1,
            "empty": "",
            "hide_empty": 0,
            "empty_zero": 0,
            "hide_alter_empty": 1,
            "link_to_user": 1,
            "overwrite_anonymous": 0,
            "anonymous_text": "",
            "format_username": 1
          },
          "changed": {
            "id": "changed",
            "table": "bean",
            "field": "changed",
            "relationship": "none",
            "group_type": "group",
            "ui_name": "",
            "label": "Updated",
            "exclude": 0,
            "alter": {
              "alter_text": 0,
              "text": "",
              "make_link": 0,
              "path": "",
              "absolute": 0,
              "external": 0,
              "replace_spaces": 0,
              "path_case": "none",
              "trim_whitespace": 0,
              "alt": "",
              "rel": "",
              "link_class": "",
              "prefix": "",
              "suffix": "",
              "target": "",
              "nl2br": 0,
              "max_length": "",
              "word_boundary": 1,
              "ellipsis": 1,
              "more_link": 0,
              "more_link_text": "",
              "more_link_path": "",
              "strip_tags": 0,
              "trim": 0,
              "preserve_tags": "",
              "html": 0
            },
            "element_type": "",
            "element_class": "",
            "element_label_type": "",
            "element_label_class": "",
            "element_label_colon": 1,
            "element_wrapper_type": "",
            "element_wrapper_class": "",
            "element_default_classes": 1,
            "empty": "",
            "hide_empty": 0,
            "empty_zero": 0,
            "hide_alter_empty": 1,
            "date_format": "short",
            "custom_date_format": "",
            "timezone": ""
          },
          "edit_link": {
            "id": "edit_link",
            "table": "bean",
            "field": "edit_link",
            "relationship": "none",
            "group_type": "group",
            "ui_name": "",
            "label": "",
            "exclude": 1,
            "alter": {
              "alter_text": 0,
              "text": "",
              "make_link": 0,
              "path": "",
              "absolute": 0,
              "external": false,
              "replace_spaces": 0,
              "path_case": "none",
              "trim_whitespace": 0,
              "alt": "",
              "rel": "",
              "link_class": "",
              "prefix": "",
              "suffix": "",
              "target": "",
              "nl2br": 0,
              "max_length": "",
              "word_boundary": 1,
              "ellipsis": 1,
              "more_link": 0,
              "more_link_text": "",
              "more_link_path": "",
              "strip_tags": 0,
              "trim": 0,
              "preserve_tags": "",
              "html": 0
            },
            "element_type": "",
            "element_class": "",
            "element_label_type": "",
            "element_label_class": "",
            "element_label_colon": false,
            "element_wrapper_type": "",
            "element_wrapper_class": "",
            "element_default_classes": 1,
            "empty": "",
            "hide_empty": 0,
            "empty_zero": 0,
            "hide_alter_empty": 1,
            "text": "Edit"
          },
          "delete_link": {
            "id": "delete_link",
            "table": "bean",
            "field": "delete_link",
            "relationship": "none",
            "group_type": "group",
            "ui_name": "",
            "label": "",
            "exclude": 1,
            "alter": {
              "alter_text": 0,
              "text": "",
              "make_link": 0,
              "path": "",
              "absolute": 0,
              "external": false,
              "replace_spaces": 0,
              "path_case": "none",
              "trim_whitespace": 0,
              "alt": "",
              "rel": "",
              "link_class": "",
              "prefix": "",
              "suffix": "",
              "target": "",
              "nl2br": 0,
              "max_length": "",
              "word_boundary": 1,
              "ellipsis": 1,
              "more_link": 0,
              "more_link_text": "",
              "more_link_path": "",
              "strip_tags": 0,
              "trim": 0,
              "preserve_tags": "",
              "html": 0
            },
            "element_type": "",
            "element_class": "",
            "element_label_type": "",
            "element_label_class": "",
            "element_label_colon": false,
            "element_wrapper_type": "",
            "element_wrapper_class": "",
            "element_default_classes": 1,
            "empty": "",
            "hide_empty": 0,
            "empty_zero": 0,
            "hide_alter_empty": 1,
            "text": "Delete"
          },
          "dropbutton": {
            "id": "dropbutton",
            "table": "views",
            "field": "dropbutton",
            "relationship": "none",
            "group_type": "group",
            "ui_name": "",
            "label": "Operations",
            "exclude": 0,
            "alter": {
              "alter_text": false,
              "text": "",
              "make_link": false,
              "path": "",
              "absolute": false,
              "external": false,
              "replace_spaces": false,
              "path_case": "none",
              "trim_whitespace": false,
              "alt": "",
              "rel": "",
              "link_class": "",
              "prefix": "",
              "suffix": "",
              "target": "",
              "nl2br": false,
              "max_length": "",
              "word_boundary": true,
              "ellipsis": true,
              "more_link": false,
              "more_link_text": "",
              "more_link_path": "",
              "strip_tags": false,
              "trim": false,
              "preserve_tags": "",
              "html": false
            },
            "element_type": "",
            "element_class": "",
            "element_label_type": "",
            "element_label_class": "",
            "element_label_colon": 0,
            "element_wrapper_type": "",
            "element_wrapper_class": "",
            "element_default_classes": 0,
            "empty": "",
            "hide_empty": 0,
            "empty_zero": 0,
            "hide_alter_empty": 1,
            "fields": {
              "edit_link": "edit_link",
              "delete_link": "delete_link",
              "title": 0,
              "type": 0,
              "label": 0,
              "changed": 0,
              "created": 0,
              "user": 0
            },
            "destination": 1
          }
        },
        "filters": {
          "title": {
            "id": "title",
            "table": "bean",
            "field": "title",
            "relationship": "none",
            "group_type": "group",
            "ui_name": "",
            "operator": "contains",
            "value": "",
            "group": 1,
            "exposed": true,
            "expose": {
              "operator_id": "title_op",
              "label": "Title",
              "description": "",
              "use_operator": 0,
              "operator": "title_op",
              "identifier": "title",
              "required": 0,
              "remember": 0,
              "multiple": false,
              "remember_roles": {
                "authenticated": "authenticated",
                "anonymous": 0,
                "editor": 0,
                "administrator": 0
              }
            },
            "is_grouped": false,
            "group_info": {
              "label": "",
              "description": "",
              "identifier": "",
              "optional": true,
              "widget": "select",
              "multiple": false,
              "remember": 0,
              "default_group": "All",
              "default_group_multiple": [],
              "group_items": []
            }
          },
          "label": {
            "id": "label",
            "table": "bean",
            "field": "label",
            "relationship": "none",
            "group_type": "group",
            "ui_name": "",
            "operator": "contains",
            "value": "",
            "group": 1,
            "exposed": true,
            "expose": {
              "operator_id": "label_op",
              "label": "Label",
              "description": "",
              "use_operator": 0,
              "operator": "label_op",
              "identifier": "label",
              "required": 0,
              "remember": 0,
              "multiple": false,
              "remember_roles": {
                "authenticated": "authenticated",
                "anonymous": 0,
                "editor": 0,
                "administrator": 0
              }
            },
            "is_grouped": false,
            "group_info": {
              "label": "",
              "description": "",
              "identifier": "",
              "optional": true,
              "widget": "select",
              "multiple": false,
              "remember": 0,
              "default_group": "All",
              "default_group_multiple": [],
              "group_items": []
            }
          },
          "type": {
            "id": "type",
            "table": "bean",
            "field": "type",
            "relationship": "none",
            "group_type": "group",
            "ui_name": "",
            "operator": "in",
            "value": [],
            "group": 1,
            "exposed": true,
            "expose": {
              "operator_id": "type_op",
              "label": "Type",
              "description": "",
              "use_operator": 0,
              "operator": "type_op",
              "identifier": "type",
              "required": 0,
              "remember": 0,
              "multiple": 0,
              "remember_roles": {
                "authenticated": "authenticated",
                "anonymous": 0,
                "editor": 0,
                "administrator": 0
              },
              "reduce": 0
            },
            "is_grouped": false,
            "group_info": {
              "label": "",
              "description": "",
              "identifier": "",
              "optional": true,
              "widget": "select",
              "multiple": false,
              "remember": 0,
              "default_group": "All",
              "default_group_multiple": [],
              "group_items": []
            }
          },
          "uid": {
            "id": "uid",
            "table": "users",
            "field": "uid",
            "relationship": "user",
            "group_type": "group",
            "ui_name": "",
            "operator": "in",
            "value": "",
            "group": "1",
            "exposed": true,
            "expose": {
              "operator_id": "uid_op",
              "label": "Author",
              "description": "",
              "use_operator": 0,
              "operator": "uid_op",
              "identifier": "author",
              "required": 0,
              "remember": 0,
              "multiple": false,
              "remember_roles": {
                "authenticated": "authenticated",
                "anonymous": 0,
                "editor": 0,
                "administrator": 0
              },
              "reduce": 0
            },
            "is_grouped": false,
            "group_info": {
              "label": "",
              "description": "",
              "identifier": "",
              "optional": true,
              "widget": "select",
              "multiple": false,
              "remember": 0,
              "default_group": "All",
              "default_group_multiple": [],
              "group_items": []
            }
          }
        },
        "sorts": [],
        "title": "Administer Blocks",
        "relationships": {
          "user": {
            "id": "user",
            "table": "bean",
            "field": "user",
            "relationship": "none",
            "group_type": "group",
            "ui_name": "",
            "label": "User account",
            "required": 0
          }
        },
        "style_options": {
          "grouping": [],
          "row_class": "",
          "default_row_class": 1,
          "row_class_special": 1,
          "override": 1,
          "sticky": 0,
          "caption": "",
          "summary": "",
          "columns": {
            "delta": "label",
            "label": "label",
            "title": "title",
            "type": "type",
            "changed": "changed",
            "name": "name",
            "edit_link": "edit_link",
            "delete_link": "delete_link",
            "dropbutton": "dropbutton"
          },
          "info": {
            "delta": {
              "sortable": 0,
              "default_sort_order": "asc",
              "align": "",
              "separator": "",
              "empty_column": 0
            },
            "label": {
              "sortable": 1,
              "default_sort_order": "asc",
              "align": "",
              "separator": "",
              "empty_column": 0
            },
            "title": {
              "sortable": 1,
              "default_sort_order": "asc",
              "align": "",
              "separator": "",
              "empty_column": 0
            },
            "type": {
              "align": "",
              "separator": "",
              "empty_column": 0
            },
            "changed": {
              "sortable": 1,
              "default_sort_order": "desc",
              "align": "",
              "separator": "",
              "empty_column": 0
            },
            "name": {
              "sortable": 1,
              "default_sort_order": "asc",
              "align": "",
              "separator": "",
              "empty_column": 0
            },
            "edit_link": {
              "align": "",
              "separator": "",
              "empty_column": 0
            },
            "delete_link": {
              "align": "",
              "separator": "",
              "empty_column": 0
            },
            "dropbutton": {
              "align": "",
              "separator": "",
              "empty_column": 0
            }
          },
          "default": "changed",
          "empty_table": 0
        },
        "empty": {
          "area": {
            "id": "area",
            "table": "views",
            "field": "area",
            "relationship": "none",
            "group_type": "group",
            "ui_name": "",
            "label": "",
            "empty": true,
            "content": "<p>\r\n    There are no blocks available.\r\n</p>",
            "format": "filtered_html",
            "tokenize": 0
          }
        },
        "filter_groups": {
          "operator": "AND",
          "groups": {
            "1": "AND"
          }
        }
      }
    },
    "page": {
      "display_title": "Page",
      "display_plugin": "page",
      "display_options": {
        "query": {
          "type": "views_query",
          "options": []
        },
        "path": "admin/content/blocks",
        "menu": {
          "type": "tab",
          "title": "Manage blocks",
          "description": "Find and manage blocks.",
          "name": "management",
          "weight": "0",
          "context": 0,
          "context_only_inline": 0
        }
      }
    }
  }
}
