{"data":[{"ObjectIdentifier": "S-1-5-21-1677581083-3380853377-188903654-2601", "AllowedToAct": [], "PrimaryGroupSID": "S-1-5-21-1677581083-3380853377-188903654-515", "LocalAdmins": {"Collected": false, "FailureReason": null, "Results": []}, "PSRemoteUsers": {"Collected": false, "FailureReason": null, "Results": []}, "Properties": {"name": "MANAGEMENT.SUPPORT.HTB", "domainsid": "S-1-5-21-1677581083-3380853377-188903654", "domain": "SUPPORT.HTB", "distinguishedname": "CN=MANAGEMENT,CN=COMPUTERS,DC=SUPPORT,DC=HTB", "unconstraineddelegation": false, "enabled": true, "trustedtoauth": false, "samaccountname": "MANAGEMENT$", "haslaps": false, "lastlogon": 1658851316, "lastlogontimestamp": 1658409560, "pwdlastset": 1658409560, "whencreated": 1658409560, "serviceprincipalnames": ["WSMAN/Management", "WSMAN/Management.support.htb", "RestrictedKrbHost/MANAGEMENT", "HOST/MANAGEMENT", "RestrictedKrbHost/Management.support.htb", "HOST/Management.support.htb"], "description": null, "operatingsystem": "Windows 10 Pro", "sidhistory": []}, "RemoteDesktopUsers": {"Collected": false, "FailureReason": null, "Results": []}, "DcomUsers": {"Collected": false, "FailureReason": null, "Results": []}, "AllowedToDelegate": [], "Sessions": {"Collected": false, "FailureReason": null, "Results": []}, "PrivilegedSessions": {"Collected": false, "FailureReason": null, "Results": []}, "RegistrySessions": {"Collected": false, "FailureReason": null, "Results": []}, "Aces": [{"RightName": "Owns", "IsInherited": false, "PrincipalSID": "S-1-5-21-1677581083-3380853377-188903654-512", "PrincipalType": "Group"}, {"RightName": "GenericAll", "IsInherited": false, "PrincipalSID": "S-1-5-21-1677581083-3380853377-188903654-512", "PrincipalType": "Group"}, {"RightName": "GenericAll", "IsInherited": false, "PrincipalSID": "SUPPORT.HTB-S-1-5-32-548", "PrincipalType": "Group"}, {"RightName": "AddKeyCredentialLink", "IsInherited": true, "PrincipalSID": "S-1-5-21-1677581083-3380853377-188903654-526", "PrincipalType": "Group"}, {"RightName": "AddKeyCredentialLink", "IsInherited": true, "PrincipalSID": "S-1-5-21-1677581083-3380853377-188903654-527", "PrincipalType": "Group"}, {"RightName": "GenericAll", "IsInherited": true, "PrincipalSID": "S-1-5-21-1677581083-3380853377-188903654-519", "PrincipalType": "Group"}, {"RightName": "GenericWrite", "IsInherited": true, "PrincipalSID": "SUPPORT.HTB-S-1-5-32-544", "PrincipalType": "Group"}, {"RightName": "WriteOwner", "IsInherited": true, "PrincipalSID": "SUPPORT.HTB-S-1-5-32-544", "PrincipalType": "Group"}, {"RightName": "WriteDacl", "IsInherited": true, "PrincipalSID": "SUPPORT.HTB-S-1-5-32-544", "PrincipalType": "Group"}], "HasSIDHistory": [], "IsDeleted": false, "Status": null, "IsACLProtected": false}],"meta":{"methods":0,"type":"computers","count":1, "version":5}}