{"data": [{"ObjectIdentifier": "S-1-5-21-1677581083-3380853377-188903654", "Properties": {"name": "SUPPORT.HTB", "domain": "SUPPORT.HTB", "domainsid": "S-1-5-21-1677581083-3380853377-188903654", "distinguishedname": "DC=SUPPORT,DC=HTB", "description": "", "functionallevel": "2016", "highvalue": true, "whencreated": 1653735706}, "Trusts": [], "Aces": [{"RightName": "Owns", "IsInherited": false, "PrincipalSID": "SUPPORT.HTB-S-1-5-32-544", "PrincipalType": "Group"}, {"RightName": "GetChanges", "IsInherited": false, "PrincipalSID": "S-1-5-21-1677581083-3380853377-188903654-498", "PrincipalType": "Group"}, {"RightName": "GetChangesAll", "IsInherited": false, "PrincipalSID": "S-1-5-21-1677581083-3380853377-188903654-516", "PrincipalType": "Group"}, {"RightName": "GetChangesInFilteredSet", "IsInherited": false, "PrincipalSID": "SUPPORT.HTB-S-1-5-32-544", "PrincipalType": "Group"}, {"RightName": "GetChanges", "IsInherited": false, "PrincipalSID": "SUPPORT.HTB-S-1-5-32-544", "PrincipalType": "Group"}, {"RightName": "GetChangesAll", "IsInherited": false, "PrincipalSID": "SUPPORT.HTB-S-1-5-32-544", "PrincipalType": "Group"}, {"RightName": "GetChangesInFilteredSet", "IsInherited": false, "PrincipalSID": "SUPPORT.HTB-S-1-5-9", "PrincipalType": "Group"}, {"RightName": "GetChanges", "IsInherited": false, "PrincipalSID": "SUPPORT.HTB-S-1-5-9", "PrincipalType": "Group"}, {"RightName": "WriteOwner", "IsInherited": false, "PrincipalSID": "S-1-5-21-1677581083-3380853377-188903654-512", "PrincipalType": "Group"}, {"RightName": "AllExtendedRights", "IsInherited": false, "PrincipalSID": "S-1-5-21-1677581083-3380853377-188903654-512", "PrincipalType": "Group"}, {"RightName": "WriteDacl", "IsInherited": false, "PrincipalSID": "S-1-5-21-1677581083-3380853377-188903654-512", "PrincipalType": "Group"}, {"RightName": "GenericAll", "IsInherited": false, "PrincipalSID": "S-1-5-21-1677581083-3380853377-188903654-519", "PrincipalType": "Group"}, {"RightName": "WriteOwner", "IsInherited": false, "PrincipalSID": "SUPPORT.HTB-S-1-5-32-544", "PrincipalType": "Group"}, {"RightName": "AllExtendedRights", "IsInherited": false, "PrincipalSID": "SUPPORT.HTB-S-1-5-32-544", "PrincipalType": "Group"}, {"RightName": "WriteDacl", "IsInherited": false, "PrincipalSID": "SUPPORT.HTB-S-1-5-32-544", "PrincipalType": "Group"}], "Links": [{"IsEnforced": false, "GUID": "8A7B7892-90C1-4054-B626-AAB19E69F100"}], "ChildObjects": [{"ObjectIdentifier": "ACF7F47E-39FB-469D-82A2-6CFF310430AF", "ObjectType": "Container"}, {"ObjectIdentifier": "5F031D9A-1616-40AB-84A7-8706EB20C363", "ObjectType": "Container"}, {"ObjectIdentifier": "D80C0CB5-2988-44D3-ADBB-2688FD41711A", "ObjectType": "Container"}, {"ObjectIdentifier": "4987FCAD-9C12-4084-8382-029B2806EF1A", "ObjectType": "OU"}, {"ObjectIdentifier": "1E3B4084-E59C-44AF-8778-815D5BEF1BAC", "ObjectType": "Container"}], "GPOChanges": {"AffectedComputers": [], "DcomUsers": [], "LocalAdmins": [], "PSRemoteUsers": [], "RemoteDesktopUsers": []}, "IsDeleted": false, "IsACLProtected": false}], "meta": {"type": "domains", "count": 1, "version": 5}}