{"data":[{"ObjectIdentifier": "8670320A-BBF8-4490-AD50-04C71D5122D3", "Properties": {"domain": "SUPPORT.HTB", "name": "WMIGPO@SUPPORT.HTB", "distinguishedname": "CN=WMIGPO,CN=WMIPOLICY,CN=SYSTEM,DC=SUPPORT,DC=HTB", "domainsid": "S-1-5-21-1677581083-3380853377-188903654", "highvalue": false, "description": "", "whencreated": 1653735715}, "IsDeleted": false, "IsACLProtected": false, "Aces": [{"RightName": "Owns", "IsInherited": false, "PrincipalSID": "S-1-5-21-1677581083-3380853377-188903654-512", "PrincipalType": "Group"}, {"RightName": "WriteOwner", "IsInherited": false, "PrincipalSID": "S-1-5-21-1677581083-3380853377-188903654-512", "PrincipalType": "Group"}, {"RightName": "WriteDacl", "IsInherited": false, "PrincipalSID": "S-1-5-21-1677581083-3380853377-188903654-512", "PrincipalType": "Group"}, {"RightName": "GenericAll", "IsInherited": true, "PrincipalSID": "S-1-5-21-1677581083-3380853377-188903654-519", "PrincipalType": "Group"}, {"RightName": "GenericAll", "IsInherited": true, "PrincipalSID": "S-1-5-21-1677581083-3380853377-188903654-512", "PrincipalType": "Group"}], "ChildObjects": []},{"ObjectIdentifier": "9FEE2D7B-7F82-417D-BB44-66B4CB5F78CB", "Properties": {"domain": "SUPPORT.HTB", "name": "POLICYTYPE@SUPPORT.HTB", "distinguishedname": "CN=POLICYTYPE,CN=WMIPOLICY,CN=SYSTEM,DC=SUPPORT,DC=HTB", "domainsid": "S-1-5-21-1677581083-3380853377-188903654", "highvalue": false, "description": "", "whencreated": 1653735715}, "IsDeleted": false, "IsACLProtected": false, "Aces": [{"RightName": "Owns", "IsInherited": false, "PrincipalSID": "S-1-5-21-1677581083-3380853377-188903654-512", "PrincipalType": "Group"}, {"RightName": "WriteOwner", "IsInherited": false, "PrincipalSID": "S-1-5-21-1677581083-3380853377-188903654-512", "PrincipalType": "Group"}, {"RightName": "WriteDacl", "IsInherited": false, "PrincipalSID": "S-1-5-21-1677581083-3380853377-188903654-512", "PrincipalType": "Group"}, {"RightName": "GenericAll", "IsInherited": true, "PrincipalSID": "S-1-5-21-1677581083-3380853377-188903654-519", "PrincipalType": "Group"}, {"RightName": "GenericAll", "IsInherited": true, "PrincipalSID": "S-1-5-21-1677581083-3380853377-188903654-512", "PrincipalType": "Group"}], "ChildObjects": []},{"ObjectIdentifier": "4D763A87-4842-4747-8940-E37DAE4F21E4", "Properties": {"domain": "SUPPORT.HTB", "name": "SOM@SUPPORT.HTB", "distinguishedname": "CN=SOM,CN=WMIPOLICY,CN=SYSTEM,DC=SUPPORT,DC=HTB", "domainsid": "S-1-5-21-1677581083-3380853377-188903654", "highvalue": false, "description": "", "whencreated": 1653735715}, "IsDeleted": false, "IsACLProtected": true, "Aces": [{"RightName": "Owns", "IsInherited": false, "PrincipalSID": "S-1-5-21-1677581083-3380853377-188903654-512", "PrincipalType": "Group"}, {"RightName": "GenericAll", "IsInherited": false, "PrincipalSID": "S-1-5-21-1677581083-3380853377-188903654-512", "PrincipalType": "Group"}, {"RightName": "GenericAll", "IsInherited": false, "PrincipalSID": "S-1-5-21-1677581083-3380853377-188903654-519", "PrincipalType": "Group"}], "ChildObjects": []},{"ObjectIdentifier": "70CD0756-99B2-4CD4-AF3F-7682A3A6DDCF", "Properties": {"domain": "SUPPORT.HTB", "name": "POLICYTEMPLATE@SUPPORT.HTB", "distinguishedname": "CN=POLICYTEMPLATE,CN=WMIPOLICY,CN=SYSTEM,DC=SUPPORT,DC=HTB", "domainsid": "S-1-5-21-1677581083-3380853377-188903654", "highvalue": false, "description": "", "whencreated": 1653735715}, "IsDeleted": false, "IsACLProtected": false, "Aces": [{"RightName": "Owns", "IsInherited": false, "PrincipalSID": "S-1-5-21-1677581083-3380853377-188903654-512", "PrincipalType": "Group"}, {"RightName": "WriteOwner", "IsInherited": false, "PrincipalSID": "S-1-5-21-1677581083-3380853377-188903654-512", "PrincipalType": "Group"}, {"RightName": "WriteDacl", "IsInherited": false, "PrincipalSID": "S-1-5-21-1677581083-3380853377-188903654-512", "PrincipalType": "Group"}, {"RightName": "GenericAll", "IsInherited": true, "PrincipalSID": "S-1-5-21-1677581083-3380853377-188903654-519", "PrincipalType": "Group"}, {"RightName": "GenericAll", "IsInherited": true, "PrincipalSID": "S-1-5-21-1677581083-3380853377-188903654-512", "PrincipalType": "Group"}], "ChildObjects": []},{"ObjectIdentifier": "2FD2C49A-C45E-4B95-83E5-813C8A5139DD", "Properties": {"domain": "SUPPORT.HTB", "name": "WMIPOLICY@SUPPORT.HTB", "distinguishedname": "CN=WMIPOLICY,CN=SYSTEM,DC=SUPPORT,DC=HTB", "domainsid": "S-1-5-21-1677581083-3380853377-188903654", "highvalue": false, "description": "", "whencreated": 1653735715}, "IsDeleted": false, "IsACLProtected": true, "Aces": [{"RightName": "Owns", "IsInherited": false, "PrincipalSID": "S-1-5-21-1677581083-3380853377-188903654-512", "PrincipalType": "Group"}, {"RightName": "GenericAll", "IsInherited": false, "PrincipalSID": "S-1-5-21-1677581083-3380853377-188903654-519", "PrincipalType": "Group"}, {"RightName": "GenericAll", "IsInherited": false, "PrincipalSID": "S-1-5-21-1677581083-3380853377-188903654-512", "PrincipalType": "Group"}], "ChildObjects": []},{"ObjectIdentifier": "1626A008-4315-44D8-9E48-37F2D9EEF8FD", "Properties": {"domain": "SUPPORT.HTB", "name": "COMPARTITIONSETS@SUPPORT.HTB", "distinguishedname": "CN=COMPARTITIONSETS,CN=SYSTEM,DC=SUPPORT,DC=HTB", "domainsid": "S-1-5-21-1677581083-3380853377-188903654", "highvalue": false, "description": "", "whencreated": 1653735715}, "IsDeleted": false, "IsACLProtected": false, "Aces": [{"RightName": "Owns", "IsInherited": false, "PrincipalSID": "S-1-5-21-1677581083-3380853377-188903654-512", "PrincipalType": "Group"}, {"RightName": "WriteOwner", "IsInherited": false, "PrincipalSID": "S-1-5-21-1677581083-3380853377-188903654-512", "PrincipalType": "Group"}, {"RightName": "WriteDacl", "IsInherited": false, "PrincipalSID": "S-1-5-21-1677581083-3380853377-188903654-512", "PrincipalType": "Group"}, {"RightName": "GenericAll", "IsInherited": true, "PrincipalSID": "S-1-5-21-1677581083-3380853377-188903654-519", "PrincipalType": "Group"}, {"RightName": "WriteOwner", "IsInherited": true, "PrincipalSID": "SUPPORT.HTB-S-1-5-32-544", "PrincipalType": "Group"}, {"RightName": "WriteDacl", "IsInherited": true, "PrincipalSID": "SUPPORT.HTB-S-1-5-32-544", "PrincipalType": "Group"}], "ChildObjects": []},{"ObjectIdentifier": "E50C8A8C-E13F-4F28-BEC3-188C2D5FC61F", "Properties": {"domain": "SUPPORT.HTB", "name": "COMPARTITIONS@SUPPORT.HTB", "distinguishedname": "CN=COMPARTITIONS,CN=SYSTEM,DC=SUPPORT,DC=HTB", "domainsid": "S-1-5-21-1677581083-3380853377-188903654", "highvalue": false, "description": "", "whencreated": 1653735715}, "IsDeleted": false, "IsACLProtected": false, "Aces": [{"RightName": "Owns", "IsInherited": false, "PrincipalSID": "S-1-5-21-1677581083-3380853377-188903654-512", "PrincipalType": "Group"}, {"RightName": "WriteOwner", "IsInherited": false, "PrincipalSID": "S-1-5-21-1677581083-3380853377-188903654-512", "PrincipalType": "Group"}, {"RightName": "WriteDacl", "IsInherited": false, "PrincipalSID": "S-1-5-21-1677581083-3380853377-188903654-512", "PrincipalType": "Group"}, {"RightName": "GenericAll", "IsInherited": true, "PrincipalSID": "S-1-5-21-1677581083-3380853377-188903654-519", "PrincipalType": "Group"}, {"RightName": "WriteOwner", "IsInherited": true, "PrincipalSID": "SUPPORT.HTB-S-1-5-32-544", "PrincipalType": "Group"}, {"RightName": "WriteDacl", "IsInherited": true, "PrincipalSID": "SUPPORT.HTB-S-1-5-32-544", "PrincipalType": "Group"}], "ChildObjects": []},{"ObjectIdentifier": "F209A6CC-047F-4A4F-8641-B645EA11129A", "Properties": {"domain": "SUPPORT.HTB", "name": "ADMINSDHOLDER@SUPPORT.HTB", "distinguishedname": "CN=ADMINSDHOLDER,CN=SYSTEM,DC=SUPPORT,DC=HTB", "domainsid": "S-1-5-21-1677581083-3380853377-188903654", "highvalue": false, "description": "", "whencreated": 1653735715}, "IsDeleted": false, "IsACLProtected": true, "Aces": [{"RightName": "Owns", "IsInherited": false, "PrincipalSID": "S-1-5-21-1677581083-3380853377-188903654-512", "PrincipalType": "Group"}, {"RightName": "WriteOwner", "IsInherited": false, "PrincipalSID": "S-1-5-21-1677581083-3380853377-188903654-512", "PrincipalType": "Group"}, {"RightName": "WriteDacl", "IsInherited": false, "PrincipalSID": "S-1-5-21-1677581083-3380853377-188903654-512", "PrincipalType": "Group"}, {"RightName": "WriteOwner", "IsInherited": false, "PrincipalSID": "S-1-5-21-1677581083-3380853377-188903654-519", "PrincipalType": "Group"}, {"RightName": "WriteDacl", "IsInherited": false, "PrincipalSID": "S-1-5-21-1677581083-3380853377-188903654-519", "PrincipalType": "Group"}, {"RightName": "WriteOwner", "IsInherited": false, "PrincipalSID": "SUPPORT.HTB-S-1-5-32-544", "PrincipalType": "Group"}, {"RightName": "WriteDacl", "IsInherited": false, "PrincipalSID": "SUPPORT.HTB-S-1-5-32-544", "PrincipalType": "Group"}], "ChildObjects": []},{"ObjectIdentifier": "004B037D-B922-4C9A-8111-815E9CC051AD", "Properties": {"domain": "SUPPORT.HTB", "name": "RAS AND IAS SERVERS ACCESS CHECK@SUPPORT.HTB", "distinguishedname": "CN=RAS AND IAS SERVERS ACCESS CHECK,CN=SYSTEM,DC=SUPPORT,DC=HTB", "domainsid": "S-1-5-21-1677581083-3380853377-188903654", "highvalue": false, "description": "", "whencreated": 1653735715}, "IsDeleted": false, "IsACLProtected": false, "Aces": [{"RightName": "Owns", "IsInherited": false, "PrincipalSID": "S-1-5-21-1677581083-3380853377-188903654-512", "PrincipalType": "Group"}, {"RightName": "WriteOwner", "IsInherited": false, "PrincipalSID": "S-1-5-21-1677581083-3380853377-188903654-553", "PrincipalType": "Group"}, {"RightName": "WriteDacl", "IsInherited": false, "PrincipalSID": "S-1-5-21-1677581083-3380853377-188903654-553", "PrincipalType": "Group"}, {"RightName": "GenericAll", "IsInherited": true, "PrincipalSID": "S-1-5-21-1677581083-3380853377-188903654-519", "PrincipalType": "Group"}, {"RightName": "WriteOwner", "IsInherited": true, "PrincipalSID": "SUPPORT.HTB-S-1-5-32-544", "PrincipalType": "Group"}, {"RightName": "WriteDacl", "IsInherited": true, "PrincipalSID": "SUPPORT.HTB-S-1-5-32-544", "PrincipalType": "Group"}], "ChildObjects": []},{"ObjectIdentifier": "E6E242E7-A81D-4452-B895-99D93F453263", "Properties": {"domain": "SUPPORT.HTB", "name": "POLICIES@SUPPORT.HTB", "distinguishedname": "CN=POLICIES,CN=SYSTEM,DC=SUPPORT,DC=HTB", "domainsid": "S-1-5-21-1677581083-3380853377-188903654", "highvalue": false, "description": "", "whencreated": 1653735715}, "IsDeleted": false, "IsACLProtected": false, "Aces": [{"RightName": "Owns", "IsInherited": false, "PrincipalSID": "S-1-5-21-1677581083-3380853377-188903654-512", "PrincipalType": "Group"}, {"RightName": "WriteOwner", "IsInherited": false, "PrincipalSID": "S-1-5-21-1677581083-3380853377-188903654-512", "PrincipalType": "Group"}, {"RightName": "WriteDacl", "IsInherited": false, "PrincipalSID": "S-1-5-21-1677581083-3380853377-188903654-512", "PrincipalType": "Group"}, {"RightName": "GenericAll", "IsInherited": true, "PrincipalSID": "S-1-5-21-1677581083-3380853377-188903654-519", "PrincipalType": "Group"}, {"RightName": "WriteOwner", "IsInherited": true, "PrincipalSID": "SUPPORT.HTB-S-1-5-32-544", "PrincipalType": "Group"}, {"RightName": "WriteDacl", "IsInherited": true, "PrincipalSID": "SUPPORT.HTB-S-1-5-32-544", "PrincipalType": "Group"}], "ChildObjects": []},{"ObjectIdentifier": "BCEEB972-AF52-46AF-A58E-0CE5C1C154DB", "Properties": {"domain": "SUPPORT.HTB", "name": "MEETINGS@SUPPORT.HTB", "distinguishedname": "CN=MEETINGS,CN=SYSTEM,DC=SUPPORT,DC=HTB", "domainsid": "S-1-5-21-1677581083-3380853377-188903654", "highvalue": false, "description": "", "whencreated": 1653735715}, "IsDeleted": false, "IsACLProtected": false, "Aces": [{"RightName": "Owns", "IsInherited": false, "PrincipalSID": "S-1-5-21-1677581083-3380853377-188903654-512", "PrincipalType": "Group"}, {"RightName": "WriteOwner", "IsInherited": false, "PrincipalSID": "S-1-5-21-1677581083-3380853377-188903654-512", "PrincipalType": "Group"}, {"RightName": "WriteDacl", "IsInherited": false, "PrincipalSID": "S-1-5-21-1677581083-3380853377-188903654-512", "PrincipalType": "Group"}, {"RightName": "GenericAll", "IsInherited": true, "PrincipalSID": "S-1-5-21-1677581083-3380853377-188903654-519", "PrincipalType": "Group"}, {"RightName": "WriteOwner", "IsInherited": true, "PrincipalSID": "SUPPORT.HTB-S-1-5-32-544", "PrincipalType": "Group"}, {"RightName": "WriteDacl", "IsInherited": true, "PrincipalSID": "SUPPORT.HTB-S-1-5-32-544", "PrincipalType": "Group"}], "ChildObjects": []},{"ObjectIdentifier": "6A0D45EA-9C7E-4843-912A-BB61B688A797", "Properties": {"domain": "SUPPORT.HTB", "name": "WINSOCKSERVICES@SUPPORT.HTB", "distinguishedname": "CN=WINSOCKSERVICES,CN=SYSTEM,DC=SUPPORT,DC=HTB", "domainsid": "S-1-5-21-1677581083-3380853377-188903654", "highvalue": false, "description": "", "whencreated": 1653735715}, "IsDeleted": false, "IsACLProtected": false, "Aces": [{"RightName": "Owns", "IsInherited": false, "PrincipalSID": "S-1-5-21-1677581083-3380853377-188903654-512", "PrincipalType": "Group"}, {"RightName": "WriteOwner", "IsInherited": false, "PrincipalSID": "S-1-5-21-1677581083-3380853377-188903654-512", "PrincipalType": "Group"}, {"RightName": "WriteDacl", "IsInherited": false, "PrincipalSID": "S-1-5-21-1677581083-3380853377-188903654-512", "PrincipalType": "Group"}, {"RightName": "GenericAll", "IsInherited": true, "PrincipalSID": "S-1-5-21-1677581083-3380853377-188903654-519", "PrincipalType": "Group"}, {"RightName": "WriteOwner", "IsInherited": true, "PrincipalSID": "SUPPORT.HTB-S-1-5-32-544", "PrincipalType": "Group"}, {"RightName": "WriteDacl", "IsInherited": true, "PrincipalSID": "SUPPORT.HTB-S-1-5-32-544", "PrincipalType": "Group"}], "ChildObjects": []},{"ObjectIdentifier": "5F031D9A-1616-40AB-84A7-8706EB20C363", "Properties": {"domain": "SUPPORT.HTB", "name": "MANAGED SERVICE ACCOUNTS@SUPPORT.HTB", "distinguishedname": "CN=MANAGED SERVICE ACCOUNTS,DC=SUPPORT,DC=HTB", "domainsid": "S-1-5-21-1677581083-3380853377-188903654", "highvalue": false, "description": "Default container for managed service accounts", "whencreated": 1653735715}, "IsDeleted": false, "IsACLProtected": false, "Aces": [{"RightName": "Owns", "IsInherited": false, "PrincipalSID": "S-1-5-21-1677581083-3380853377-188903654-512", "PrincipalType": "Group"}, {"RightName": "WriteOwner", "IsInherited": false, "PrincipalSID": "S-1-5-21-1677581083-3380853377-188903654-512", "PrincipalType": "Group"}, {"RightName": "WriteDacl", "IsInherited": false, "PrincipalSID": "S-1-5-21-1677581083-3380853377-188903654-512", "PrincipalType": "Group"}, {"RightName": "GenericAll", "IsInherited": true, "PrincipalSID": "S-1-5-21-1677581083-3380853377-188903654-519", "PrincipalType": "Group"}, {"RightName": "WriteOwner", "IsInherited": true, "PrincipalSID": "SUPPORT.HTB-S-1-5-32-544", "PrincipalType": "Group"}, {"RightName": "WriteDacl", "IsInherited": true, "PrincipalSID": "SUPPORT.HTB-S-1-5-32-544", "PrincipalType": "Group"}], "ChildObjects": []},{"ObjectIdentifier": "00A426DA-4D07-4F80-98FD-2C70251B2B11", "Properties": {"domain": "SUPPORT.HTB", "name": "MICROSOFT@SUPPORT.HTB", "distinguishedname": "CN=MICROSOFT,CN=PROGRAM DATA,DC=SUPPORT,DC=HTB", "domainsid": "S-1-5-21-1677581083-3380853377-188903654", "highvalue": false, "description": "Default location for storage of Microsoft application data.", "whencreated": 1653735715}, "IsDeleted": false, "IsACLProtected": false, "Aces": [{"RightName": "Owns", "IsInherited": false, "PrincipalSID": "S-1-5-21-1677581083-3380853377-188903654-512", "PrincipalType": "Group"}, {"RightName": "GenericAll", "IsInherited": false, "PrincipalSID": "S-1-5-21-1677581083-3380853377-188903654-512", "PrincipalType": "Group"}, {"RightName": "GenericAll", "IsInherited": true, "PrincipalSID": "S-1-5-21-1677581083-3380853377-188903654-519", "PrincipalType": "Group"}, {"RightName": "WriteOwner", "IsInherited": true, "PrincipalSID": "SUPPORT.HTB-S-1-5-32-544", "PrincipalType": "Group"}, {"RightName": "WriteDacl", "IsInherited": true, "PrincipalSID": "SUPPORT.HTB-S-1-5-32-544", "PrincipalType": "Group"}], "ChildObjects": []},{"ObjectIdentifier": "6D280A48-E5DF-4218-87C6-96B7899B52BD", "Properties": {"domain": "SUPPORT.HTB", "name": "PROGRAM DATA@SUPPORT.HTB", "distinguishedname": "CN=PROGRAM DATA,DC=SUPPORT,DC=HTB", "domainsid": "S-1-5-21-1677581083-3380853377-188903654", "highvalue": false, "description": "Default location for storage of application data.", "whencreated": 1653735715}, "IsDeleted": false, "IsACLProtected": false, "Aces": [{"RightName": "Owns", "IsInherited": false, "PrincipalSID": "S-1-5-21-1677581083-3380853377-188903654-512", "PrincipalType": "Group"}, {"RightName": "GenericAll", "IsInherited": false, "PrincipalSID": "S-1-5-21-1677581083-3380853377-188903654-512", "PrincipalType": "Group"}, {"RightName": "GenericAll", "IsInherited": true, "PrincipalSID": "S-1-5-21-1677581083-3380853377-188903654-519", "PrincipalType": "Group"}, {"RightName": "WriteOwner", "IsInherited": true, "PrincipalSID": "SUPPORT.HTB-S-1-5-32-544", "PrincipalType": "Group"}, {"RightName": "WriteDacl", "IsInherited": true, "PrincipalSID": "SUPPORT.HTB-S-1-5-32-544", "PrincipalType": "Group"}], "ChildObjects": []},{"ObjectIdentifier": "D80C0CB5-2988-44D3-ADBB-2688FD41711A", "Properties": {"domain": "SUPPORT.HTB", "name": "FOREIGNSECURITYPRINCIPALS@SUPPORT.HTB", "distinguishedname": "CN=FOREIGNSECURITYPRINCIPALS,DC=SUPPORT,DC=HTB", "domainsid": "S-1-5-21-1677581083-3380853377-188903654", "highvalue": false, "description": "Default container for security identifiers (SIDs) associated with objects from external, trusted domains", "whencreated": 1653735715}, "IsDeleted": false, "IsACLProtected": false, "Aces": [{"RightName": "Owns", "IsInherited": false, "PrincipalSID": "S-1-5-21-1677581083-3380853377-188903654-512", "PrincipalType": "Group"}, {"RightName": "GenericAll", "IsInherited": false, "PrincipalSID": "S-1-5-21-1677581083-3380853377-188903654-512", "PrincipalType": "Group"}, {"RightName": "GenericAll", "IsInherited": true, "PrincipalSID": "S-1-5-21-1677581083-3380853377-188903654-519", "PrincipalType": "Group"}, {"RightName": "WriteOwner", "IsInherited": true, "PrincipalSID": "SUPPORT.HTB-S-1-5-32-544", "PrincipalType": "Group"}, {"RightName": "WriteDacl", "IsInherited": true, "PrincipalSID": "SUPPORT.HTB-S-1-5-32-544", "PrincipalType": "Group"}], "ChildObjects": []},{"ObjectIdentifier": "37AC77C1-590E-4350-AD7D-FF1DF9E0D9BD", "Properties": {"domain": "SUPPORT.HTB", "name": "SYSTEM@SUPPORT.HTB", "distinguishedname": "CN=SYSTEM,DC=SUPPORT,DC=HTB", "domainsid": "S-1-5-21-1677581083-3380853377-188903654", "highvalue": false, "description": "Builtin system settings", "whencreated": 1653735715}, "IsDeleted": false, "IsACLProtected": false, "Aces": [{"RightName": "Owns", "IsInherited": false, "PrincipalSID": "S-1-5-21-1677581083-3380853377-188903654-512", "PrincipalType": "Group"}, {"RightName": "WriteOwner", "IsInherited": false, "PrincipalSID": "S-1-5-21-1677581083-3380853377-188903654-512", "PrincipalType": "Group"}, {"RightName": "WriteDacl", "IsInherited": false, "PrincipalSID": "S-1-5-21-1677581083-3380853377-188903654-512", "PrincipalType": "Group"}, {"RightName": "GenericAll", "IsInherited": true, "PrincipalSID": "S-1-5-21-1677581083-3380853377-188903654-519", "PrincipalType": "Group"}, {"RightName": "WriteOwner", "IsInherited": true, "PrincipalSID": "SUPPORT.HTB-S-1-5-32-544", "PrincipalType": "Group"}, {"RightName": "WriteDacl", "IsInherited": true, "PrincipalSID": "SUPPORT.HTB-S-1-5-32-544", "PrincipalType": "Group"}], "ChildObjects": []},{"ObjectIdentifier": "1E3B4084-E59C-44AF-8778-815D5BEF1BAC", "Properties": {"domain": "SUPPORT.HTB", "name": "COMPUTERS@SUPPORT.HTB", "distinguishedname": "CN=COMPUTERS,DC=SUPPORT,DC=HTB", "domainsid": "S-1-5-21-1677581083-3380853377-188903654", "highvalue": false, "description": "Default container for upgraded computer accounts", "whencreated": 1653735715}, "IsDeleted": false, "IsACLProtected": false, "Aces": [{"RightName": "Owns", "IsInherited": false, "PrincipalSID": "S-1-5-21-1677581083-3380853377-188903654-512", "PrincipalType": "Group"}, {"RightName": "WriteOwner", "IsInherited": false, "PrincipalSID": "S-1-5-21-1677581083-3380853377-188903654-512", "PrincipalType": "Group"}, {"RightName": "WriteDacl", "IsInherited": false, "PrincipalSID": "S-1-5-21-1677581083-3380853377-188903654-512", "PrincipalType": "Group"}, {"RightName": "GenericAll", "IsInherited": true, "PrincipalSID": "S-1-5-21-1677581083-3380853377-188903654-519", "PrincipalType": "Group"}, {"RightName": "WriteOwner", "IsInherited": true, "PrincipalSID": "SUPPORT.HTB-S-1-5-32-544", "PrincipalType": "Group"}, {"RightName": "WriteDacl", "IsInherited": true, "PrincipalSID": "SUPPORT.HTB-S-1-5-32-544", "PrincipalType": "Group"}], "ChildObjects": [{"ObjectIdentifier": "S-1-5-21-1677581083-3380853377-188903654-2601", "ObjectType": "Computer"}]},{"ObjectIdentifier": "ACF7F47E-39FB-469D-82A2-6CFF310430AF", "Properties": {"domain": "SUPPORT.HTB", "name": "USERS@SUPPORT.HTB", "distinguishedname": "CN=USERS,DC=SUPPORT,DC=HTB", "domainsid": "S-1-5-21-1677581083-3380853377-188903654", "highvalue": false, "description": "Default container for upgraded user accounts", "whencreated": 1653735715}, "IsDeleted": false, "IsACLProtected": false, "Aces": [{"RightName": "Owns", "IsInherited": false, "PrincipalSID": "S-1-5-21-1677581083-3380853377-188903654-512", "PrincipalType": "Group"}, {"RightName": "WriteOwner", "IsInherited": false, "PrincipalSID": "S-1-5-21-1677581083-3380853377-188903654-512", "PrincipalType": "Group"}, {"RightName": "WriteDacl", "IsInherited": false, "PrincipalSID": "S-1-5-21-1677581083-3380853377-188903654-512", "PrincipalType": "Group"}, {"RightName": "GenericAll", "IsInherited": true, "PrincipalSID": "S-1-5-21-1677581083-3380853377-188903654-519", "PrincipalType": "Group"}, {"RightName": "WriteOwner", "IsInherited": true, "PrincipalSID": "SUPPORT.HTB-S-1-5-32-544", "PrincipalType": "Group"}, {"RightName": "WriteDacl", "IsInherited": true, "PrincipalSID": "SUPPORT.HTB-S-1-5-32-544", "PrincipalType": "Group"}], "ChildObjects": [{"ObjectIdentifier": "S-1-5-21-1677581083-3380853377-188903654-1108", "ObjectType": "User"}, {"ObjectIdentifier": "S-1-5-21-1677581083-3380853377-188903654-1116", "ObjectType": "User"}, {"ObjectIdentifier": "S-1-5-21-1677581083-3380853377-188903654-1110", "ObjectType": "User"}, {"ObjectIdentifier": "S-1-5-21-1677581083-3380853377-188903654-1105", "ObjectType": "User"}, {"ObjectIdentifier": "S-1-5-21-1677581083-3380853377-188903654-1119", "ObjectType": "User"}, {"ObjectIdentifier": "S-1-5-21-1677581083-3380853377-188903654-1106", "ObjectType": "User"}, {"ObjectIdentifier": "S-1-5-21-1677581083-3380853377-188903654-1103", "ObjectType": "Group"}, {"ObjectIdentifier": "S-1-5-21-1677581083-3380853377-188903654-518", "ObjectType": "Group"}, {"ObjectIdentifier": "S-1-5-21-1677581083-3380853377-188903654-521", "ObjectType": "Group"}, {"ObjectIdentifier": "S-1-5-21-1677581083-3380853377-188903654-1112", "ObjectType": "User"}, {"ObjectIdentifier": "S-1-5-21-1677581083-3380853377-188903654-553", "ObjectType": "Group"}, {"ObjectIdentifier": "S-1-5-21-1677581083-3380853377-188903654-525", "ObjectType": "Group"}, {"ObjectIdentifier": "S-1-5-21-1677581083-3380853377-188903654-1115", "ObjectType": "User"}, {"ObjectIdentifier": "S-1-5-21-1677581083-3380853377-188903654-1111", "ObjectType": "User"}, {"ObjectIdentifier": "S-1-5-21-1677581083-3380853377-188903654-1104", "ObjectType": "User"}, {"ObjectIdentifier": "S-1-5-21-1677581083-3380853377-188903654-1117", "ObjectType": "User"}, {"ObjectIdentifier": "S-1-5-21-1677581083-3380853377-188903654-502", "ObjectType": "User"}, {"ObjectIdentifier": "S-1-5-21-1677581083-3380853377-188903654-526", "ObjectType": "Group"}, {"ObjectIdentifier": "S-1-5-21-1677581083-3380853377-188903654-1107", "ObjectType": "User"}, {"ObjectIdentifier": "S-1-5-21-1677581083-3380853377-188903654-501", "ObjectType": "User"}, {"ObjectIdentifier": "S-1-5-21-1677581083-3380853377-188903654-520", "ObjectType": "Group"}, {"ObjectIdentifier": "S-1-5-21-1677581083-3380853377-188903654-1120", "ObjectType": "User"}, {"ObjectIdentifier": "S-1-5-21-1677581083-3380853377-188903654-498", "ObjectType": "Group"}, {"ObjectIdentifier": "S-1-5-21-1677581083-3380853377-188903654-527", "ObjectType": "Group"}, {"ObjectIdentifier": "S-1-5-21-1677581083-3380853377-188903654-519", "ObjectType": "Group"}, {"ObjectIdentifier": "S-1-5-21-1677581083-3380853377-188903654-513", "ObjectType": "Group"}, {"ObjectIdentifier": "S-1-5-21-1677581083-3380853377-188903654-514", "ObjectType": "Group"}, {"ObjectIdentifier": "S-1-5-21-1677581083-3380853377-188903654-516", "ObjectType": "Group"}, {"ObjectIdentifier": "S-1-5-21-1677581083-3380853377-188903654-515", "ObjectType": "Group"}, {"ObjectIdentifier": "S-1-5-21-1677581083-3380853377-188903654-512", "ObjectType": "Group"}, {"ObjectIdentifier": "S-1-5-21-1677581083-3380853377-188903654-1102", "ObjectType": "Group"}, {"ObjectIdentifier": "S-1-5-21-1677581083-3380853377-188903654-1101", "ObjectType": "Group"}, {"ObjectIdentifier": "S-1-5-21-1677581083-3380853377-188903654-572", "ObjectType": "Group"}, {"ObjectIdentifier": "S-1-5-21-1677581083-3380853377-188903654-1118", "ObjectType": "User"}, {"ObjectIdentifier": "S-1-5-21-1677581083-3380853377-188903654-1114", "ObjectType": "User"}, {"ObjectIdentifier": "S-1-5-21-1677581083-3380853377-188903654-522", "ObjectType": "Group"}, {"ObjectIdentifier": "S-1-5-21-1677581083-3380853377-188903654-517", "ObjectType": "Group"}, {"ObjectIdentifier": "S-1-5-21-1677581083-3380853377-188903654-1113", "ObjectType": "User"}, {"ObjectIdentifier": "S-1-5-21-1677581083-3380853377-188903654-1109", "ObjectType": "User"}, {"ObjectIdentifier": "S-1-5-21-1677581083-3380853377-188903654-571", "ObjectType": "Group"}, {"ObjectIdentifier": "S-1-5-21-1677581083-3380853377-188903654-500", "ObjectType": "User"}]}],"meta":{"methods":0,"type":"containers","count":19, "version":5}}