﻿{"data":[{"ChildObjects":[{"ObjectIdentifier":"A21675D0-27A5-47D9-A662-F838AD13C295","ObjectType":"Container"},{"ObjectIdentifier":"5D8CAA29-969F-4845-9B31-5C990FD74DC4","ObjectType":"OU"},{"ObjectIdentifier":"4210C12C-AE4D-4EEF-8261-78EE6C85AE7F","ObjectType":"OU"},{"ObjectIdentifier":"7585C390-A5C4-45BC-9819-ADC337062F1A","ObjectType":"Container"},{"ObjectIdentifier":"67A9CCC3-0BAC-455C-B92F-945791B73785","ObjectType":"Container"},{"ObjectIdentifier":"A3449556-DBC0-41F2-A315-5777C45EB368","ObjectType":"OU"},{"ObjectIdentifier":"E8AFCB96-F926-44BC-8FCF-C7F720DB4934","ObjectType":"Container"},{"ObjectIdentifier":"99ABF98D-79ED-4134-BE24-1C3613B0C2A0","ObjectType":"Container"}],"Trusts":[{"TargetDomainSid":"S-1-5-21-2806153819-209893948-922872689","TargetDomainName":"LOGISTICS.INLANEFREIGHT.LOCAL","IsTransitive":true,"SidFilteringEnabled":false,"TrustDirection":"Bidirectional","TrustType":"ParentChild"},{"TargetDomainSid":"S-1-5-21-2103857153-3563876796-2017925254","TargetDomainName":"FREIGHTLOGISTICS.LOCAL","IsTransitive":true,"SidFilteringEnabled":false,"TrustDirection":"Bidirectional","TrustType":"Forest"}],"Links":[{"IsEnforced":true,"GUID":"6F52C29A-284E-44BF-B369-1DCCBF5F6829"},{"IsEnforced":false,"GUID":"04D9B8FF-630C-43D4-988C-5EB35D50FFF1"}],"Aces":[{"PrincipalSID":"INLANEFREIGHT.LOCAL-S-1-5-32-544","PrincipalType":"Group","RightName":"Owns","IsInherited":false},{"PrincipalSID":"INLANEFREIGHT.LOCAL-S-1-5-32-544","PrincipalType":"Group","RightName":"WriteDacl","IsInherited":false},{"PrincipalSID":"INLANEFREIGHT.LOCAL-S-1-5-32-544","PrincipalType":"Group","RightName":"WriteOwner","IsInherited":false},{"PrincipalSID":"INLANEFREIGHT.LOCAL-S-1-5-32-544","PrincipalType":"Group","RightName":"AllExtendedRights","IsInherited":false},{"PrincipalSID":"S-1-5-21-3842939050-3880317879-2865463114-512","PrincipalType":"Group","RightName":"WriteDacl","IsInherited":false},{"PrincipalSID":"S-1-5-21-3842939050-3880317879-2865463114-512","PrincipalType":"Group","RightName":"WriteOwner","IsInherited":false},{"PrincipalSID":"S-1-5-21-3842939050-3880317879-2865463114-512","PrincipalType":"Group","RightName":"AllExtendedRights","IsInherited":false},{"PrincipalSID":"S-1-5-21-3842939050-3880317879-2865463114-519","PrincipalType":"Group","RightName":"GenericAll","IsInherited":false},{"PrincipalSID":"INLANEFREIGHT.LOCAL-S-1-5-9","PrincipalType":"Group","RightName":"GetChanges","IsInherited":false},{"PrincipalSID":"INLANEFREIGHT.LOCAL-S-1-5-32-544","PrincipalType":"Group","RightName":"GetChangesAll","IsInherited":false},{"PrincipalSID":"INLANEFREIGHT.LOCAL-S-1-5-32-544","PrincipalType":"Group","RightName":"GetChanges","IsInherited":false},{"PrincipalSID":"S-1-5-21-3842939050-3880317879-2865463114-498","PrincipalType":"Group","RightName":"GetChanges","IsInherited":false},{"PrincipalSID":"S-1-5-21-3842939050-3880317879-2865463114-516","PrincipalType":"Group","RightName":"GetChangesAll","IsInherited":false},{"PrincipalSID":"S-1-5-21-3842939050-3880317879-2865463114-1164","PrincipalType":"User","RightName":"GetChanges","IsInherited":false},{"PrincipalSID":"S-1-5-21-3842939050-3880317879-2865463114-1164","PrincipalType":"User","RightName":"GetChangesAll","IsInherited":false},{"PrincipalSID":"S-1-5-21-3842939050-3880317879-2865463114-5189","PrincipalType":"Group","RightName":"WriteDacl","IsInherited":false},{"PrincipalSID":"S-1-5-21-3842939050-3880317879-2865463114-5189","PrincipalType":"Group","RightName":"WriteDacl","IsInherited":false}],"ObjectIdentifier":"S-1-5-21-3842939050-3880317879-2865463114","IsDeleted":false,"IsACLProtected":false,"GPOChanges":{"LocalAdmins":[],"RemoteDesktopUsers":[],"DcomUsers":[],"PSRemoteUsers":[],"AffectedComputers":[{"ObjectIdentifier":"S-1-5-21-3842939050-3880317879-2865463114-1002","ObjectType":"Computer"},{"ObjectIdentifier":"S-1-5-21-3842939050-3880317879-2865463114-1107","ObjectType":"Computer"},{"ObjectIdentifier":"S-1-5-21-3842939050-3880317879-2865463114-4115","ObjectType":"Computer"},{"ObjectIdentifier":"S-1-5-21-3842939050-3880317879-2865463114-4632","ObjectType":"Computer"},{"ObjectIdentifier":"S-1-5-21-3842939050-3880317879-2865463114-4633","ObjectType":"Computer"},{"ObjectIdentifier":"S-1-5-21-3842939050-3880317879-2865463114-4634","ObjectType":"Computer"},{"ObjectIdentifier":"S-1-5-21-3842939050-3880317879-2865463114-4635","ObjectType":"Computer"},{"ObjectIdentifier":"S-1-5-21-3842939050-3880317879-2865463114-4636","ObjectType":"Computer"},{"ObjectIdentifier":"S-1-5-21-3842939050-3880317879-2865463114-4637","ObjectType":"Computer"},{"ObjectIdentifier":"S-1-5-21-3842939050-3880317879-2865463114-4638","ObjectType":"Computer"},{"ObjectIdentifier":"S-1-5-21-3842939050-3880317879-2865463114-4639","ObjectType":"Computer"},{"ObjectIdentifier":"S-1-5-21-3842939050-3880317879-2865463114-4640","ObjectType":"Computer"},{"ObjectIdentifier":"S-1-5-21-3842939050-3880317879-2865463114-4641","ObjectType":"Computer"},{"ObjectIdentifier":"S-1-5-21-3842939050-3880317879-2865463114-4642","ObjectType":"Computer"},{"ObjectIdentifier":"S-1-5-21-3842939050-3880317879-2865463114-4643","ObjectType":"Computer"},{"ObjectIdentifier":"S-1-5-21-3842939050-3880317879-2865463114-4644","ObjectType":"Computer"},{"ObjectIdentifier":"S-1-5-21-3842939050-3880317879-2865463114-4645","ObjectType":"Computer"},{"ObjectIdentifier":"S-1-5-21-3842939050-3880317879-2865463114-4646","ObjectType":"Computer"},{"ObjectIdentifier":"S-1-5-21-3842939050-3880317879-2865463114-4647","ObjectType":"Computer"},{"ObjectIdentifier":"S-1-5-21-3842939050-3880317879-2865463114-4648","ObjectType":"Computer"},{"ObjectIdentifier":"S-1-5-21-3842939050-3880317879-2865463114-4649","ObjectType":"Computer"},{"ObjectIdentifier":"S-1-5-21-3842939050-3880317879-2865463114-4650","ObjectType":"Computer"},{"ObjectIdentifier":"S-1-5-21-3842939050-3880317879-2865463114-4651","ObjectType":"Computer"},{"ObjectIdentifier":"S-1-5-21-3842939050-3880317879-2865463114-4652","ObjectType":"Computer"},{"ObjectIdentifier":"S-1-5-21-3842939050-3880317879-2865463114-4653","ObjectType":"Computer"},{"ObjectIdentifier":"S-1-5-21-3842939050-3880317879-2865463114-4654","ObjectType":"Computer"},{"ObjectIdentifier":"S-1-5-21-3842939050-3880317879-2865463114-4655","ObjectType":"Computer"},{"ObjectIdentifier":"S-1-5-21-3842939050-3880317879-2865463114-4656","ObjectType":"Computer"},{"ObjectIdentifier":"S-1-5-21-3842939050-3880317879-2865463114-4657","ObjectType":"Computer"},{"ObjectIdentifier":"S-1-5-21-3842939050-3880317879-2865463114-4658","ObjectType":"Computer"},{"ObjectIdentifier":"S-1-5-21-3842939050-3880317879-2865463114-4659","ObjectType":"Computer"},{"ObjectIdentifier":"S-1-5-21-3842939050-3880317879-2865463114-4660","ObjectType":"Computer"},{"ObjectIdentifier":"S-1-5-21-3842939050-3880317879-2865463114-4661","ObjectType":"Computer"},{"ObjectIdentifier":"S-1-5-21-3842939050-3880317879-2865463114-4662","ObjectType":"Computer"},{"ObjectIdentifier":"S-1-5-21-3842939050-3880317879-2865463114-4663","ObjectType":"Computer"},{"ObjectIdentifier":"S-1-5-21-3842939050-3880317879-2865463114-4664","ObjectType":"Computer"},{"ObjectIdentifier":"S-1-5-21-3842939050-3880317879-2865463114-4665","ObjectType":"Computer"},{"ObjectIdentifier":"S-1-5-21-3842939050-3880317879-2865463114-4666","ObjectType":"Computer"},{"ObjectIdentifier":"S-1-5-21-3842939050-3880317879-2865463114-4667","ObjectType":"Computer"},{"ObjectIdentifier":"S-1-5-21-3842939050-3880317879-2865463114-4668","ObjectType":"Computer"},{"ObjectIdentifier":"S-1-5-21-3842939050-3880317879-2865463114-4669","ObjectType":"Computer"},{"ObjectIdentifier":"S-1-5-21-3842939050-3880317879-2865463114-4670","ObjectType":"Computer"},{"ObjectIdentifier":"S-1-5-21-3842939050-3880317879-2865463114-4671","ObjectType":"Computer"},{"ObjectIdentifier":"S-1-5-21-3842939050-3880317879-2865463114-4672","ObjectType":"Computer"},{"ObjectIdentifier":"S-1-5-21-3842939050-3880317879-2865463114-4673","ObjectType":"Computer"},{"ObjectIdentifier":"S-1-5-21-3842939050-3880317879-2865463114-4674","ObjectType":"Computer"},{"ObjectIdentifier":"S-1-5-21-3842939050-3880317879-2865463114-4675","ObjectType":"Computer"},{"ObjectIdentifier":"S-1-5-21-3842939050-3880317879-2865463114-4676","ObjectType":"Computer"},{"ObjectIdentifier":"S-1-5-21-3842939050-3880317879-2865463114-4677","ObjectType":"Computer"},{"ObjectIdentifier":"S-1-5-21-3842939050-3880317879-2865463114-4678","ObjectType":"Computer"},{"ObjectIdentifier":"S-1-5-21-3842939050-3880317879-2865463114-4679","ObjectType":"Computer"},{"ObjectIdentifier":"S-1-5-21-3842939050-3880317879-2865463114-4680","ObjectType":"Computer"},{"ObjectIdentifier":"S-1-5-21-3842939050-3880317879-2865463114-4681","ObjectType":"Computer"},{"ObjectIdentifier":"S-1-5-21-3842939050-3880317879-2865463114-4682","ObjectType":"Computer"},{"ObjectIdentifier":"S-1-5-21-3842939050-3880317879-2865463114-4683","ObjectType":"Computer"},{"ObjectIdentifier":"S-1-5-21-3842939050-3880317879-2865463114-4684","ObjectType":"Computer"},{"ObjectIdentifier":"S-1-5-21-3842939050-3880317879-2865463114-4685","ObjectType":"Computer"},{"ObjectIdentifier":"S-1-5-21-3842939050-3880317879-2865463114-4686","ObjectType":"Computer"},{"ObjectIdentifier":"S-1-5-21-3842939050-3880317879-2865463114-4687","ObjectType":"Computer"},{"ObjectIdentifier":"S-1-5-21-3842939050-3880317879-2865463114-4688","ObjectType":"Computer"},{"ObjectIdentifier":"S-1-5-21-3842939050-3880317879-2865463114-4689","ObjectType":"Computer"},{"ObjectIdentifier":"S-1-5-21-3842939050-3880317879-2865463114-4690","ObjectType":"Computer"},{"ObjectIdentifier":"S-1-5-21-3842939050-3880317879-2865463114-4691","ObjectType":"Computer"},{"ObjectIdentifier":"S-1-5-21-3842939050-3880317879-2865463114-4692","ObjectType":"Computer"},{"ObjectIdentifier":"S-1-5-21-3842939050-3880317879-2865463114-4693","ObjectType":"Computer"},{"ObjectIdentifier":"S-1-5-21-3842939050-3880317879-2865463114-4694","ObjectType":"Computer"},{"ObjectIdentifier":"S-1-5-21-3842939050-3880317879-2865463114-4695","ObjectType":"Computer"},{"ObjectIdentifier":"S-1-5-21-3842939050-3880317879-2865463114-4696","ObjectType":"Computer"},{"ObjectIdentifier":"S-1-5-21-3842939050-3880317879-2865463114-4697","ObjectType":"Computer"},{"ObjectIdentifier":"S-1-5-21-3842939050-3880317879-2865463114-4698","ObjectType":"Computer"},{"ObjectIdentifier":"S-1-5-21-3842939050-3880317879-2865463114-4699","ObjectType":"Computer"},{"ObjectIdentifier":"S-1-5-21-3842939050-3880317879-2865463114-4700","ObjectType":"Computer"},{"ObjectIdentifier":"S-1-5-21-3842939050-3880317879-2865463114-4701","ObjectType":"Computer"},{"ObjectIdentifier":"S-1-5-21-3842939050-3880317879-2865463114-4702","ObjectType":"Computer"},{"ObjectIdentifier":"S-1-5-21-3842939050-3880317879-2865463114-4703","ObjectType":"Computer"},{"ObjectIdentifier":"S-1-5-21-3842939050-3880317879-2865463114-4704","ObjectType":"Computer"},{"ObjectIdentifier":"S-1-5-21-3842939050-3880317879-2865463114-4705","ObjectType":"Computer"},{"ObjectIdentifier":"S-1-5-21-3842939050-3880317879-2865463114-4706","ObjectType":"Computer"},{"ObjectIdentifier":"S-1-5-21-3842939050-3880317879-2865463114-4707","ObjectType":"Computer"},{"ObjectIdentifier":"S-1-5-21-3842939050-3880317879-2865463114-4708","ObjectType":"Computer"},{"ObjectIdentifier":"S-1-5-21-3842939050-3880317879-2865463114-4709","ObjectType":"Computer"},{"ObjectIdentifier":"S-1-5-21-3842939050-3880317879-2865463114-4710","ObjectType":"Computer"},{"ObjectIdentifier":"S-1-5-21-3842939050-3880317879-2865463114-4711","ObjectType":"Computer"},{"ObjectIdentifier":"S-1-5-21-3842939050-3880317879-2865463114-4712","ObjectType":"Computer"},{"ObjectIdentifier":"S-1-5-21-3842939050-3880317879-2865463114-4713","ObjectType":"Computer"},{"ObjectIdentifier":"S-1-5-21-3842939050-3880317879-2865463114-4714","ObjectType":"Computer"},{"ObjectIdentifier":"S-1-5-21-3842939050-3880317879-2865463114-4715","ObjectType":"Computer"},{"ObjectIdentifier":"S-1-5-21-3842939050-3880317879-2865463114-4716","ObjectType":"Computer"},{"ObjectIdentifier":"S-1-5-21-3842939050-3880317879-2865463114-4717","ObjectType":"Computer"},{"ObjectIdentifier":"S-1-5-21-3842939050-3880317879-2865463114-4718","ObjectType":"Computer"},{"ObjectIdentifier":"S-1-5-21-3842939050-3880317879-2865463114-4719","ObjectType":"Computer"},{"ObjectIdentifier":"S-1-5-21-3842939050-3880317879-2865463114-4720","ObjectType":"Computer"},{"ObjectIdentifier":"S-1-5-21-3842939050-3880317879-2865463114-4721","ObjectType":"Computer"},{"ObjectIdentifier":"S-1-5-21-3842939050-3880317879-2865463114-4722","ObjectType":"Computer"},{"ObjectIdentifier":"S-1-5-21-3842939050-3880317879-2865463114-4723","ObjectType":"Computer"},{"ObjectIdentifier":"S-1-5-21-3842939050-3880317879-2865463114-4724","ObjectType":"Computer"},{"ObjectIdentifier":"S-1-5-21-3842939050-3880317879-2865463114-4725","ObjectType":"Computer"},{"ObjectIdentifier":"S-1-5-21-3842939050-3880317879-2865463114-4726","ObjectType":"Computer"},{"ObjectIdentifier":"S-1-5-21-3842939050-3880317879-2865463114-4727","ObjectType":"Computer"},{"ObjectIdentifier":"S-1-5-21-3842939050-3880317879-2865463114-4728","ObjectType":"Computer"},{"ObjectIdentifier":"S-1-5-21-3842939050-3880317879-2865463114-4729","ObjectType":"Computer"},{"ObjectIdentifier":"S-1-5-21-3842939050-3880317879-2865463114-4730","ObjectType":"Computer"},{"ObjectIdentifier":"S-1-5-21-3842939050-3880317879-2865463114-4731","ObjectType":"Computer"},{"ObjectIdentifier":"S-1-5-21-3842939050-3880317879-2865463114-4732","ObjectType":"Computer"},{"ObjectIdentifier":"S-1-5-21-3842939050-3880317879-2865463114-4733","ObjectType":"Computer"},{"ObjectIdentifier":"S-1-5-21-3842939050-3880317879-2865463114-4734","ObjectType":"Computer"},{"ObjectIdentifier":"S-1-5-21-3842939050-3880317879-2865463114-4735","ObjectType":"Computer"},{"ObjectIdentifier":"S-1-5-21-3842939050-3880317879-2865463114-4736","ObjectType":"Computer"},{"ObjectIdentifier":"S-1-5-21-3842939050-3880317879-2865463114-4737","ObjectType":"Computer"},{"ObjectIdentifier":"S-1-5-21-3842939050-3880317879-2865463114-4738","ObjectType":"Computer"},{"ObjectIdentifier":"S-1-5-21-3842939050-3880317879-2865463114-4739","ObjectType":"Computer"},{"ObjectIdentifier":"S-1-5-21-3842939050-3880317879-2865463114-4740","ObjectType":"Computer"},{"ObjectIdentifier":"S-1-5-21-3842939050-3880317879-2865463114-4741","ObjectType":"Computer"},{"ObjectIdentifier":"S-1-5-21-3842939050-3880317879-2865463114-4742","ObjectType":"Computer"},{"ObjectIdentifier":"S-1-5-21-3842939050-3880317879-2865463114-4743","ObjectType":"Computer"},{"ObjectIdentifier":"S-1-5-21-3842939050-3880317879-2865463114-4744","ObjectType":"Computer"},{"ObjectIdentifier":"S-1-5-21-3842939050-3880317879-2865463114-4745","ObjectType":"Computer"},{"ObjectIdentifier":"S-1-5-21-3842939050-3880317879-2865463114-4746","ObjectType":"Computer"},{"ObjectIdentifier":"S-1-5-21-3842939050-3880317879-2865463114-4747","ObjectType":"Computer"},{"ObjectIdentifier":"S-1-5-21-3842939050-3880317879-2865463114-4748","ObjectType":"Computer"},{"ObjectIdentifier":"S-1-5-21-3842939050-3880317879-2865463114-4749","ObjectType":"Computer"},{"ObjectIdentifier":"S-1-5-21-3842939050-3880317879-2865463114-4750","ObjectType":"Computer"},{"ObjectIdentifier":"S-1-5-21-3842939050-3880317879-2865463114-4751","ObjectType":"Computer"},{"ObjectIdentifier":"S-1-5-21-3842939050-3880317879-2865463114-4752","ObjectType":"Computer"},{"ObjectIdentifier":"S-1-5-21-3842939050-3880317879-2865463114-4753","ObjectType":"Computer"},{"ObjectIdentifier":"S-1-5-21-3842939050-3880317879-2865463114-4754","ObjectType":"Computer"},{"ObjectIdentifier":"S-1-5-21-3842939050-3880317879-2865463114-4755","ObjectType":"Computer"},{"ObjectIdentifier":"S-1-5-21-3842939050-3880317879-2865463114-4756","ObjectType":"Computer"},{"ObjectIdentifier":"S-1-5-21-3842939050-3880317879-2865463114-4757","ObjectType":"Computer"},{"ObjectIdentifier":"S-1-5-21-3842939050-3880317879-2865463114-4758","ObjectType":"Computer"},{"ObjectIdentifier":"S-1-5-21-3842939050-3880317879-2865463114-4759","ObjectType":"Computer"},{"ObjectIdentifier":"S-1-5-21-3842939050-3880317879-2865463114-4760","ObjectType":"Computer"},{"ObjectIdentifier":"S-1-5-21-3842939050-3880317879-2865463114-4761","ObjectType":"Computer"},{"ObjectIdentifier":"S-1-5-21-3842939050-3880317879-2865463114-4762","ObjectType":"Computer"},{"ObjectIdentifier":"S-1-5-21-3842939050-3880317879-2865463114-4763","ObjectType":"Computer"},{"ObjectIdentifier":"S-1-5-21-3842939050-3880317879-2865463114-4764","ObjectType":"Computer"},{"ObjectIdentifier":"S-1-5-21-3842939050-3880317879-2865463114-4765","ObjectType":"Computer"},{"ObjectIdentifier":"S-1-5-21-3842939050-3880317879-2865463114-4766","ObjectType":"Computer"},{"ObjectIdentifier":"S-1-5-21-3842939050-3880317879-2865463114-4767","ObjectType":"Computer"},{"ObjectIdentifier":"S-1-5-21-3842939050-3880317879-2865463114-4768","ObjectType":"Computer"},{"ObjectIdentifier":"S-1-5-21-3842939050-3880317879-2865463114-4769","ObjectType":"Computer"},{"ObjectIdentifier":"S-1-5-21-3842939050-3880317879-2865463114-4770","ObjectType":"Computer"},{"ObjectIdentifier":"S-1-5-21-3842939050-3880317879-2865463114-4771","ObjectType":"Computer"},{"ObjectIdentifier":"S-1-5-21-3842939050-3880317879-2865463114-4772","ObjectType":"Computer"},{"ObjectIdentifier":"S-1-5-21-3842939050-3880317879-2865463114-4773","ObjectType":"Computer"},{"ObjectIdentifier":"S-1-5-21-3842939050-3880317879-2865463114-4774","ObjectType":"Computer"},{"ObjectIdentifier":"S-1-5-21-3842939050-3880317879-2865463114-4775","ObjectType":"Computer"},{"ObjectIdentifier":"S-1-5-21-3842939050-3880317879-2865463114-4776","ObjectType":"Computer"},{"ObjectIdentifier":"S-1-5-21-3842939050-3880317879-2865463114-4777","ObjectType":"Computer"},{"ObjectIdentifier":"S-1-5-21-3842939050-3880317879-2865463114-4778","ObjectType":"Computer"},{"ObjectIdentifier":"S-1-5-21-3842939050-3880317879-2865463114-4779","ObjectType":"Computer"},{"ObjectIdentifier":"S-1-5-21-3842939050-3880317879-2865463114-4780","ObjectType":"Computer"},{"ObjectIdentifier":"S-1-5-21-3842939050-3880317879-2865463114-4781","ObjectType":"Computer"},{"ObjectIdentifier":"S-1-5-21-3842939050-3880317879-2865463114-4782","ObjectType":"Computer"},{"ObjectIdentifier":"S-1-5-21-3842939050-3880317879-2865463114-4783","ObjectType":"Computer"},{"ObjectIdentifier":"S-1-5-21-3842939050-3880317879-2865463114-4784","ObjectType":"Computer"},{"ObjectIdentifier":"S-1-5-21-3842939050-3880317879-2865463114-4785","ObjectType":"Computer"},{"ObjectIdentifier":"S-1-5-21-3842939050-3880317879-2865463114-4786","ObjectType":"Computer"},{"ObjectIdentifier":"S-1-5-21-3842939050-3880317879-2865463114-4787","ObjectType":"Computer"},{"ObjectIdentifier":"S-1-5-21-3842939050-3880317879-2865463114-4788","ObjectType":"Computer"},{"ObjectIdentifier":"S-1-5-21-3842939050-3880317879-2865463114-4789","ObjectType":"Computer"},{"ObjectIdentifier":"S-1-5-21-3842939050-3880317879-2865463114-4790","ObjectType":"Computer"},{"ObjectIdentifier":"S-1-5-21-3842939050-3880317879-2865463114-4791","ObjectType":"Computer"},{"ObjectIdentifier":"S-1-5-21-3842939050-3880317879-2865463114-4792","ObjectType":"Computer"},{"ObjectIdentifier":"S-1-5-21-3842939050-3880317879-2865463114-4793","ObjectType":"Computer"},{"ObjectIdentifier":"S-1-5-21-3842939050-3880317879-2865463114-4794","ObjectType":"Computer"},{"ObjectIdentifier":"S-1-5-21-3842939050-3880317879-2865463114-4795","ObjectType":"Computer"},{"ObjectIdentifier":"S-1-5-21-3842939050-3880317879-2865463114-4796","ObjectType":"Computer"},{"ObjectIdentifier":"S-1-5-21-3842939050-3880317879-2865463114-4797","ObjectType":"Computer"},{"ObjectIdentifier":"S-1-5-21-3842939050-3880317879-2865463114-4798","ObjectType":"Computer"},{"ObjectIdentifier":"S-1-5-21-3842939050-3880317879-2865463114-4799","ObjectType":"Computer"},{"ObjectIdentifier":"S-1-5-21-3842939050-3880317879-2865463114-4800","ObjectType":"Computer"},{"ObjectIdentifier":"S-1-5-21-3842939050-3880317879-2865463114-4801","ObjectType":"Computer"},{"ObjectIdentifier":"S-1-5-21-3842939050-3880317879-2865463114-4802","ObjectType":"Computer"},{"ObjectIdentifier":"S-1-5-21-3842939050-3880317879-2865463114-4803","ObjectType":"Computer"},{"ObjectIdentifier":"S-1-5-21-3842939050-3880317879-2865463114-4804","ObjectType":"Computer"},{"ObjectIdentifier":"S-1-5-21-3842939050-3880317879-2865463114-4805","ObjectType":"Computer"},{"ObjectIdentifier":"S-1-5-21-3842939050-3880317879-2865463114-4806","ObjectType":"Computer"},{"ObjectIdentifier":"S-1-5-21-3842939050-3880317879-2865463114-4807","ObjectType":"Computer"},{"ObjectIdentifier":"S-1-5-21-3842939050-3880317879-2865463114-4808","ObjectType":"Computer"},{"ObjectIdentifier":"S-1-5-21-3842939050-3880317879-2865463114-4809","ObjectType":"Computer"},{"ObjectIdentifier":"S-1-5-21-3842939050-3880317879-2865463114-4810","ObjectType":"Computer"},{"ObjectIdentifier":"S-1-5-21-3842939050-3880317879-2865463114-4811","ObjectType":"Computer"},{"ObjectIdentifier":"S-1-5-21-3842939050-3880317879-2865463114-4812","ObjectType":"Computer"},{"ObjectIdentifier":"S-1-5-21-3842939050-3880317879-2865463114-4813","ObjectType":"Computer"},{"ObjectIdentifier":"S-1-5-21-3842939050-3880317879-2865463114-4814","ObjectType":"Computer"},{"ObjectIdentifier":"S-1-5-21-3842939050-3880317879-2865463114-4815","ObjectType":"Computer"},{"ObjectIdentifier":"S-1-5-21-3842939050-3880317879-2865463114-4816","ObjectType":"Computer"},{"ObjectIdentifier":"S-1-5-21-3842939050-3880317879-2865463114-4817","ObjectType":"Computer"},{"ObjectIdentifier":"S-1-5-21-3842939050-3880317879-2865463114-4818","ObjectType":"Computer"},{"ObjectIdentifier":"S-1-5-21-3842939050-3880317879-2865463114-4819","ObjectType":"Computer"},{"ObjectIdentifier":"S-1-5-21-3842939050-3880317879-2865463114-4820","ObjectType":"Computer"},{"ObjectIdentifier":"S-1-5-21-3842939050-3880317879-2865463114-4821","ObjectType":"Computer"},{"ObjectIdentifier":"S-1-5-21-3842939050-3880317879-2865463114-4822","ObjectType":"Computer"},{"ObjectIdentifier":"S-1-5-21-3842939050-3880317879-2865463114-4823","ObjectType":"Computer"},{"ObjectIdentifier":"S-1-5-21-3842939050-3880317879-2865463114-4824","ObjectType":"Computer"},{"ObjectIdentifier":"S-1-5-21-3842939050-3880317879-2865463114-4825","ObjectType":"Computer"},{"ObjectIdentifier":"S-1-5-21-3842939050-3880317879-2865463114-4826","ObjectType":"Computer"},{"ObjectIdentifier":"S-1-5-21-3842939050-3880317879-2865463114-4827","ObjectType":"Computer"},{"ObjectIdentifier":"S-1-5-21-3842939050-3880317879-2865463114-4828","ObjectType":"Computer"},{"ObjectIdentifier":"S-1-5-21-3842939050-3880317879-2865463114-4829","ObjectType":"Computer"},{"ObjectIdentifier":"S-1-5-21-3842939050-3880317879-2865463114-4830","ObjectType":"Computer"},{"ObjectIdentifier":"S-1-5-21-3842939050-3880317879-2865463114-4831","ObjectType":"Computer"},{"ObjectIdentifier":"S-1-5-21-3842939050-3880317879-2865463114-4832","ObjectType":"Computer"},{"ObjectIdentifier":"S-1-5-21-3842939050-3880317879-2865463114-4833","ObjectType":"Computer"},{"ObjectIdentifier":"S-1-5-21-3842939050-3880317879-2865463114-4834","ObjectType":"Computer"},{"ObjectIdentifier":"S-1-5-21-3842939050-3880317879-2865463114-4835","ObjectType":"Computer"},{"ObjectIdentifier":"S-1-5-21-3842939050-3880317879-2865463114-4836","ObjectType":"Computer"},{"ObjectIdentifier":"S-1-5-21-3842939050-3880317879-2865463114-4837","ObjectType":"Computer"},{"ObjectIdentifier":"S-1-5-21-3842939050-3880317879-2865463114-4838","ObjectType":"Computer"},{"ObjectIdentifier":"S-1-5-21-3842939050-3880317879-2865463114-4839","ObjectType":"Computer"},{"ObjectIdentifier":"S-1-5-21-3842939050-3880317879-2865463114-4840","ObjectType":"Computer"},{"ObjectIdentifier":"S-1-5-21-3842939050-3880317879-2865463114-4841","ObjectType":"Computer"},{"ObjectIdentifier":"S-1-5-21-3842939050-3880317879-2865463114-4842","ObjectType":"Computer"},{"ObjectIdentifier":"S-1-5-21-3842939050-3880317879-2865463114-4843","ObjectType":"Computer"},{"ObjectIdentifier":"S-1-5-21-3842939050-3880317879-2865463114-4844","ObjectType":"Computer"},{"ObjectIdentifier":"S-1-5-21-3842939050-3880317879-2865463114-4845","ObjectType":"Computer"},{"ObjectIdentifier":"S-1-5-21-3842939050-3880317879-2865463114-4846","ObjectType":"Computer"},{"ObjectIdentifier":"S-1-5-21-3842939050-3880317879-2865463114-4847","ObjectType":"Computer"},{"ObjectIdentifier":"S-1-5-21-3842939050-3880317879-2865463114-4848","ObjectType":"Computer"},{"ObjectIdentifier":"S-1-5-21-3842939050-3880317879-2865463114-4849","ObjectType":"Computer"},{"ObjectIdentifier":"S-1-5-21-3842939050-3880317879-2865463114-4850","ObjectType":"Computer"},{"ObjectIdentifier":"S-1-5-21-3842939050-3880317879-2865463114-4851","ObjectType":"Computer"},{"ObjectIdentifier":"S-1-5-21-3842939050-3880317879-2865463114-4852","ObjectType":"Computer"},{"ObjectIdentifier":"S-1-5-21-3842939050-3880317879-2865463114-4853","ObjectType":"Computer"},{"ObjectIdentifier":"S-1-5-21-3842939050-3880317879-2865463114-4854","ObjectType":"Computer"},{"ObjectIdentifier":"S-1-5-21-3842939050-3880317879-2865463114-4855","ObjectType":"Computer"},{"ObjectIdentifier":"S-1-5-21-3842939050-3880317879-2865463114-4856","ObjectType":"Computer"},{"ObjectIdentifier":"S-1-5-21-3842939050-3880317879-2865463114-4857","ObjectType":"Computer"},{"ObjectIdentifier":"S-1-5-21-3842939050-3880317879-2865463114-4858","ObjectType":"Computer"},{"ObjectIdentifier":"S-1-5-21-3842939050-3880317879-2865463114-4859","ObjectType":"Computer"},{"ObjectIdentifier":"S-1-5-21-3842939050-3880317879-2865463114-4860","ObjectType":"Computer"},{"ObjectIdentifier":"S-1-5-21-3842939050-3880317879-2865463114-4861","ObjectType":"Computer"},{"ObjectIdentifier":"S-1-5-21-3842939050-3880317879-2865463114-4862","ObjectType":"Computer"},{"ObjectIdentifier":"S-1-5-21-3842939050-3880317879-2865463114-4863","ObjectType":"Computer"},{"ObjectIdentifier":"S-1-5-21-3842939050-3880317879-2865463114-4864","ObjectType":"Computer"},{"ObjectIdentifier":"S-1-5-21-3842939050-3880317879-2865463114-4865","ObjectType":"Computer"},{"ObjectIdentifier":"S-1-5-21-3842939050-3880317879-2865463114-4866","ObjectType":"Computer"},{"ObjectIdentifier":"S-1-5-21-3842939050-3880317879-2865463114-4867","ObjectType":"Computer"},{"ObjectIdentifier":"S-1-5-21-3842939050-3880317879-2865463114-4868","ObjectType":"Computer"},{"ObjectIdentifier":"S-1-5-21-3842939050-3880317879-2865463114-4869","ObjectType":"Computer"},{"ObjectIdentifier":"S-1-5-21-3842939050-3880317879-2865463114-4870","ObjectType":"Computer"},{"ObjectIdentifier":"S-1-5-21-3842939050-3880317879-2865463114-4871","ObjectType":"Computer"},{"ObjectIdentifier":"S-1-5-21-3842939050-3880317879-2865463114-4872","ObjectType":"Computer"},{"ObjectIdentifier":"S-1-5-21-3842939050-3880317879-2865463114-4873","ObjectType":"Computer"},{"ObjectIdentifier":"S-1-5-21-3842939050-3880317879-2865463114-4874","ObjectType":"Computer"},{"ObjectIdentifier":"S-1-5-21-3842939050-3880317879-2865463114-4875","ObjectType":"Computer"},{"ObjectIdentifier":"S-1-5-21-3842939050-3880317879-2865463114-4876","ObjectType":"Computer"},{"ObjectIdentifier":"S-1-5-21-3842939050-3880317879-2865463114-4877","ObjectType":"Computer"},{"ObjectIdentifier":"S-1-5-21-3842939050-3880317879-2865463114-4878","ObjectType":"Computer"},{"ObjectIdentifier":"S-1-5-21-3842939050-3880317879-2865463114-4879","ObjectType":"Computer"},{"ObjectIdentifier":"S-1-5-21-3842939050-3880317879-2865463114-4880","ObjectType":"Computer"},{"ObjectIdentifier":"S-1-5-21-3842939050-3880317879-2865463114-4881","ObjectType":"Computer"},{"ObjectIdentifier":"S-1-5-21-3842939050-3880317879-2865463114-4882","ObjectType":"Computer"},{"ObjectIdentifier":"S-1-5-21-3842939050-3880317879-2865463114-4883","ObjectType":"Computer"},{"ObjectIdentifier":"S-1-5-21-3842939050-3880317879-2865463114-4884","ObjectType":"Computer"},{"ObjectIdentifier":"S-1-5-21-3842939050-3880317879-2865463114-4885","ObjectType":"Computer"},{"ObjectIdentifier":"S-1-5-21-3842939050-3880317879-2865463114-4886","ObjectType":"Computer"},{"ObjectIdentifier":"S-1-5-21-3842939050-3880317879-2865463114-4887","ObjectType":"Computer"},{"ObjectIdentifier":"S-1-5-21-3842939050-3880317879-2865463114-4888","ObjectType":"Computer"},{"ObjectIdentifier":"S-1-5-21-3842939050-3880317879-2865463114-4889","ObjectType":"Computer"},{"ObjectIdentifier":"S-1-5-21-3842939050-3880317879-2865463114-4890","ObjectType":"Computer"},{"ObjectIdentifier":"S-1-5-21-3842939050-3880317879-2865463114-4891","ObjectType":"Computer"},{"ObjectIdentifier":"S-1-5-21-3842939050-3880317879-2865463114-4892","ObjectType":"Computer"},{"ObjectIdentifier":"S-1-5-21-3842939050-3880317879-2865463114-4893","ObjectType":"Computer"},{"ObjectIdentifier":"S-1-5-21-3842939050-3880317879-2865463114-4894","ObjectType":"Computer"},{"ObjectIdentifier":"S-1-5-21-3842939050-3880317879-2865463114-4895","ObjectType":"Computer"},{"ObjectIdentifier":"S-1-5-21-3842939050-3880317879-2865463114-4896","ObjectType":"Computer"},{"ObjectIdentifier":"S-1-5-21-3842939050-3880317879-2865463114-4897","ObjectType":"Computer"},{"ObjectIdentifier":"S-1-5-21-3842939050-3880317879-2865463114-4898","ObjectType":"Computer"},{"ObjectIdentifier":"S-1-5-21-3842939050-3880317879-2865463114-4899","ObjectType":"Computer"},{"ObjectIdentifier":"S-1-5-21-3842939050-3880317879-2865463114-4900","ObjectType":"Computer"},{"ObjectIdentifier":"S-1-5-21-3842939050-3880317879-2865463114-4901","ObjectType":"Computer"},{"ObjectIdentifier":"S-1-5-21-3842939050-3880317879-2865463114-4902","ObjectType":"Computer"},{"ObjectIdentifier":"S-1-5-21-3842939050-3880317879-2865463114-4903","ObjectType":"Computer"},{"ObjectIdentifier":"S-1-5-21-3842939050-3880317879-2865463114-4904","ObjectType":"Computer"},{"ObjectIdentifier":"S-1-5-21-3842939050-3880317879-2865463114-4905","ObjectType":"Computer"},{"ObjectIdentifier":"S-1-5-21-3842939050-3880317879-2865463114-4906","ObjectType":"Computer"},{"ObjectIdentifier":"S-1-5-21-3842939050-3880317879-2865463114-4907","ObjectType":"Computer"},{"ObjectIdentifier":"S-1-5-21-3842939050-3880317879-2865463114-4908","ObjectType":"Computer"},{"ObjectIdentifier":"S-1-5-21-3842939050-3880317879-2865463114-4909","ObjectType":"Computer"},{"ObjectIdentifier":"S-1-5-21-3842939050-3880317879-2865463114-4910","ObjectType":"Computer"},{"ObjectIdentifier":"S-1-5-21-3842939050-3880317879-2865463114-4911","ObjectType":"Computer"},{"ObjectIdentifier":"S-1-5-21-3842939050-3880317879-2865463114-4912","ObjectType":"Computer"},{"ObjectIdentifier":"S-1-5-21-3842939050-3880317879-2865463114-4913","ObjectType":"Computer"},{"ObjectIdentifier":"S-1-5-21-3842939050-3880317879-2865463114-4914","ObjectType":"Computer"},{"ObjectIdentifier":"S-1-5-21-3842939050-3880317879-2865463114-4915","ObjectType":"Computer"},{"ObjectIdentifier":"S-1-5-21-3842939050-3880317879-2865463114-4916","ObjectType":"Computer"},{"ObjectIdentifier":"S-1-5-21-3842939050-3880317879-2865463114-4917","ObjectType":"Computer"},{"ObjectIdentifier":"S-1-5-21-3842939050-3880317879-2865463114-4918","ObjectType":"Computer"},{"ObjectIdentifier":"S-1-5-21-3842939050-3880317879-2865463114-4919","ObjectType":"Computer"},{"ObjectIdentifier":"S-1-5-21-3842939050-3880317879-2865463114-4920","ObjectType":"Computer"},{"ObjectIdentifier":"S-1-5-21-3842939050-3880317879-2865463114-4921","ObjectType":"Computer"},{"ObjectIdentifier":"S-1-5-21-3842939050-3880317879-2865463114-4922","ObjectType":"Computer"},{"ObjectIdentifier":"S-1-5-21-3842939050-3880317879-2865463114-4923","ObjectType":"Computer"},{"ObjectIdentifier":"S-1-5-21-3842939050-3880317879-2865463114-4924","ObjectType":"Computer"},{"ObjectIdentifier":"S-1-5-21-3842939050-3880317879-2865463114-4925","ObjectType":"Computer"},{"ObjectIdentifier":"S-1-5-21-3842939050-3880317879-2865463114-4926","ObjectType":"Computer"},{"ObjectIdentifier":"S-1-5-21-3842939050-3880317879-2865463114-4927","ObjectType":"Computer"},{"ObjectIdentifier":"S-1-5-21-3842939050-3880317879-2865463114-4928","ObjectType":"Computer"},{"ObjectIdentifier":"S-1-5-21-3842939050-3880317879-2865463114-4929","ObjectType":"Computer"},{"ObjectIdentifier":"S-1-5-21-3842939050-3880317879-2865463114-4930","ObjectType":"Computer"},{"ObjectIdentifier":"S-1-5-21-3842939050-3880317879-2865463114-4931","ObjectType":"Computer"},{"ObjectIdentifier":"S-1-5-21-3842939050-3880317879-2865463114-4932","ObjectType":"Computer"},{"ObjectIdentifier":"S-1-5-21-3842939050-3880317879-2865463114-4933","ObjectType":"Computer"},{"ObjectIdentifier":"S-1-5-21-3842939050-3880317879-2865463114-4934","ObjectType":"Computer"},{"ObjectIdentifier":"S-1-5-21-3842939050-3880317879-2865463114-4935","ObjectType":"Computer"},{"ObjectIdentifier":"S-1-5-21-3842939050-3880317879-2865463114-4936","ObjectType":"Computer"},{"ObjectIdentifier":"S-1-5-21-3842939050-3880317879-2865463114-4937","ObjectType":"Computer"},{"ObjectIdentifier":"S-1-5-21-3842939050-3880317879-2865463114-4938","ObjectType":"Computer"},{"ObjectIdentifier":"S-1-5-21-3842939050-3880317879-2865463114-4939","ObjectType":"Computer"},{"ObjectIdentifier":"S-1-5-21-3842939050-3880317879-2865463114-4940","ObjectType":"Computer"},{"ObjectIdentifier":"S-1-5-21-3842939050-3880317879-2865463114-4941","ObjectType":"Computer"},{"ObjectIdentifier":"S-1-5-21-3842939050-3880317879-2865463114-4942","ObjectType":"Computer"},{"ObjectIdentifier":"S-1-5-21-3842939050-3880317879-2865463114-4943","ObjectType":"Computer"},{"ObjectIdentifier":"S-1-5-21-3842939050-3880317879-2865463114-4944","ObjectType":"Computer"},{"ObjectIdentifier":"S-1-5-21-3842939050-3880317879-2865463114-4945","ObjectType":"Computer"},{"ObjectIdentifier":"S-1-5-21-3842939050-3880317879-2865463114-4946","ObjectType":"Computer"},{"ObjectIdentifier":"S-1-5-21-3842939050-3880317879-2865463114-4947","ObjectType":"Computer"},{"ObjectIdentifier":"S-1-5-21-3842939050-3880317879-2865463114-4948","ObjectType":"Computer"},{"ObjectIdentifier":"S-1-5-21-3842939050-3880317879-2865463114-4949","ObjectType":"Computer"},{"ObjectIdentifier":"S-1-5-21-3842939050-3880317879-2865463114-4950","ObjectType":"Computer"},{"ObjectIdentifier":"S-1-5-21-3842939050-3880317879-2865463114-4951","ObjectType":"Computer"},{"ObjectIdentifier":"S-1-5-21-3842939050-3880317879-2865463114-4952","ObjectType":"Computer"},{"ObjectIdentifier":"S-1-5-21-3842939050-3880317879-2865463114-4953","ObjectType":"Computer"},{"ObjectIdentifier":"S-1-5-21-3842939050-3880317879-2865463114-4954","ObjectType":"Computer"},{"ObjectIdentifier":"S-1-5-21-3842939050-3880317879-2865463114-4955","ObjectType":"Computer"},{"ObjectIdentifier":"S-1-5-21-3842939050-3880317879-2865463114-4956","ObjectType":"Computer"},{"ObjectIdentifier":"S-1-5-21-3842939050-3880317879-2865463114-4957","ObjectType":"Computer"},{"ObjectIdentifier":"S-1-5-21-3842939050-3880317879-2865463114-4958","ObjectType":"Computer"},{"ObjectIdentifier":"S-1-5-21-3842939050-3880317879-2865463114-4959","ObjectType":"Computer"},{"ObjectIdentifier":"S-1-5-21-3842939050-3880317879-2865463114-4960","ObjectType":"Computer"},{"ObjectIdentifier":"S-1-5-21-3842939050-3880317879-2865463114-4961","ObjectType":"Computer"},{"ObjectIdentifier":"S-1-5-21-3842939050-3880317879-2865463114-4962","ObjectType":"Computer"},{"ObjectIdentifier":"S-1-5-21-3842939050-3880317879-2865463114-4963","ObjectType":"Computer"},{"ObjectIdentifier":"S-1-5-21-3842939050-3880317879-2865463114-4964","ObjectType":"Computer"},{"ObjectIdentifier":"S-1-5-21-3842939050-3880317879-2865463114-4965","ObjectType":"Computer"},{"ObjectIdentifier":"S-1-5-21-3842939050-3880317879-2865463114-4966","ObjectType":"Computer"},{"ObjectIdentifier":"S-1-5-21-3842939050-3880317879-2865463114-4967","ObjectType":"Computer"},{"ObjectIdentifier":"S-1-5-21-3842939050-3880317879-2865463114-4968","ObjectType":"Computer"},{"ObjectIdentifier":"S-1-5-21-3842939050-3880317879-2865463114-4969","ObjectType":"Computer"},{"ObjectIdentifier":"S-1-5-21-3842939050-3880317879-2865463114-4970","ObjectType":"Computer"},{"ObjectIdentifier":"S-1-5-21-3842939050-3880317879-2865463114-4971","ObjectType":"Computer"},{"ObjectIdentifier":"S-1-5-21-3842939050-3880317879-2865463114-4972","ObjectType":"Computer"},{"ObjectIdentifier":"S-1-5-21-3842939050-3880317879-2865463114-4973","ObjectType":"Computer"},{"ObjectIdentifier":"S-1-5-21-3842939050-3880317879-2865463114-4974","ObjectType":"Computer"},{"ObjectIdentifier":"S-1-5-21-3842939050-3880317879-2865463114-4975","ObjectType":"Computer"},{"ObjectIdentifier":"S-1-5-21-3842939050-3880317879-2865463114-4976","ObjectType":"Computer"},{"ObjectIdentifier":"S-1-5-21-3842939050-3880317879-2865463114-4977","ObjectType":"Computer"},{"ObjectIdentifier":"S-1-5-21-3842939050-3880317879-2865463114-4978","ObjectType":"Computer"},{"ObjectIdentifier":"S-1-5-21-3842939050-3880317879-2865463114-4979","ObjectType":"Computer"},{"ObjectIdentifier":"S-1-5-21-3842939050-3880317879-2865463114-4980","ObjectType":"Computer"},{"ObjectIdentifier":"S-1-5-21-3842939050-3880317879-2865463114-4981","ObjectType":"Computer"},{"ObjectIdentifier":"S-1-5-21-3842939050-3880317879-2865463114-4982","ObjectType":"Computer"},{"ObjectIdentifier":"S-1-5-21-3842939050-3880317879-2865463114-4983","ObjectType":"Computer"},{"ObjectIdentifier":"S-1-5-21-3842939050-3880317879-2865463114-4984","ObjectType":"Computer"},{"ObjectIdentifier":"S-1-5-21-3842939050-3880317879-2865463114-4985","ObjectType":"Computer"},{"ObjectIdentifier":"S-1-5-21-3842939050-3880317879-2865463114-4986","ObjectType":"Computer"},{"ObjectIdentifier":"S-1-5-21-3842939050-3880317879-2865463114-4987","ObjectType":"Computer"},{"ObjectIdentifier":"S-1-5-21-3842939050-3880317879-2865463114-4988","ObjectType":"Computer"},{"ObjectIdentifier":"S-1-5-21-3842939050-3880317879-2865463114-4989","ObjectType":"Computer"},{"ObjectIdentifier":"S-1-5-21-3842939050-3880317879-2865463114-4990","ObjectType":"Computer"},{"ObjectIdentifier":"S-1-5-21-3842939050-3880317879-2865463114-4991","ObjectType":"Computer"},{"ObjectIdentifier":"S-1-5-21-3842939050-3880317879-2865463114-4992","ObjectType":"Computer"},{"ObjectIdentifier":"S-1-5-21-3842939050-3880317879-2865463114-4993","ObjectType":"Computer"},{"ObjectIdentifier":"S-1-5-21-3842939050-3880317879-2865463114-4994","ObjectType":"Computer"},{"ObjectIdentifier":"S-1-5-21-3842939050-3880317879-2865463114-4995","ObjectType":"Computer"},{"ObjectIdentifier":"S-1-5-21-3842939050-3880317879-2865463114-4996","ObjectType":"Computer"},{"ObjectIdentifier":"S-1-5-21-3842939050-3880317879-2865463114-4997","ObjectType":"Computer"},{"ObjectIdentifier":"S-1-5-21-3842939050-3880317879-2865463114-4998","ObjectType":"Computer"},{"ObjectIdentifier":"S-1-5-21-3842939050-3880317879-2865463114-4999","ObjectType":"Computer"},{"ObjectIdentifier":"S-1-5-21-3842939050-3880317879-2865463114-5000","ObjectType":"Computer"},{"ObjectIdentifier":"S-1-5-21-3842939050-3880317879-2865463114-5001","ObjectType":"Computer"},{"ObjectIdentifier":"S-1-5-21-3842939050-3880317879-2865463114-5002","ObjectType":"Computer"},{"ObjectIdentifier":"S-1-5-21-3842939050-3880317879-2865463114-5003","ObjectType":"Computer"},{"ObjectIdentifier":"S-1-5-21-3842939050-3880317879-2865463114-5004","ObjectType":"Computer"},{"ObjectIdentifier":"S-1-5-21-3842939050-3880317879-2865463114-5005","ObjectType":"Computer"},{"ObjectIdentifier":"S-1-5-21-3842939050-3880317879-2865463114-5006","ObjectType":"Computer"},{"ObjectIdentifier":"S-1-5-21-3842939050-3880317879-2865463114-5007","ObjectType":"Computer"},{"ObjectIdentifier":"S-1-5-21-3842939050-3880317879-2865463114-5008","ObjectType":"Computer"},{"ObjectIdentifier":"S-1-5-21-3842939050-3880317879-2865463114-5009","ObjectType":"Computer"},{"ObjectIdentifier":"S-1-5-21-3842939050-3880317879-2865463114-5010","ObjectType":"Computer"},{"ObjectIdentifier":"S-1-5-21-3842939050-3880317879-2865463114-5011","ObjectType":"Computer"},{"ObjectIdentifier":"S-1-5-21-3842939050-3880317879-2865463114-5012","ObjectType":"Computer"},{"ObjectIdentifier":"S-1-5-21-3842939050-3880317879-2865463114-5013","ObjectType":"Computer"},{"ObjectIdentifier":"S-1-5-21-3842939050-3880317879-2865463114-5014","ObjectType":"Computer"},{"ObjectIdentifier":"S-1-5-21-3842939050-3880317879-2865463114-5015","ObjectType":"Computer"},{"ObjectIdentifier":"S-1-5-21-3842939050-3880317879-2865463114-5016","ObjectType":"Computer"},{"ObjectIdentifier":"S-1-5-21-3842939050-3880317879-2865463114-5017","ObjectType":"Computer"},{"ObjectIdentifier":"S-1-5-21-3842939050-3880317879-2865463114-5018","ObjectType":"Computer"},{"ObjectIdentifier":"S-1-5-21-3842939050-3880317879-2865463114-5019","ObjectType":"Computer"},{"ObjectIdentifier":"S-1-5-21-3842939050-3880317879-2865463114-5020","ObjectType":"Computer"},{"ObjectIdentifier":"S-1-5-21-3842939050-3880317879-2865463114-5021","ObjectType":"Computer"},{"ObjectIdentifier":"S-1-5-21-3842939050-3880317879-2865463114-5022","ObjectType":"Computer"},{"ObjectIdentifier":"S-1-5-21-3842939050-3880317879-2865463114-5023","ObjectType":"Computer"},{"ObjectIdentifier":"S-1-5-21-3842939050-3880317879-2865463114-5024","ObjectType":"Computer"},{"ObjectIdentifier":"S-1-5-21-3842939050-3880317879-2865463114-5025","ObjectType":"Computer"},{"ObjectIdentifier":"S-1-5-21-3842939050-3880317879-2865463114-5026","ObjectType":"Computer"},{"ObjectIdentifier":"S-1-5-21-3842939050-3880317879-2865463114-5027","ObjectType":"Computer"},{"ObjectIdentifier":"S-1-5-21-3842939050-3880317879-2865463114-5028","ObjectType":"Computer"},{"ObjectIdentifier":"S-1-5-21-3842939050-3880317879-2865463114-5029","ObjectType":"Computer"},{"ObjectIdentifier":"S-1-5-21-3842939050-3880317879-2865463114-5030","ObjectType":"Computer"},{"ObjectIdentifier":"S-1-5-21-3842939050-3880317879-2865463114-5031","ObjectType":"Computer"},{"ObjectIdentifier":"S-1-5-21-3842939050-3880317879-2865463114-5032","ObjectType":"Computer"},{"ObjectIdentifier":"S-1-5-21-3842939050-3880317879-2865463114-5033","ObjectType":"Computer"},{"ObjectIdentifier":"S-1-5-21-3842939050-3880317879-2865463114-5034","ObjectType":"Computer"},{"ObjectIdentifier":"S-1-5-21-3842939050-3880317879-2865463114-5035","ObjectType":"Computer"},{"ObjectIdentifier":"S-1-5-21-3842939050-3880317879-2865463114-5036","ObjectType":"Computer"},{"ObjectIdentifier":"S-1-5-21-3842939050-3880317879-2865463114-5037","ObjectType":"Computer"},{"ObjectIdentifier":"S-1-5-21-3842939050-3880317879-2865463114-5038","ObjectType":"Computer"},{"ObjectIdentifier":"S-1-5-21-3842939050-3880317879-2865463114-5039","ObjectType":"Computer"},{"ObjectIdentifier":"S-1-5-21-3842939050-3880317879-2865463114-5040","ObjectType":"Computer"},{"ObjectIdentifier":"S-1-5-21-3842939050-3880317879-2865463114-5041","ObjectType":"Computer"},{"ObjectIdentifier":"S-1-5-21-3842939050-3880317879-2865463114-5042","ObjectType":"Computer"},{"ObjectIdentifier":"S-1-5-21-3842939050-3880317879-2865463114-5043","ObjectType":"Computer"},{"ObjectIdentifier":"S-1-5-21-3842939050-3880317879-2865463114-5044","ObjectType":"Computer"},{"ObjectIdentifier":"S-1-5-21-3842939050-3880317879-2865463114-5045","ObjectType":"Computer"},{"ObjectIdentifier":"S-1-5-21-3842939050-3880317879-2865463114-5046","ObjectType":"Computer"},{"ObjectIdentifier":"S-1-5-21-3842939050-3880317879-2865463114-5047","ObjectType":"Computer"},{"ObjectIdentifier":"S-1-5-21-3842939050-3880317879-2865463114-5048","ObjectType":"Computer"},{"ObjectIdentifier":"S-1-5-21-3842939050-3880317879-2865463114-5049","ObjectType":"Computer"},{"ObjectIdentifier":"S-1-5-21-3842939050-3880317879-2865463114-5050","ObjectType":"Computer"},{"ObjectIdentifier":"S-1-5-21-3842939050-3880317879-2865463114-5051","ObjectType":"Computer"},{"ObjectIdentifier":"S-1-5-21-3842939050-3880317879-2865463114-5052","ObjectType":"Computer"},{"ObjectIdentifier":"S-1-5-21-3842939050-3880317879-2865463114-5053","ObjectType":"Computer"},{"ObjectIdentifier":"S-1-5-21-3842939050-3880317879-2865463114-5054","ObjectType":"Computer"},{"ObjectIdentifier":"S-1-5-21-3842939050-3880317879-2865463114-5055","ObjectType":"Computer"},{"ObjectIdentifier":"S-1-5-21-3842939050-3880317879-2865463114-5056","ObjectType":"Computer"},{"ObjectIdentifier":"S-1-5-21-3842939050-3880317879-2865463114-5057","ObjectType":"Computer"},{"ObjectIdentifier":"S-1-5-21-3842939050-3880317879-2865463114-5058","ObjectType":"Computer"},{"ObjectIdentifier":"S-1-5-21-3842939050-3880317879-2865463114-5059","ObjectType":"Computer"},{"ObjectIdentifier":"S-1-5-21-3842939050-3880317879-2865463114-5060","ObjectType":"Computer"},{"ObjectIdentifier":"S-1-5-21-3842939050-3880317879-2865463114-5061","ObjectType":"Computer"},{"ObjectIdentifier":"S-1-5-21-3842939050-3880317879-2865463114-5062","ObjectType":"Computer"},{"ObjectIdentifier":"S-1-5-21-3842939050-3880317879-2865463114-5063","ObjectType":"Computer"},{"ObjectIdentifier":"S-1-5-21-3842939050-3880317879-2865463114-5064","ObjectType":"Computer"},{"ObjectIdentifier":"S-1-5-21-3842939050-3880317879-2865463114-5065","ObjectType":"Computer"},{"ObjectIdentifier":"S-1-5-21-3842939050-3880317879-2865463114-5066","ObjectType":"Computer"},{"ObjectIdentifier":"S-1-5-21-3842939050-3880317879-2865463114-5067","ObjectType":"Computer"},{"ObjectIdentifier":"S-1-5-21-3842939050-3880317879-2865463114-5068","ObjectType":"Computer"},{"ObjectIdentifier":"S-1-5-21-3842939050-3880317879-2865463114-5069","ObjectType":"Computer"},{"ObjectIdentifier":"S-1-5-21-3842939050-3880317879-2865463114-5070","ObjectType":"Computer"},{"ObjectIdentifier":"S-1-5-21-3842939050-3880317879-2865463114-5071","ObjectType":"Computer"},{"ObjectIdentifier":"S-1-5-21-3842939050-3880317879-2865463114-5072","ObjectType":"Computer"},{"ObjectIdentifier":"S-1-5-21-3842939050-3880317879-2865463114-5073","ObjectType":"Computer"},{"ObjectIdentifier":"S-1-5-21-3842939050-3880317879-2865463114-5074","ObjectType":"Computer"},{"ObjectIdentifier":"S-1-5-21-3842939050-3880317879-2865463114-5075","ObjectType":"Computer"},{"ObjectIdentifier":"S-1-5-21-3842939050-3880317879-2865463114-5076","ObjectType":"Computer"},{"ObjectIdentifier":"S-1-5-21-3842939050-3880317879-2865463114-5077","ObjectType":"Computer"},{"ObjectIdentifier":"S-1-5-21-3842939050-3880317879-2865463114-5078","ObjectType":"Computer"},{"ObjectIdentifier":"S-1-5-21-3842939050-3880317879-2865463114-5079","ObjectType":"Computer"},{"ObjectIdentifier":"S-1-5-21-3842939050-3880317879-2865463114-5080","ObjectType":"Computer"},{"ObjectIdentifier":"S-1-5-21-3842939050-3880317879-2865463114-5081","ObjectType":"Computer"},{"ObjectIdentifier":"S-1-5-21-3842939050-3880317879-2865463114-5082","ObjectType":"Computer"},{"ObjectIdentifier":"S-1-5-21-3842939050-3880317879-2865463114-5083","ObjectType":"Computer"},{"ObjectIdentifier":"S-1-5-21-3842939050-3880317879-2865463114-5084","ObjectType":"Computer"},{"ObjectIdentifier":"S-1-5-21-3842939050-3880317879-2865463114-5085","ObjectType":"Computer"},{"ObjectIdentifier":"S-1-5-21-3842939050-3880317879-2865463114-5086","ObjectType":"Computer"},{"ObjectIdentifier":"S-1-5-21-3842939050-3880317879-2865463114-5087","ObjectType":"Computer"},{"ObjectIdentifier":"S-1-5-21-3842939050-3880317879-2865463114-5088","ObjectType":"Computer"},{"ObjectIdentifier":"S-1-5-21-3842939050-3880317879-2865463114-5089","ObjectType":"Computer"},{"ObjectIdentifier":"S-1-5-21-3842939050-3880317879-2865463114-5090","ObjectType":"Computer"},{"ObjectIdentifier":"S-1-5-21-3842939050-3880317879-2865463114-5091","ObjectType":"Computer"},{"ObjectIdentifier":"S-1-5-21-3842939050-3880317879-2865463114-5092","ObjectType":"Computer"},{"ObjectIdentifier":"S-1-5-21-3842939050-3880317879-2865463114-5093","ObjectType":"Computer"},{"ObjectIdentifier":"S-1-5-21-3842939050-3880317879-2865463114-5094","ObjectType":"Computer"},{"ObjectIdentifier":"S-1-5-21-3842939050-3880317879-2865463114-5095","ObjectType":"Computer"},{"ObjectIdentifier":"S-1-5-21-3842939050-3880317879-2865463114-5096","ObjectType":"Computer"},{"ObjectIdentifier":"S-1-5-21-3842939050-3880317879-2865463114-5097","ObjectType":"Computer"},{"ObjectIdentifier":"S-1-5-21-3842939050-3880317879-2865463114-5098","ObjectType":"Computer"},{"ObjectIdentifier":"S-1-5-21-3842939050-3880317879-2865463114-5099","ObjectType":"Computer"},{"ObjectIdentifier":"S-1-5-21-3842939050-3880317879-2865463114-5100","ObjectType":"Computer"},{"ObjectIdentifier":"S-1-5-21-3842939050-3880317879-2865463114-5101","ObjectType":"Computer"},{"ObjectIdentifier":"S-1-5-21-3842939050-3880317879-2865463114-5102","ObjectType":"Computer"},{"ObjectIdentifier":"S-1-5-21-3842939050-3880317879-2865463114-5103","ObjectType":"Computer"},{"ObjectIdentifier":"S-1-5-21-3842939050-3880317879-2865463114-5104","ObjectType":"Computer"},{"ObjectIdentifier":"S-1-5-21-3842939050-3880317879-2865463114-5105","ObjectType":"Computer"},{"ObjectIdentifier":"S-1-5-21-3842939050-3880317879-2865463114-5106","ObjectType":"Computer"},{"ObjectIdentifier":"S-1-5-21-3842939050-3880317879-2865463114-5107","ObjectType":"Computer"},{"ObjectIdentifier":"S-1-5-21-3842939050-3880317879-2865463114-5108","ObjectType":"Computer"},{"ObjectIdentifier":"S-1-5-21-3842939050-3880317879-2865463114-5109","ObjectType":"Computer"},{"ObjectIdentifier":"S-1-5-21-3842939050-3880317879-2865463114-5110","ObjectType":"Computer"},{"ObjectIdentifier":"S-1-5-21-3842939050-3880317879-2865463114-5111","ObjectType":"Computer"},{"ObjectIdentifier":"S-1-5-21-3842939050-3880317879-2865463114-5112","ObjectType":"Computer"},{"ObjectIdentifier":"S-1-5-21-3842939050-3880317879-2865463114-5113","ObjectType":"Computer"},{"ObjectIdentifier":"S-1-5-21-3842939050-3880317879-2865463114-5114","ObjectType":"Computer"},{"ObjectIdentifier":"S-1-5-21-3842939050-3880317879-2865463114-5115","ObjectType":"Computer"},{"ObjectIdentifier":"S-1-5-21-3842939050-3880317879-2865463114-5116","ObjectType":"Computer"},{"ObjectIdentifier":"S-1-5-21-3842939050-3880317879-2865463114-5117","ObjectType":"Computer"},{"ObjectIdentifier":"S-1-5-21-3842939050-3880317879-2865463114-5118","ObjectType":"Computer"},{"ObjectIdentifier":"S-1-5-21-3842939050-3880317879-2865463114-5119","ObjectType":"Computer"},{"ObjectIdentifier":"S-1-5-21-3842939050-3880317879-2865463114-5120","ObjectType":"Computer"},{"ObjectIdentifier":"S-1-5-21-3842939050-3880317879-2865463114-5121","ObjectType":"Computer"},{"ObjectIdentifier":"S-1-5-21-3842939050-3880317879-2865463114-5122","ObjectType":"Computer"},{"ObjectIdentifier":"S-1-5-21-3842939050-3880317879-2865463114-5123","ObjectType":"Computer"},{"ObjectIdentifier":"S-1-5-21-3842939050-3880317879-2865463114-5124","ObjectType":"Computer"},{"ObjectIdentifier":"S-1-5-21-3842939050-3880317879-2865463114-5125","ObjectType":"Computer"},{"ObjectIdentifier":"S-1-5-21-3842939050-3880317879-2865463114-5126","ObjectType":"Computer"},{"ObjectIdentifier":"S-1-5-21-3842939050-3880317879-2865463114-5127","ObjectType":"Computer"},{"ObjectIdentifier":"S-1-5-21-3842939050-3880317879-2865463114-5128","ObjectType":"Computer"},{"ObjectIdentifier":"S-1-5-21-3842939050-3880317879-2865463114-5129","ObjectType":"Computer"},{"ObjectIdentifier":"S-1-5-21-3842939050-3880317879-2865463114-5130","ObjectType":"Computer"},{"ObjectIdentifier":"S-1-5-21-3842939050-3880317879-2865463114-5131","ObjectType":"Computer"},{"ObjectIdentifier":"S-1-5-21-3842939050-3880317879-2865463114-5132","ObjectType":"Computer"},{"ObjectIdentifier":"S-1-5-21-3842939050-3880317879-2865463114-5133","ObjectType":"Computer"},{"ObjectIdentifier":"S-1-5-21-3842939050-3880317879-2865463114-5134","ObjectType":"Computer"},{"ObjectIdentifier":"S-1-5-21-3842939050-3880317879-2865463114-5135","ObjectType":"Computer"},{"ObjectIdentifier":"S-1-5-21-3842939050-3880317879-2865463114-5136","ObjectType":"Computer"},{"ObjectIdentifier":"S-1-5-21-3842939050-3880317879-2865463114-5137","ObjectType":"Computer"},{"ObjectIdentifier":"S-1-5-21-3842939050-3880317879-2865463114-5138","ObjectType":"Computer"},{"ObjectIdentifier":"S-1-5-21-3842939050-3880317879-2865463114-5139","ObjectType":"Computer"},{"ObjectIdentifier":"S-1-5-21-3842939050-3880317879-2865463114-5140","ObjectType":"Computer"},{"ObjectIdentifier":"S-1-5-21-3842939050-3880317879-2865463114-5141","ObjectType":"Computer"},{"ObjectIdentifier":"S-1-5-21-3842939050-3880317879-2865463114-5142","ObjectType":"Computer"},{"ObjectIdentifier":"S-1-5-21-3842939050-3880317879-2865463114-5143","ObjectType":"Computer"},{"ObjectIdentifier":"S-1-5-21-3842939050-3880317879-2865463114-5144","ObjectType":"Computer"},{"ObjectIdentifier":"S-1-5-21-3842939050-3880317879-2865463114-5145","ObjectType":"Computer"},{"ObjectIdentifier":"S-1-5-21-3842939050-3880317879-2865463114-5146","ObjectType":"Computer"},{"ObjectIdentifier":"S-1-5-21-3842939050-3880317879-2865463114-5147","ObjectType":"Computer"},{"ObjectIdentifier":"S-1-5-21-3842939050-3880317879-2865463114-5148","ObjectType":"Computer"},{"ObjectIdentifier":"S-1-5-21-3842939050-3880317879-2865463114-5149","ObjectType":"Computer"},{"ObjectIdentifier":"S-1-5-21-3842939050-3880317879-2865463114-5150","ObjectType":"Computer"},{"ObjectIdentifier":"S-1-5-21-3842939050-3880317879-2865463114-5151","ObjectType":"Computer"},{"ObjectIdentifier":"S-1-5-21-3842939050-3880317879-2865463114-5152","ObjectType":"Computer"},{"ObjectIdentifier":"S-1-5-21-3842939050-3880317879-2865463114-5153","ObjectType":"Computer"},{"ObjectIdentifier":"S-1-5-21-3842939050-3880317879-2865463114-5154","ObjectType":"Computer"},{"ObjectIdentifier":"S-1-5-21-3842939050-3880317879-2865463114-5155","ObjectType":"Computer"},{"ObjectIdentifier":"S-1-5-21-3842939050-3880317879-2865463114-5156","ObjectType":"Computer"},{"ObjectIdentifier":"S-1-5-21-3842939050-3880317879-2865463114-5157","ObjectType":"Computer"},{"ObjectIdentifier":"S-1-5-21-3842939050-3880317879-2865463114-5158","ObjectType":"Computer"},{"ObjectIdentifier":"S-1-5-21-3842939050-3880317879-2865463114-5159","ObjectType":"Computer"},{"ObjectIdentifier":"S-1-5-21-3842939050-3880317879-2865463114-5160","ObjectType":"Computer"},{"ObjectIdentifier":"S-1-5-21-3842939050-3880317879-2865463114-5161","ObjectType":"Computer"},{"ObjectIdentifier":"S-1-5-21-3842939050-3880317879-2865463114-5162","ObjectType":"Computer"},{"ObjectIdentifier":"S-1-5-21-3842939050-3880317879-2865463114-5163","ObjectType":"Computer"},{"ObjectIdentifier":"S-1-5-21-3842939050-3880317879-2865463114-5164","ObjectType":"Computer"},{"ObjectIdentifier":"S-1-5-21-3842939050-3880317879-2865463114-5165","ObjectType":"Computer"},{"ObjectIdentifier":"S-1-5-21-3842939050-3880317879-2865463114-5166","ObjectType":"Computer"},{"ObjectIdentifier":"S-1-5-21-3842939050-3880317879-2865463114-5167","ObjectType":"Computer"},{"ObjectIdentifier":"S-1-5-21-3842939050-3880317879-2865463114-5168","ObjectType":"Computer"},{"ObjectIdentifier":"S-1-5-21-3842939050-3880317879-2865463114-5169","ObjectType":"Computer"},{"ObjectIdentifier":"S-1-5-21-3842939050-3880317879-2865463114-5170","ObjectType":"Computer"},{"ObjectIdentifier":"S-1-5-21-3842939050-3880317879-2865463114-5171","ObjectType":"Computer"},{"ObjectIdentifier":"S-1-5-21-3842939050-3880317879-2865463114-5224","ObjectType":"Computer"},{"ObjectIdentifier":"S-1-5-21-3842939050-3880317879-2865463114-5225","ObjectType":"Computer"},{"ObjectIdentifier":"S-1-5-21-3842939050-3880317879-2865463114-5229","ObjectType":"Computer"},{"ObjectIdentifier":"S-1-5-21-3842939050-3880317879-2865463114-5230","ObjectType":"Computer"},{"ObjectIdentifier":"S-1-5-21-3842939050-3880317879-2865463114-5231","ObjectType":"Computer"},{"ObjectIdentifier":"S-1-5-21-3842939050-3880317879-2865463114-5232","ObjectType":"Computer"},{"ObjectIdentifier":"S-1-5-21-3842939050-3880317879-2865463114-5233","ObjectType":"Computer"},{"ObjectIdentifier":"S-1-5-21-3842939050-3880317879-2865463114-5234","ObjectType":"Computer"},{"ObjectIdentifier":"S-1-5-21-3842939050-3880317879-2865463114-5235","ObjectType":"Computer"},{"ObjectIdentifier":"S-1-5-21-3842939050-3880317879-2865463114-5236","ObjectType":"Computer"},{"ObjectIdentifier":"S-1-5-21-3842939050-3880317879-2865463114-5237","ObjectType":"Computer"},{"ObjectIdentifier":"S-1-5-21-3842939050-3880317879-2865463114-5238","ObjectType":"Computer"},{"ObjectIdentifier":"S-1-5-21-3842939050-3880317879-2865463114-5240","ObjectType":"Computer"},{"ObjectIdentifier":"S-1-5-21-3842939050-3880317879-2865463114-5618","ObjectType":"Computer"},{"ObjectIdentifier":"S-1-5-21-3842939050-3880317879-2865463114-5630","ObjectType":"Computer"},{"ObjectIdentifier":"S-1-5-21-3842939050-3880317879-2865463114-5631","ObjectType":"Computer"},{"ObjectIdentifier":"S-1-5-21-3842939050-3880317879-2865463114-5632","ObjectType":"Computer"},{"ObjectIdentifier":"S-1-5-21-3842939050-3880317879-2865463114-6604","ObjectType":"Computer"},{"ObjectIdentifier":"S-1-5-21-3842939050-3880317879-2865463114-6605","ObjectType":"Computer"},{"ObjectIdentifier":"S-1-5-21-3842939050-3880317879-2865463114-6606","ObjectType":"Computer"},{"ObjectIdentifier":"S-1-5-21-3842939050-3880317879-2865463114-6607","ObjectType":"Computer"}]},"Properties":{"domain":"INLANEFREIGHT.LOCAL","name":"INLANEFREIGHT.LOCAL","distinguishedname":"DC=INLANEFREIGHT,DC=LOCAL","domainsid":"S-1-5-21-3842939050-3880317879-2865463114","highvalue":true,"description":null,"whencreated":1635322397,"functionallevel":"2016"}}],"meta":{"methods":29695,"type":"domains","count":1,"version":4}}