{"data": [{"Properties": {"name": "CERTIFIED-DC01-CA@CERTIFIED.HTB", "highvalue": false, "CA Name": "certified-DC01-CA", "DNS Name": "DC01.certified.htb", "Certificate Subject": "CN=certified-DC01-CA, DC=certified, DC=htb", "Certificate Serial Number": "36472F2C180FBB9B4983AD4D60CD5A9D", "Certificate Validity Start": "2024-05-13 15:33:41+00:00", "Certificate Validity End": "2124-05-13 15:43:41+00:00", "Web Enrollment": "Disabled", "User Specified SAN": "Disabled", "Request Disposition": "Issue", "Enforce Encryption for Requests": "Enabled", "domain": "CERTIFIED.HTB"}, "ObjectIdentifier": "462c3986-0732-4554-819c-c3d21506cb0c", "Aces": [{"PrincipalSID": "CERTIFIED.HTB-S-1-5-32-544", "PrincipalType": "Group", "RightName": "Owns", "IsInherited": false}, {"PrincipalSID": "CERTIFIED.HTB-S-1-5-32-544", "PrincipalType": "Group", "RightName": "ManageCertificates", "IsInherited": false}, {"PrincipalSID": "CERTIFIED.HTB-S-1-5-32-544", "PrincipalType": "Group", "RightName": "ManageCa", "IsInherited": false}, {"PrincipalSID": "S-1-5-21-729746778-2675978091-3820388244-512", "PrincipalType": "Group", "RightName": "ManageCertificates", "IsInherited": false}, {"PrincipalSID": "S-1-5-21-729746778-2675978091-3820388244-512", "PrincipalType": "Group", "RightName": "ManageCa", "IsInherited": false}, {"PrincipalSID": "S-1-5-21-729746778-2675978091-3820388244-519", "PrincipalType": "Group", "RightName": "ManageCertificates", "IsInherited": false}, {"PrincipalSID": "S-1-5-21-729746778-2675978091-3820388244-519", "PrincipalType": "Group", "RightName": "ManageCa", "IsInherited": false}, {"PrincipalSID": "CERTIFIED.HTB-S-1-5-11", "PrincipalType": "Group", "RightName": "Enroll", "IsInherited": false}]}], "meta": {"count": 1, "type": "cas", "version": 4}}