{"data":[{"ObjectIdentifier": "S-1-5-21-1677581083-3380853377-188903654-2601", "AllowedToAct": [], "PrimaryGroupSID": "S-1-5-21-1677581083-3380853377-188903654-515", "LocalAdmins": {"Collected": false, "FailureReason": null, "Results": []}, "PSRemoteUsers": {"Collected": false, "FailureReason": null, "Results": []}, "Properties": {"name": "MANAGEMENT.SUPPORT.HTB", "domainsid": "S-1-5-21-1677581083-3380853377-188903654", "domain": "SUPPORT.HTB", "distinguishedname": "CN=MANAGEMENT,CN=COMPUTERS,DC=SUPPORT,DC=HTB", "unconstraineddelegation": false, "enabled": true, "trustedtoauth": false, "samaccountname": "MANAGEMENT$", "haslaps": false, "lastlogon": 1658851316, "lastlogontimestamp": 1658409560, "pwdlastset": 1658409560, "whencreated": 1658409560, "serviceprincipalnames": ["WSMAN/Management", "WSMAN/Management.support.htb", "RestrictedKrbHost/MANAGEMENT", "HOST/MANAGEMENT", "RestrictedKrbHost/Management.support.htb", "HOST/Management.support.htb"], "description": null, "operatingsystem": "Windows 10 Pro", "sidhistory": []}, "RemoteDesktopUsers": {"Collected": false, "FailureReason": null, "Results": []}, "DcomUsers": {"Collected": false, "FailureReason": null, "Results": []}, "AllowedToDelegate": [], "Sessions": {"Collected": false, "FailureReason": null, "Results": []}, "PrivilegedSessions": {"Collected": false, "FailureReason": null, "Results": []}, "RegistrySessions": {"Collected": false, "FailureReason": null, "Results": []}, "Aces": [{"RightName": "Owns", "IsInherited": false, "PrincipalSID": "S-1-5-21-1677581083-3380853377-188903654-512", "PrincipalType": "Group"}, {"RightName": "GenericAll", "IsInherited": false, "PrincipalSID": "S-1-5-21-1677581083-3380853377-188903654-512", "PrincipalType": "Group"}, {"RightName": "GenericAll", "IsInherited": false, "PrincipalSID": "SUPPORT.HTB-S-1-5-32-548", "PrincipalType": "Group"}, {"RightName": "AddKeyCredentialLink", "IsInherited": true, "PrincipalSID": "S-1-5-21-1677581083-3380853377-188903654-526", "PrincipalType": "Group"}, {"RightName": "AddKeyCredentialLink", "IsInherited": true, "PrincipalSID": "S-1-5-21-1677581083-3380853377-188903654-527", "PrincipalType": "Group"}, {"RightName": "GenericAll", "IsInherited": true, "PrincipalSID": "S-1-5-21-1677581083-3380853377-188903654-519", "PrincipalType": "Group"}, {"RightName": "GenericWrite", "IsInherited": true, "PrincipalSID": "SUPPORT.HTB-S-1-5-32-544", "PrincipalType": "Group"}, {"RightName": "WriteOwner", "IsInherited": true, "PrincipalSID": "SUPPORT.HTB-S-1-5-32-544", "PrincipalType": "Group"}, {"RightName": "WriteDacl", "IsInherited": true, "PrincipalSID": "SUPPORT.HTB-S-1-5-32-544", "PrincipalType": "Group"}], "HasSIDHistory": [], "IsDeleted": false, "Status": null, "IsACLProtected": false},{"ObjectIdentifier": "S-1-5-21-1677581083-3380853377-188903654-5601", "AllowedToAct": [], "PrimaryGroupSID": "S-1-5-21-1677581083-3380853377-188903654-515", "LocalAdmins": {"Collected": false, "FailureReason": null, "Results": []}, "PSRemoteUsers": {"Collected": false, "FailureReason": null, "Results": []}, "Properties": {"name": "ATTACKERSYSTEM.SUPPORT.HTB", "domainsid": "S-1-5-21-1677581083-3380853377-188903654", "domain": "SUPPORT.HTB", "distinguishedname": "CN=ATTACKERSYSTEM,CN=COMPUTERS,DC=SUPPORT,DC=HTB", "unconstraineddelegation": false, "enabled": true, "trustedtoauth": false, "samaccountname": "attackersystem$", "haslaps": false, "lastlogon": 0, "lastlogontimestamp": -1, "pwdlastset": 1743660413, "whencreated": 1743660413, "serviceprincipalnames": ["RestrictedKrbHost/attackersystem", "HOST/attackersystem", "RestrictedKrbHost/attackersystem.support.htb", "HOST/attackersystem.support.htb"], "description": null, "operatingsystem": null, "sidhistory": []}, "RemoteDesktopUsers": {"Collected": false, "FailureReason": null, "Results": []}, "DcomUsers": {"Collected": false, "FailureReason": null, "Results": []}, "AllowedToDelegate": [], "Sessions": {"Collected": false, "FailureReason": null, "Results": []}, "PrivilegedSessions": {"Collected": false, "FailureReason": null, "Results": []}, "RegistrySessions": {"Collected": false, "FailureReason": null, "Results": []}, "Aces": [{"RightName": "Owns", "IsInherited": false, "PrincipalSID": "S-1-5-21-1677581083-3380853377-188903654-512", "PrincipalType": "Group"}, {"RightName": "WriteAccountRestrictions", "IsInherited": false, "PrincipalSID": "S-1-5-21-1677581083-3380853377-188903654-1105", "PrincipalType": "User"}, {"RightName": "AllExtendedRights", "IsInherited": false, "PrincipalSID": "S-1-5-21-1677581083-3380853377-188903654-1105", "PrincipalType": "User"}, {"RightName": "GenericAll", "IsInherited": false, "PrincipalSID": "S-1-5-21-1677581083-3380853377-188903654-512", "PrincipalType": "Group"}, {"RightName": "GenericAll", "IsInherited": false, "PrincipalSID": "SUPPORT.HTB-S-1-5-32-548", "PrincipalType": "Group"}, {"RightName": "AddKeyCredentialLink", "IsInherited": true, "PrincipalSID": "S-1-5-21-1677581083-3380853377-188903654-526", "PrincipalType": "Group"}, {"RightName": "AddKeyCredentialLink", "IsInherited": true, "PrincipalSID": "S-1-5-21-1677581083-3380853377-188903654-527", "PrincipalType": "Group"}, {"RightName": "GenericAll", "IsInherited": true, "PrincipalSID": "S-1-5-21-1677581083-3380853377-188903654-519", "PrincipalType": "Group"}, {"RightName": "GenericWrite", "IsInherited": true, "PrincipalSID": "SUPPORT.HTB-S-1-5-32-544", "PrincipalType": "Group"}, {"RightName": "WriteOwner", "IsInherited": true, "PrincipalSID": "SUPPORT.HTB-S-1-5-32-544", "PrincipalType": "Group"}, {"RightName": "WriteDacl", "IsInherited": true, "PrincipalSID": "SUPPORT.HTB-S-1-5-32-544", "PrincipalType": "Group"}], "HasSIDHistory": [], "IsDeleted": false, "Status": null, "IsACLProtected": false},{"ObjectIdentifier": "S-1-5-21-1677581083-3380853377-188903654-1000", "AllowedToAct": [{"ObjectIdentifier": "S-1-5-21-1677581083-3380853377-188903654-5601", "ObjectType": "Computer"}], "PrimaryGroupSID": "S-1-5-21-1677581083-3380853377-188903654-516", "LocalAdmins": {"Collected": true, "FailureReason": null, "Results": []}, "PSRemoteUsers": {"Collected": true, "FailureReason": null, "Results": [{"ObjectIdentifier": "S-1-5-21-1677581083-3380853377-188903654-1105", "ObjectType": "User"}]}, "Properties": {"name": "DC.SUPPORT.HTB", "domainsid": "S-1-5-21-1677581083-3380853377-188903654", "domain": "SUPPORT.HTB", "distinguishedname": "CN=DC,OU=DOMAIN CONTROLLERS,DC=SUPPORT,DC=HTB", "unconstraineddelegation": true, "enabled": true, "trustedtoauth": false, "samaccountname": "DC$", "haslaps": false, "lastlogon": 1743651754, "lastlogontimestamp": 1743622982, "pwdlastset": 1743622952, "whencreated": 1653735823, "serviceprincipalnames": ["Dfsr-12F9A27C-BF97-4787-9364-D31B6C55EB04/dc.support.htb", "ldap/dc.support.htb/ForestDnsZones.support.htb", "ldap/dc.support.htb/DomainDnsZones.support.htb", "DNS/dc.support.htb", "GC/dc.support.htb/support.htb", "RestrictedKrbHost/dc.support.htb", "RestrictedKrbHost/DC", "RPC/290156e5-22cb-4f1b-9b96-5516d84c363c._msdcs.support.htb", "HOST/DC/SUPPORT", "HOST/dc.support.htb/SUPPORT", "HOST/DC", "HOST/dc.support.htb", "HOST/dc.support.htb/support.htb", "E3514235-4B06-11D1-AB04-00C04FC2DCD2/290156e5-22cb-4f1b-9b96-5516d84c363c/support.htb", "ldap/DC/SUPPORT", "ldap/290156e5-22cb-4f1b-9b96-5516d84c363c._msdcs.support.htb", "ldap/dc.support.htb/SUPPORT", "ldap/DC", "ldap/dc.support.htb", "ldap/dc.support.htb/support.htb"], "description": null, "operatingsystem": "Windows Server 2022 Standard", "sidhistory": []}, "RemoteDesktopUsers": {"Collected": true, "FailureReason": null, "Results": []}, "DcomUsers": {"Collected": true, "FailureReason": null, "Results": []}, "AllowedToDelegate": [], "Sessions": {"Collected": true, "FailureReason": null, "Results": []}, "PrivilegedSessions": {"Collected": false, "FailureReason": null, "Results": []}, "RegistrySessions": {"Collected": false, "FailureReason": null, "Results": []}, "Aces": [{"RightName": "Owns", "IsInherited": false, "PrincipalSID": "S-1-5-21-1677581083-3380853377-188903654-512", "PrincipalType": "Group"}, {"RightName": "GenericAll", "IsInherited": false, "PrincipalSID": "S-1-5-21-1677581083-3380853377-188903654-512", "PrincipalType": "Group"}, {"RightName": "GenericAll", "IsInherited": false, "PrincipalSID": "S-1-5-21-1677581083-3380853377-188903654-1103", "PrincipalType": "Group"}, {"RightName": "AddKeyCredentialLink", "IsInherited": true, "PrincipalSID": "S-1-5-21-1677581083-3380853377-188903654-526", "PrincipalType": "Group"}, {"RightName": "AddKeyCredentialLink", "IsInherited": true, "PrincipalSID": "S-1-5-21-1677581083-3380853377-188903654-527", "PrincipalType": "Group"}, {"RightName": "GenericAll", "IsInherited": true, "PrincipalSID": "S-1-5-21-1677581083-3380853377-188903654-519", "PrincipalType": "Group"}, {"RightName": "GenericWrite", "IsInherited": true, "PrincipalSID": "SUPPORT.HTB-S-1-5-32-544", "PrincipalType": "Group"}, {"RightName": "WriteOwner", "IsInherited": true, "PrincipalSID": "SUPPORT.HTB-S-1-5-32-544", "PrincipalType": "Group"}, {"RightName": "WriteDacl", "IsInherited": true, "PrincipalSID": "SUPPORT.HTB-S-1-5-32-544", "PrincipalType": "Group"}], "HasSIDHistory": [], "IsDeleted": false, "Status": null, "IsACLProtected": false}],"meta":{"methods":0,"type":"computers","count":3, "version":5}}