{"data":[{"GPOChanges":{"LocalAdmins":[],"RemoteDesktopUsers":[],"DcomUsers":[],"PSRemoteUsers":[],"AffectedComputers":[]},"Properties":{"domain":"INLANEFREIGHT.LOCAL","name":"CORP@INLANEFREIGHT.LOCAL","distinguishedname":"OU=CORP,DC=INLANEFREIGHT,DC=LOCAL","domainsid":"S-1-5-21-3327542485-274640656-2609762496","doesanyacegrantownerrights":false,"doesanyinheritedacegrantownerrights":false,"isaclprotected":false,"description":"Corp Organization","whencreated":1648824985,"blocksinheritance":false},"Links":[],"ChildObjects":[],"InheritanceHashes":[],"Aces":[{"PrincipalSID":"S-1-5-21-3327542485-274640656-2609762496-512","PrincipalType":"Group","RightName":"Owns","IsInherited":false,"InheritanceHash":""},{"PrincipalSID":"S-1-5-21-3327542485-274640656-2609762496-512","PrincipalType":"Group","RightName":"GenericAll","IsInherited":false,"InheritanceHash":""},{"PrincipalSID":"S-1-5-21-3327542485-274640656-2609762496-519","PrincipalType":"Group","RightName":"GenericAll","IsInherited":true,"InheritanceHash":"6ABFF7FEE713005A71C12F6283FC663DD79EBD0A"},{"PrincipalSID":"INLANEFREIGHT.LOCAL-S-1-5-32-544","PrincipalType":"Group","RightName":"WriteDacl","IsInherited":true,"InheritanceHash":"62C26D4FB3FF64505B03CDD35D648DFBC6C157CC"},{"PrincipalSID":"INLANEFREIGHT.LOCAL-S-1-5-32-544","PrincipalType":"Group","RightName":"WriteOwner","IsInherited":true,"InheritanceHash":"62C26D4FB3FF64505B03CDD35D648DFBC6C157CC"},{"PrincipalSID":"INLANEFREIGHT.LOCAL-S-1-5-32-544","PrincipalType":"Group","RightName":"GenericWrite","IsInherited":true,"InheritanceHash":"62C26D4FB3FF64505B03CDD35D648DFBC6C157CC"}],"ObjectIdentifier":"EB17681B-5484-4E46-8EC4-F5E67E6FC6DB","IsDeleted":false,"IsACLProtected":false,"ContainedBy":{"ObjectIdentifier":"S-1-5-21-3327542485-274640656-2609762496","ObjectType":"Domain"}},{"GPOChanges":{"LocalAdmins":[],"RemoteDesktopUsers":[],"DcomUsers":[],"PSRemoteUsers":[],"AffectedComputers":[]},"Properties":{"domain":"INLANEFREIGHT.LOCAL","name":"IT@INLANEFREIGHT.LOCAL","distinguishedname":"OU=IT,OU=CORP,DC=INLANEFREIGHT,DC=LOCAL","domainsid":"S-1-5-21-3327542485-274640656-2609762496","doesanyacegrantownerrights":false,"doesanyinheritedacegrantownerrights":false,"isaclprotected":false,"description":"Information Technology personnel ","whencreated":1648824986,"blocksinheritance":false},"Links":[],"ChildObjects":[],"InheritanceHashes":[],"Aces":[{"PrincipalSID":"S-1-5-21-3327542485-274640656-2609762496-512","PrincipalType":"Group","RightName":"Owns","IsInherited":false,"InheritanceHash":""},{"PrincipalSID":"S-1-5-21-3327542485-274640656-2609762496-512","PrincipalType":"Group","RightName":"GenericAll","IsInherited":false,"InheritanceHash":""},{"PrincipalSID":"S-1-5-21-3327542485-274640656-2609762496-519","PrincipalType":"Group","RightName":"GenericAll","IsInherited":true,"InheritanceHash":"6ABFF7FEE713005A71C12F6283FC663DD79EBD0A"},{"PrincipalSID":"INLANEFREIGHT.LOCAL-S-1-5-32-544","PrincipalType":"Group","RightName":"WriteDacl","IsInherited":true,"InheritanceHash":"62C26D4FB3FF64505B03CDD35D648DFBC6C157CC"},{"PrincipalSID":"INLANEFREIGHT.LOCAL-S-1-5-32-544","PrincipalType":"Group","RightName":"WriteOwner","IsInherited":true,"InheritanceHash":"62C26D4FB3FF64505B03CDD35D648DFBC6C157CC"},{"PrincipalSID":"INLANEFREIGHT.LOCAL-S-1-5-32-544","PrincipalType":"Group","RightName":"GenericWrite","IsInherited":true,"InheritanceHash":"62C26D4FB3FF64505B03CDD35D648DFBC6C157CC"}],"ObjectIdentifier":"4CE58BCA-21B8-4784-A7A4-46C2C0DC9F9E","IsDeleted":false,"IsACLProtected":false,"ContainedBy":{"ObjectIdentifier":"EB17681B-5484-4E46-8EC4-F5E67E6FC6DB","ObjectType":"OU"}},{"GPOChanges":{"LocalAdmins":[],"RemoteDesktopUsers":[],"DcomUsers":[],"PSRemoteUsers":[],"AffectedComputers":[]},"Properties":{"domain":"INLANEFREIGHT.LOCAL","name":"SERVER ADMIN@INLANEFREIGHT.LOCAL","distinguishedname":"OU=SERVER ADMIN,OU=IT,OU=CORP,DC=INLANEFREIGHT,DC=LOCAL","domainsid":"S-1-5-21-3327542485-274640656-2609762496","doesanyacegrantownerrights":false,"doesanyinheritedacegrantownerrights":false,"isaclprotected":false,"description":"Server Administrators","whencreated":1648824986,"blocksinheritance":false},"Links":[],"ChildObjects":[],"InheritanceHashes":[],"Aces":[{"PrincipalSID":"S-1-5-21-3327542485-274640656-2609762496-512","PrincipalType":"Group","RightName":"Owns","IsInherited":false,"InheritanceHash":""},{"PrincipalSID":"S-1-5-21-3327542485-274640656-2609762496-512","PrincipalType":"Group","RightName":"GenericAll","IsInherited":false,"InheritanceHash":""},{"PrincipalSID":"S-1-5-21-3327542485-274640656-2609762496-519","PrincipalType":"Group","RightName":"GenericAll","IsInherited":true,"InheritanceHash":"6ABFF7FEE713005A71C12F6283FC663DD79EBD0A"},{"PrincipalSID":"INLANEFREIGHT.LOCAL-S-1-5-32-544","PrincipalType":"Group","RightName":"WriteDacl","IsInherited":true,"InheritanceHash":"62C26D4FB3FF64505B03CDD35D648DFBC6C157CC"},{"PrincipalSID":"INLANEFREIGHT.LOCAL-S-1-5-32-544","PrincipalType":"Group","RightName":"WriteOwner","IsInherited":true,"InheritanceHash":"62C26D4FB3FF64505B03CDD35D648DFBC6C157CC"},{"PrincipalSID":"INLANEFREIGHT.LOCAL-S-1-5-32-544","PrincipalType":"Group","RightName":"GenericWrite","IsInherited":true,"InheritanceHash":"62C26D4FB3FF64505B03CDD35D648DFBC6C157CC"}],"ObjectIdentifier":"E2CC509F-1FBA-4830-94F5-D40927E813E4","IsDeleted":false,"IsACLProtected":false,"ContainedBy":{"ObjectIdentifier":"4CE58BCA-21B8-4784-A7A4-46C2C0DC9F9E","ObjectType":"OU"}},{"GPOChanges":{"LocalAdmins":[],"RemoteDesktopUsers":[],"DcomUsers":[],"PSRemoteUsers":[],"AffectedComputers":[]},"Properties":{"domain":"INLANEFREIGHT.LOCAL","name":"HELPDESK@INLANEFREIGHT.LOCAL","distinguishedname":"OU=HELPDESK,OU=IT,OU=CORP,DC=INLANEFREIGHT,DC=LOCAL","domainsid":"S-1-5-21-3327542485-274640656-2609762496","doesanyacegrantownerrights":false,"doesanyinheritedacegrantownerrights":false,"isaclprotected":false,"description":"Help Desk personnel ","whencreated":1648824986,"blocksinheritance":false},"Links":[],"ChildObjects":[],"InheritanceHashes":[],"Aces":[{"PrincipalSID":"S-1-5-21-3327542485-274640656-2609762496-512","PrincipalType":"Group","RightName":"Owns","IsInherited":false,"InheritanceHash":""},{"PrincipalSID":"S-1-5-21-3327542485-274640656-2609762496-512","PrincipalType":"Group","RightName":"GenericAll","IsInherited":false,"InheritanceHash":""},{"PrincipalSID":"S-1-5-21-3327542485-274640656-2609762496-519","PrincipalType":"Group","RightName":"GenericAll","IsInherited":true,"InheritanceHash":"6ABFF7FEE713005A71C12F6283FC663DD79EBD0A"},{"PrincipalSID":"INLANEFREIGHT.LOCAL-S-1-5-32-544","PrincipalType":"Group","RightName":"WriteDacl","IsInherited":true,"InheritanceHash":"62C26D4FB3FF64505B03CDD35D648DFBC6C157CC"},{"PrincipalSID":"INLANEFREIGHT.LOCAL-S-1-5-32-544","PrincipalType":"Group","RightName":"WriteOwner","IsInherited":true,"InheritanceHash":"62C26D4FB3FF64505B03CDD35D648DFBC6C157CC"},{"PrincipalSID":"INLANEFREIGHT.LOCAL-S-1-5-32-544","PrincipalType":"Group","RightName":"GenericWrite","IsInherited":true,"InheritanceHash":"62C26D4FB3FF64505B03CDD35D648DFBC6C157CC"}],"ObjectIdentifier":"0F707A7B-B204-4599-A0F4-4E776DEC14C8","IsDeleted":false,"IsACLProtected":false,"ContainedBy":{"ObjectIdentifier":"4CE58BCA-21B8-4784-A7A4-46C2C0DC9F9E","ObjectType":"OU"}},{"GPOChanges":{"LocalAdmins":[],"RemoteDesktopUsers":[],"DcomUsers":[],"PSRemoteUsers":[],"AffectedComputers":[]},"Properties":{"domain":"INLANEFREIGHT.LOCAL","name":"DEVOPS@INLANEFREIGHT.LOCAL","distinguishedname":"OU=DEVOPS,OU=IT,OU=CORP,DC=INLANEFREIGHT,DC=LOCAL","domainsid":"S-1-5-21-3327542485-274640656-2609762496","doesanyacegrantownerrights":false,"doesanyinheritedacegrantownerrights":false,"isaclprotected":false,"description":"DevOps personnel","whencreated":1648824986,"blocksinheritance":false},"Links":[],"ChildObjects":[],"InheritanceHashes":[],"Aces":[{"PrincipalSID":"S-1-5-21-3327542485-274640656-2609762496-512","PrincipalType":"Group","RightName":"Owns","IsInherited":false,"InheritanceHash":""},{"PrincipalSID":"S-1-5-21-3327542485-274640656-2609762496-512","PrincipalType":"Group","RightName":"GenericAll","IsInherited":false,"InheritanceHash":""},{"PrincipalSID":"S-1-5-21-3327542485-274640656-2609762496-519","PrincipalType":"Group","RightName":"GenericAll","IsInherited":true,"InheritanceHash":"6ABFF7FEE713005A71C12F6283FC663DD79EBD0A"},{"PrincipalSID":"INLANEFREIGHT.LOCAL-S-1-5-32-544","PrincipalType":"Group","RightName":"WriteDacl","IsInherited":true,"InheritanceHash":"62C26D4FB3FF64505B03CDD35D648DFBC6C157CC"},{"PrincipalSID":"INLANEFREIGHT.LOCAL-S-1-5-32-544","PrincipalType":"Group","RightName":"WriteOwner","IsInherited":true,"InheritanceHash":"62C26D4FB3FF64505B03CDD35D648DFBC6C157CC"},{"PrincipalSID":"INLANEFREIGHT.LOCAL-S-1-5-32-544","PrincipalType":"Group","RightName":"GenericWrite","IsInherited":true,"InheritanceHash":"62C26D4FB3FF64505B03CDD35D648DFBC6C157CC"}],"ObjectIdentifier":"F50B80A3-3836-48C2-83F9-8F492F147BA0","IsDeleted":false,"IsACLProtected":false,"ContainedBy":{"ObjectIdentifier":"4CE58BCA-21B8-4784-A7A4-46C2C0DC9F9E","ObjectType":"OU"}},{"GPOChanges":{"LocalAdmins":[],"RemoteDesktopUsers":[],"DcomUsers":[],"PSRemoteUsers":[],"AffectedComputers":[]},"Properties":{"domain":"INLANEFREIGHT.LOCAL","name":"IT ADMINS@INLANEFREIGHT.LOCAL","distinguishedname":"OU=IT ADMINS,OU=IT,OU=CORP,DC=INLANEFREIGHT,DC=LOCAL","domainsid":"S-1-5-21-3327542485-274640656-2609762496","doesanyacegrantownerrights":false,"doesanyinheritedacegrantownerrights":false,"isaclprotected":false,"description":"IT Admins","whencreated":1648824986,"blocksinheritance":false},"Links":[],"ChildObjects":[],"InheritanceHashes":[],"Aces":[{"PrincipalSID":"S-1-5-21-3327542485-274640656-2609762496-512","PrincipalType":"Group","RightName":"Owns","IsInherited":false,"InheritanceHash":""},{"PrincipalSID":"S-1-5-21-3327542485-274640656-2609762496-512","PrincipalType":"Group","RightName":"GenericAll","IsInherited":false,"InheritanceHash":""},{"PrincipalSID":"S-1-5-21-3327542485-274640656-2609762496-519","PrincipalType":"Group","RightName":"GenericAll","IsInherited":true,"InheritanceHash":"6ABFF7FEE713005A71C12F6283FC663DD79EBD0A"},{"PrincipalSID":"INLANEFREIGHT.LOCAL-S-1-5-32-544","PrincipalType":"Group","RightName":"WriteDacl","IsInherited":true,"InheritanceHash":"62C26D4FB3FF64505B03CDD35D648DFBC6C157CC"},{"PrincipalSID":"INLANEFREIGHT.LOCAL-S-1-5-32-544","PrincipalType":"Group","RightName":"WriteOwner","IsInherited":true,"InheritanceHash":"62C26D4FB3FF64505B03CDD35D648DFBC6C157CC"},{"PrincipalSID":"INLANEFREIGHT.LOCAL-S-1-5-32-544","PrincipalType":"Group","RightName":"GenericWrite","IsInherited":true,"InheritanceHash":"62C26D4FB3FF64505B03CDD35D648DFBC6C157CC"}],"ObjectIdentifier":"BB591158-8CAD-4EB9-92E5-62E9A2CDC0E6","IsDeleted":false,"IsACLProtected":false,"ContainedBy":{"ObjectIdentifier":"4CE58BCA-21B8-4784-A7A4-46C2C0DC9F9E","ObjectType":"OU"}},{"GPOChanges":{"LocalAdmins":[],"RemoteDesktopUsers":[],"DcomUsers":[],"PSRemoteUsers":[],"AffectedComputers":[]},"Properties":{"domain":"INLANEFREIGHT.LOCAL","name":"SERVICE ACCOUNTS@INLANEFREIGHT.LOCAL","distinguishedname":"OU=SERVICE ACCOUNTS,OU=IT,OU=CORP,DC=INLANEFREIGHT,DC=LOCAL","domainsid":"S-1-5-21-3327542485-274640656-2609762496","doesanyacegrantownerrights":false,"doesanyinheritedacegrantownerrights":false,"isaclprotected":false,"description":"Service Accounts","whencreated":1648824986,"blocksinheritance":false},"Links":[],"ChildObjects":[],"InheritanceHashes":[],"Aces":[{"PrincipalSID":"S-1-5-21-3327542485-274640656-2609762496-512","PrincipalType":"Group","RightName":"Owns","IsInherited":false,"InheritanceHash":""},{"PrincipalSID":"S-1-5-21-3327542485-274640656-2609762496-512","PrincipalType":"Group","RightName":"GenericAll","IsInherited":false,"InheritanceHash":""},{"PrincipalSID":"S-1-5-21-3327542485-274640656-2609762496-519","PrincipalType":"Group","RightName":"GenericAll","IsInherited":true,"InheritanceHash":"6ABFF7FEE713005A71C12F6283FC663DD79EBD0A"},{"PrincipalSID":"INLANEFREIGHT.LOCAL-S-1-5-32-544","PrincipalType":"Group","RightName":"WriteDacl","IsInherited":true,"InheritanceHash":"62C26D4FB3FF64505B03CDD35D648DFBC6C157CC"},{"PrincipalSID":"INLANEFREIGHT.LOCAL-S-1-5-32-544","PrincipalType":"Group","RightName":"WriteOwner","IsInherited":true,"InheritanceHash":"62C26D4FB3FF64505B03CDD35D648DFBC6C157CC"},{"PrincipalSID":"INLANEFREIGHT.LOCAL-S-1-5-32-544","PrincipalType":"Group","RightName":"GenericWrite","IsInherited":true,"InheritanceHash":"62C26D4FB3FF64505B03CDD35D648DFBC6C157CC"}],"ObjectIdentifier":"6CF1A823-F38E-42F7-91D8-728C1ECC4293","IsDeleted":false,"IsACLProtected":false,"ContainedBy":{"ObjectIdentifier":"4CE58BCA-21B8-4784-A7A4-46C2C0DC9F9E","ObjectType":"OU"}},{"GPOChanges":{"LocalAdmins":[],"RemoteDesktopUsers":[],"DcomUsers":[],"PSRemoteUsers":[],"AffectedComputers":[]},"Properties":{"domain":"INLANEFREIGHT.LOCAL","name":"HUMAN RESOURCES@INLANEFREIGHT.LOCAL","distinguishedname":"OU=HUMAN RESOURCES,OU=CORP,DC=INLANEFREIGHT,DC=LOCAL","domainsid":"S-1-5-21-3327542485-274640656-2609762496","doesanyacegrantownerrights":false,"doesanyinheritedacegrantownerrights":false,"isaclprotected":false,"description":"Human Resources personnel","whencreated":1648824986,"blocksinheritance":false},"Links":[],"ChildObjects":[],"InheritanceHashes":[],"Aces":[{"PrincipalSID":"S-1-5-21-3327542485-274640656-2609762496-512","PrincipalType":"Group","RightName":"Owns","IsInherited":false,"InheritanceHash":""},{"PrincipalSID":"S-1-5-21-3327542485-274640656-2609762496-512","PrincipalType":"Group","RightName":"GenericAll","IsInherited":false,"InheritanceHash":""},{"PrincipalSID":"S-1-5-21-3327542485-274640656-2609762496-519","PrincipalType":"Group","RightName":"GenericAll","IsInherited":true,"InheritanceHash":"6ABFF7FEE713005A71C12F6283FC663DD79EBD0A"},{"PrincipalSID":"INLANEFREIGHT.LOCAL-S-1-5-32-544","PrincipalType":"Group","RightName":"WriteDacl","IsInherited":true,"InheritanceHash":"62C26D4FB3FF64505B03CDD35D648DFBC6C157CC"},{"PrincipalSID":"INLANEFREIGHT.LOCAL-S-1-5-32-544","PrincipalType":"Group","RightName":"WriteOwner","IsInherited":true,"InheritanceHash":"62C26D4FB3FF64505B03CDD35D648DFBC6C157CC"},{"PrincipalSID":"INLANEFREIGHT.LOCAL-S-1-5-32-544","PrincipalType":"Group","RightName":"GenericWrite","IsInherited":true,"InheritanceHash":"62C26D4FB3FF64505B03CDD35D648DFBC6C157CC"}],"ObjectIdentifier":"C2134B79-156D-4821-9875-C1005A3D1CAD","IsDeleted":false,"IsACLProtected":false,"ContainedBy":{"ObjectIdentifier":"EB17681B-5484-4E46-8EC4-F5E67E6FC6DB","ObjectType":"OU"}},{"GPOChanges":{"LocalAdmins":[],"RemoteDesktopUsers":[],"DcomUsers":[],"PSRemoteUsers":[],"AffectedComputers":[]},"Properties":{"domain":"INLANEFREIGHT.LOCAL","name":"MARKETING@INLANEFREIGHT.LOCAL","distinguishedname":"OU=MARKETING,OU=CORP,DC=INLANEFREIGHT,DC=LOCAL","domainsid":"S-1-5-21-3327542485-274640656-2609762496","doesanyacegrantownerrights":false,"doesanyinheritedacegrantownerrights":false,"isaclprotected":false,"description":"Marketing personnel","whencreated":1648824986,"blocksinheritance":false},"Links":[],"ChildObjects":[],"InheritanceHashes":[],"Aces":[{"PrincipalSID":"S-1-5-21-3327542485-274640656-2609762496-512","PrincipalType":"Group","RightName":"Owns","IsInherited":false,"InheritanceHash":""},{"PrincipalSID":"S-1-5-21-3327542485-274640656-2609762496-512","PrincipalType":"Group","RightName":"GenericAll","IsInherited":false,"InheritanceHash":""},{"PrincipalSID":"S-1-5-21-3327542485-274640656-2609762496-519","PrincipalType":"Group","RightName":"GenericAll","IsInherited":true,"InheritanceHash":"6ABFF7FEE713005A71C12F6283FC663DD79EBD0A"},{"PrincipalSID":"INLANEFREIGHT.LOCAL-S-1-5-32-544","PrincipalType":"Group","RightName":"WriteDacl","IsInherited":true,"InheritanceHash":"62C26D4FB3FF64505B03CDD35D648DFBC6C157CC"},{"PrincipalSID":"INLANEFREIGHT.LOCAL-S-1-5-32-544","PrincipalType":"Group","RightName":"WriteOwner","IsInherited":true,"InheritanceHash":"62C26D4FB3FF64505B03CDD35D648DFBC6C157CC"},{"PrincipalSID":"INLANEFREIGHT.LOCAL-S-1-5-32-544","PrincipalType":"Group","RightName":"GenericWrite","IsInherited":true,"InheritanceHash":"62C26D4FB3FF64505B03CDD35D648DFBC6C157CC"}],"ObjectIdentifier":"7EBC34A4-5508-4401-B6DB-F53E75814619","IsDeleted":false,"IsACLProtected":false,"ContainedBy":{"ObjectIdentifier":"EB17681B-5484-4E46-8EC4-F5E67E6FC6DB","ObjectType":"OU"}},{"GPOChanges":{"LocalAdmins":[],"RemoteDesktopUsers":[],"DcomUsers":[],"PSRemoteUsers":[],"AffectedComputers":[]},"Properties":{"domain":"INLANEFREIGHT.LOCAL","name":"SALES@INLANEFREIGHT.LOCAL","distinguishedname":"OU=SALES,OU=CORP,DC=INLANEFREIGHT,DC=LOCAL","domainsid":"S-1-5-21-3327542485-274640656-2609762496","doesanyacegrantownerrights":false,"doesanyinheritedacegrantownerrights":false,"isaclprotected":false,"description":"Sales peronnel ","whencreated":1648824986,"blocksinheritance":false},"Links":[],"ChildObjects":[],"InheritanceHashes":[],"Aces":[{"PrincipalSID":"S-1-5-21-3327542485-274640656-2609762496-512","PrincipalType":"Group","RightName":"Owns","IsInherited":false,"InheritanceHash":""},{"PrincipalSID":"S-1-5-21-3327542485-274640656-2609762496-512","PrincipalType":"Group","RightName":"GenericAll","IsInherited":false,"InheritanceHash":""},{"PrincipalSID":"S-1-5-21-3327542485-274640656-2609762496-519","PrincipalType":"Group","RightName":"GenericAll","IsInherited":true,"InheritanceHash":"6ABFF7FEE713005A71C12F6283FC663DD79EBD0A"},{"PrincipalSID":"INLANEFREIGHT.LOCAL-S-1-5-32-544","PrincipalType":"Group","RightName":"WriteDacl","IsInherited":true,"InheritanceHash":"62C26D4FB3FF64505B03CDD35D648DFBC6C157CC"},{"PrincipalSID":"INLANEFREIGHT.LOCAL-S-1-5-32-544","PrincipalType":"Group","RightName":"WriteOwner","IsInherited":true,"InheritanceHash":"62C26D4FB3FF64505B03CDD35D648DFBC6C157CC"},{"PrincipalSID":"INLANEFREIGHT.LOCAL-S-1-5-32-544","PrincipalType":"Group","RightName":"GenericWrite","IsInherited":true,"InheritanceHash":"62C26D4FB3FF64505B03CDD35D648DFBC6C157CC"}],"ObjectIdentifier":"88BF9A6F-E36A-4F7D-B4AB-AB861451B7D3","IsDeleted":false,"IsACLProtected":false,"ContainedBy":{"ObjectIdentifier":"EB17681B-5484-4E46-8EC4-F5E67E6FC6DB","ObjectType":"OU"}},{"GPOChanges":{"LocalAdmins":[],"RemoteDesktopUsers":[],"DcomUsers":[],"PSRemoteUsers":[],"AffectedComputers":[]},"Properties":{"domain":"INLANEFREIGHT.LOCAL","name":"OPERATIONS@INLANEFREIGHT.LOCAL","distinguishedname":"OU=OPERATIONS,OU=CORP,DC=INLANEFREIGHT,DC=LOCAL","domainsid":"S-1-5-21-3327542485-274640656-2609762496","doesanyacegrantownerrights":false,"doesanyinheritedacegrantownerrights":false,"isaclprotected":false,"description":"Operations personnel","whencreated":1648824986,"blocksinheritance":false},"Links":[],"ChildObjects":[],"InheritanceHashes":[],"Aces":[{"PrincipalSID":"S-1-5-21-3327542485-274640656-2609762496-512","PrincipalType":"Group","RightName":"Owns","IsInherited":false,"InheritanceHash":""},{"PrincipalSID":"S-1-5-21-3327542485-274640656-2609762496-512","PrincipalType":"Group","RightName":"GenericAll","IsInherited":false,"InheritanceHash":""},{"PrincipalSID":"S-1-5-21-3327542485-274640656-2609762496-519","PrincipalType":"Group","RightName":"GenericAll","IsInherited":true,"InheritanceHash":"6ABFF7FEE713005A71C12F6283FC663DD79EBD0A"},{"PrincipalSID":"INLANEFREIGHT.LOCAL-S-1-5-32-544","PrincipalType":"Group","RightName":"WriteDacl","IsInherited":true,"InheritanceHash":"62C26D4FB3FF64505B03CDD35D648DFBC6C157CC"},{"PrincipalSID":"INLANEFREIGHT.LOCAL-S-1-5-32-544","PrincipalType":"Group","RightName":"WriteOwner","IsInherited":true,"InheritanceHash":"62C26D4FB3FF64505B03CDD35D648DFBC6C157CC"},{"PrincipalSID":"INLANEFREIGHT.LOCAL-S-1-5-32-544","PrincipalType":"Group","RightName":"GenericWrite","IsInherited":true,"InheritanceHash":"62C26D4FB3FF64505B03CDD35D648DFBC6C157CC"}],"ObjectIdentifier":"CBE76750-5564-40E5-9DD5-AB98E8074A31","IsDeleted":false,"IsACLProtected":false,"ContainedBy":{"ObjectIdentifier":"EB17681B-5484-4E46-8EC4-F5E67E6FC6DB","ObjectType":"OU"}},{"GPOChanges":{"LocalAdmins":[],"RemoteDesktopUsers":[],"DcomUsers":[],"PSRemoteUsers":[],"AffectedComputers":[]},"Properties":{"domain":"INLANEFREIGHT.LOCAL","name":"BUSINESS DEVELOPMENT@INLANEFREIGHT.LOCAL","distinguishedname":"OU=BUSINESS DEVELOPMENT,OU=CORP,DC=INLANEFREIGHT,DC=LOCAL","domainsid":"S-1-5-21-3327542485-274640656-2609762496","doesanyacegrantownerrights":false,"doesanyinheritedacegrantownerrights":false,"isaclprotected":false,"description":"Business development personnel","whencreated":1648824986,"blocksinheritance":false},"Links":[],"ChildObjects":[],"InheritanceHashes":[],"Aces":[{"PrincipalSID":"S-1-5-21-3327542485-274640656-2609762496-512","PrincipalType":"Group","RightName":"Owns","IsInherited":false,"InheritanceHash":""},{"PrincipalSID":"S-1-5-21-3327542485-274640656-2609762496-512","PrincipalType":"Group","RightName":"GenericAll","IsInherited":false,"InheritanceHash":""},{"PrincipalSID":"S-1-5-21-3327542485-274640656-2609762496-519","PrincipalType":"Group","RightName":"GenericAll","IsInherited":true,"InheritanceHash":"6ABFF7FEE713005A71C12F6283FC663DD79EBD0A"},{"PrincipalSID":"INLANEFREIGHT.LOCAL-S-1-5-32-544","PrincipalType":"Group","RightName":"WriteDacl","IsInherited":true,"InheritanceHash":"62C26D4FB3FF64505B03CDD35D648DFBC6C157CC"},{"PrincipalSID":"INLANEFREIGHT.LOCAL-S-1-5-32-544","PrincipalType":"Group","RightName":"WriteOwner","IsInherited":true,"InheritanceHash":"62C26D4FB3FF64505B03CDD35D648DFBC6C157CC"},{"PrincipalSID":"INLANEFREIGHT.LOCAL-S-1-5-32-544","PrincipalType":"Group","RightName":"GenericWrite","IsInherited":true,"InheritanceHash":"62C26D4FB3FF64505B03CDD35D648DFBC6C157CC"}],"ObjectIdentifier":"16D2AB29-7C40-405D-9C98-1199027D2503","IsDeleted":false,"IsACLProtected":false,"ContainedBy":{"ObjectIdentifier":"EB17681B-5484-4E46-8EC4-F5E67E6FC6DB","ObjectType":"OU"}},{"GPOChanges":{"LocalAdmins":[],"RemoteDesktopUsers":[],"DcomUsers":[],"PSRemoteUsers":[],"AffectedComputers":[]},"Properties":{"domain":"INLANEFREIGHT.LOCAL","name":"AUDIT@INLANEFREIGHT.LOCAL","distinguishedname":"OU=AUDIT,OU=CORP,DC=INLANEFREIGHT,DC=LOCAL","domainsid":"S-1-5-21-3327542485-274640656-2609762496","doesanyacegrantownerrights":false,"doesanyinheritedacegrantownerrights":false,"isaclprotected":false,"description":"Audit personnel","whencreated":1648824986,"blocksinheritance":false},"Links":[],"ChildObjects":[],"InheritanceHashes":[],"Aces":[{"PrincipalSID":"S-1-5-21-3327542485-274640656-2609762496-512","PrincipalType":"Group","RightName":"Owns","IsInherited":false,"InheritanceHash":""},{"PrincipalSID":"S-1-5-21-3327542485-274640656-2609762496-512","PrincipalType":"Group","RightName":"GenericAll","IsInherited":false,"InheritanceHash":""},{"PrincipalSID":"S-1-5-21-3327542485-274640656-2609762496-519","PrincipalType":"Group","RightName":"GenericAll","IsInherited":true,"InheritanceHash":"6ABFF7FEE713005A71C12F6283FC663DD79EBD0A"},{"PrincipalSID":"INLANEFREIGHT.LOCAL-S-1-5-32-544","PrincipalType":"Group","RightName":"WriteDacl","IsInherited":true,"InheritanceHash":"62C26D4FB3FF64505B03CDD35D648DFBC6C157CC"},{"PrincipalSID":"INLANEFREIGHT.LOCAL-S-1-5-32-544","PrincipalType":"Group","RightName":"WriteOwner","IsInherited":true,"InheritanceHash":"62C26D4FB3FF64505B03CDD35D648DFBC6C157CC"},{"PrincipalSID":"INLANEFREIGHT.LOCAL-S-1-5-32-544","PrincipalType":"Group","RightName":"GenericWrite","IsInherited":true,"InheritanceHash":"62C26D4FB3FF64505B03CDD35D648DFBC6C157CC"}],"ObjectIdentifier":"3D1C4EAC-7C9E-426F-953A-94955B444328","IsDeleted":false,"IsACLProtected":false,"ContainedBy":{"ObjectIdentifier":"EB17681B-5484-4E46-8EC4-F5E67E6FC6DB","ObjectType":"OU"}},{"GPOChanges":{"LocalAdmins":[],"RemoteDesktopUsers":[],"DcomUsers":[],"PSRemoteUsers":[],"AffectedComputers":[]},"Properties":{"domain":"INLANEFREIGHT.LOCAL","name":"FINANCE@INLANEFREIGHT.LOCAL","distinguishedname":"OU=FINANCE,OU=CORP,DC=INLANEFREIGHT,DC=LOCAL","domainsid":"S-1-5-21-3327542485-274640656-2609762496","doesanyacegrantownerrights":false,"doesanyinheritedacegrantownerrights":false,"isaclprotected":false,"description":"Finance personnel","whencreated":1648824986,"blocksinheritance":false},"Links":[],"ChildObjects":[],"InheritanceHashes":[],"Aces":[{"PrincipalSID":"S-1-5-21-3327542485-274640656-2609762496-512","PrincipalType":"Group","RightName":"Owns","IsInherited":false,"InheritanceHash":""},{"PrincipalSID":"S-1-5-21-3327542485-274640656-2609762496-512","PrincipalType":"Group","RightName":"GenericAll","IsInherited":false,"InheritanceHash":""},{"PrincipalSID":"S-1-5-21-3327542485-274640656-2609762496-519","PrincipalType":"Group","RightName":"GenericAll","IsInherited":true,"InheritanceHash":"6ABFF7FEE713005A71C12F6283FC663DD79EBD0A"},{"PrincipalSID":"INLANEFREIGHT.LOCAL-S-1-5-32-544","PrincipalType":"Group","RightName":"WriteDacl","IsInherited":true,"InheritanceHash":"62C26D4FB3FF64505B03CDD35D648DFBC6C157CC"},{"PrincipalSID":"INLANEFREIGHT.LOCAL-S-1-5-32-544","PrincipalType":"Group","RightName":"WriteOwner","IsInherited":true,"InheritanceHash":"62C26D4FB3FF64505B03CDD35D648DFBC6C157CC"},{"PrincipalSID":"INLANEFREIGHT.LOCAL-S-1-5-32-544","PrincipalType":"Group","RightName":"GenericWrite","IsInherited":true,"InheritanceHash":"62C26D4FB3FF64505B03CDD35D648DFBC6C157CC"}],"ObjectIdentifier":"1F09760E-323C-4EA8-BAF3-6547FA3534F5","IsDeleted":false,"IsACLProtected":false,"ContainedBy":{"ObjectIdentifier":"EB17681B-5484-4E46-8EC4-F5E67E6FC6DB","ObjectType":"OU"}},{"GPOChanges":{"LocalAdmins":[],"RemoteDesktopUsers":[],"DcomUsers":[],"PSRemoteUsers":[],"AffectedComputers":[]},"Properties":{"domain":"INLANEFREIGHT.LOCAL","name":"WORKSTATIONS@INLANEFREIGHT.LOCAL","distinguishedname":"OU=WORKSTATIONS,OU=CORP,DC=INLANEFREIGHT,DC=LOCAL","domainsid":"S-1-5-21-3327542485-274640656-2609762496","doesanyacegrantownerrights":false,"doesanyinheritedacegrantownerrights":false,"isaclprotected":false,"description":"Corp workstations","whencreated":1648824986,"blocksinheritance":false},"Links":[],"ChildObjects":[],"InheritanceHashes":[],"Aces":[{"PrincipalSID":"S-1-5-21-3327542485-274640656-2609762496-512","PrincipalType":"Group","RightName":"Owns","IsInherited":false,"InheritanceHash":""},{"PrincipalSID":"S-1-5-21-3327542485-274640656-2609762496-512","PrincipalType":"Group","RightName":"GenericAll","IsInherited":false,"InheritanceHash":""},{"PrincipalSID":"S-1-5-21-3327542485-274640656-2609762496-519","PrincipalType":"Group","RightName":"GenericAll","IsInherited":true,"InheritanceHash":"6ABFF7FEE713005A71C12F6283FC663DD79EBD0A"},{"PrincipalSID":"INLANEFREIGHT.LOCAL-S-1-5-32-544","PrincipalType":"Group","RightName":"WriteDacl","IsInherited":true,"InheritanceHash":"62C26D4FB3FF64505B03CDD35D648DFBC6C157CC"},{"PrincipalSID":"INLANEFREIGHT.LOCAL-S-1-5-32-544","PrincipalType":"Group","RightName":"WriteOwner","IsInherited":true,"InheritanceHash":"62C26D4FB3FF64505B03CDD35D648DFBC6C157CC"},{"PrincipalSID":"INLANEFREIGHT.LOCAL-S-1-5-32-544","PrincipalType":"Group","RightName":"GenericWrite","IsInherited":true,"InheritanceHash":"62C26D4FB3FF64505B03CDD35D648DFBC6C157CC"}],"ObjectIdentifier":"CBBFE277-F37F-46E9-9CB1-CF0A1524A378","IsDeleted":false,"IsACLProtected":false,"ContainedBy":{"ObjectIdentifier":"EB17681B-5484-4E46-8EC4-F5E67E6FC6DB","ObjectType":"OU"}},{"GPOChanges":{"LocalAdmins":[],"RemoteDesktopUsers":[],"DcomUsers":[],"PSRemoteUsers":[],"AffectedComputers":[]},"Properties":{"domain":"INLANEFREIGHT.LOCAL","name":"SECURITY GROUPS@INLANEFREIGHT.LOCAL","distinguishedname":"OU=SECURITY GROUPS,OU=CORP,DC=INLANEFREIGHT,DC=LOCAL","domainsid":"S-1-5-21-3327542485-274640656-2609762496","doesanyacegrantownerrights":false,"doesanyinheritedacegrantownerrights":false,"isaclprotected":false,"description":"Security Groups","whencreated":1648824986,"blocksinheritance":false},"Links":[],"ChildObjects":[],"InheritanceHashes":[],"Aces":[{"PrincipalSID":"S-1-5-21-3327542485-274640656-2609762496-512","PrincipalType":"Group","RightName":"Owns","IsInherited":false,"InheritanceHash":""},{"PrincipalSID":"S-1-5-21-3327542485-274640656-2609762496-512","PrincipalType":"Group","RightName":"GenericAll","IsInherited":false,"InheritanceHash":""},{"PrincipalSID":"S-1-5-21-3327542485-274640656-2609762496-519","PrincipalType":"Group","RightName":"GenericAll","IsInherited":true,"InheritanceHash":"6ABFF7FEE713005A71C12F6283FC663DD79EBD0A"},{"PrincipalSID":"INLANEFREIGHT.LOCAL-S-1-5-32-544","PrincipalType":"Group","RightName":"WriteDacl","IsInherited":true,"InheritanceHash":"62C26D4FB3FF64505B03CDD35D648DFBC6C157CC"},{"PrincipalSID":"INLANEFREIGHT.LOCAL-S-1-5-32-544","PrincipalType":"Group","RightName":"WriteOwner","IsInherited":true,"InheritanceHash":"62C26D4FB3FF64505B03CDD35D648DFBC6C157CC"},{"PrincipalSID":"INLANEFREIGHT.LOCAL-S-1-5-32-544","PrincipalType":"Group","RightName":"GenericWrite","IsInherited":true,"InheritanceHash":"62C26D4FB3FF64505B03CDD35D648DFBC6C157CC"}],"ObjectIdentifier":"C38258D8-4927-4C31-8A53-67F1AA4CD270","IsDeleted":false,"IsACLProtected":false,"ContainedBy":{"ObjectIdentifier":"EB17681B-5484-4E46-8EC4-F5E67E6FC6DB","ObjectType":"OU"}},{"GPOChanges":{"LocalAdmins":[],"RemoteDesktopUsers":[],"DcomUsers":[],"PSRemoteUsers":[],"AffectedComputers":[]},"Properties":{"domain":"INLANEFREIGHT.LOCAL","name":"SERVERS@INLANEFREIGHT.LOCAL","distinguishedname":"OU=SERVERS,OU=CORP,DC=INLANEFREIGHT,DC=LOCAL","domainsid":"S-1-5-21-3327542485-274640656-2609762496","doesanyacegrantownerrights":false,"doesanyinheritedacegrantownerrights":false,"isaclprotected":false,"description":"Servers","whencreated":1648824986,"blocksinheritance":false},"Links":[],"ChildObjects":[],"InheritanceHashes":[],"Aces":[{"PrincipalSID":"S-1-5-21-3327542485-274640656-2609762496-512","PrincipalType":"Group","RightName":"Owns","IsInherited":false,"InheritanceHash":""},{"PrincipalSID":"S-1-5-21-3327542485-274640656-2609762496-512","PrincipalType":"Group","RightName":"GenericAll","IsInherited":false,"InheritanceHash":""},{"PrincipalSID":"S-1-5-21-3327542485-274640656-2609762496-519","PrincipalType":"Group","RightName":"GenericAll","IsInherited":true,"InheritanceHash":"6ABFF7FEE713005A71C12F6283FC663DD79EBD0A"},{"PrincipalSID":"INLANEFREIGHT.LOCAL-S-1-5-32-544","PrincipalType":"Group","RightName":"WriteDacl","IsInherited":true,"InheritanceHash":"62C26D4FB3FF64505B03CDD35D648DFBC6C157CC"},{"PrincipalSID":"INLANEFREIGHT.LOCAL-S-1-5-32-544","PrincipalType":"Group","RightName":"WriteOwner","IsInherited":true,"InheritanceHash":"62C26D4FB3FF64505B03CDD35D648DFBC6C157CC"},{"PrincipalSID":"INLANEFREIGHT.LOCAL-S-1-5-32-544","PrincipalType":"Group","RightName":"GenericWrite","IsInherited":true,"InheritanceHash":"62C26D4FB3FF64505B03CDD35D648DFBC6C157CC"}],"ObjectIdentifier":"07F1CBBC-ACCA-437B-A84C-3F9856838C4E","IsDeleted":false,"IsACLProtected":false,"ContainedBy":{"ObjectIdentifier":"EB17681B-5484-4E46-8EC4-F5E67E6FC6DB","ObjectType":"OU"}},{"GPOChanges":{"LocalAdmins":[],"RemoteDesktopUsers":[],"DcomUsers":[],"PSRemoteUsers":[],"AffectedComputers":[]},"Properties":{"domain":"INLANEFREIGHT.LOCAL","name":"SQL SERVERS@INLANEFREIGHT.LOCAL","distinguishedname":"OU=SQL SERVERS,OU=SERVERS,OU=CORP,DC=INLANEFREIGHT,DC=LOCAL","domainsid":"S-1-5-21-3327542485-274640656-2609762496","doesanyacegrantownerrights":false,"doesanyinheritedacegrantownerrights":false,"isaclprotected":false,"description":"SQL Servers","whencreated":1648824986,"blocksinheritance":false},"Links":[],"ChildObjects":[],"InheritanceHashes":[],"Aces":[{"PrincipalSID":"S-1-5-21-3327542485-274640656-2609762496-512","PrincipalType":"Group","RightName":"Owns","IsInherited":false,"InheritanceHash":""},{"PrincipalSID":"S-1-5-21-3327542485-274640656-2609762496-512","PrincipalType":"Group","RightName":"GenericAll","IsInherited":false,"InheritanceHash":""},{"PrincipalSID":"S-1-5-21-3327542485-274640656-2609762496-519","PrincipalType":"Group","RightName":"GenericAll","IsInherited":true,"InheritanceHash":"6ABFF7FEE713005A71C12F6283FC663DD79EBD0A"},{"PrincipalSID":"INLANEFREIGHT.LOCAL-S-1-5-32-544","PrincipalType":"Group","RightName":"WriteDacl","IsInherited":true,"InheritanceHash":"62C26D4FB3FF64505B03CDD35D648DFBC6C157CC"},{"PrincipalSID":"INLANEFREIGHT.LOCAL-S-1-5-32-544","PrincipalType":"Group","RightName":"WriteOwner","IsInherited":true,"InheritanceHash":"62C26D4FB3FF64505B03CDD35D648DFBC6C157CC"},{"PrincipalSID":"INLANEFREIGHT.LOCAL-S-1-5-32-544","PrincipalType":"Group","RightName":"GenericWrite","IsInherited":true,"InheritanceHash":"62C26D4FB3FF64505B03CDD35D648DFBC6C157CC"}],"ObjectIdentifier":"C27AE95B-FCD4-4C9B-829F-5AF11D6BD5B5","IsDeleted":false,"IsACLProtected":false,"ContainedBy":{"ObjectIdentifier":"07F1CBBC-ACCA-437B-A84C-3F9856838C4E","ObjectType":"OU"}},{"GPOChanges":{"LocalAdmins":[],"RemoteDesktopUsers":[],"DcomUsers":[],"PSRemoteUsers":[],"AffectedComputers":[]},"Properties":{"domain":"INLANEFREIGHT.LOCAL","name":"WEB SERVERS@INLANEFREIGHT.LOCAL","distinguishedname":"OU=WEB SERVERS,OU=SERVERS,OU=CORP,DC=INLANEFREIGHT,DC=LOCAL","domainsid":"S-1-5-21-3327542485-274640656-2609762496","doesanyacegrantownerrights":false,"doesanyinheritedacegrantownerrights":false,"isaclprotected":false,"description":"Web Servers","whencreated":1648824986,"blocksinheritance":false},"Links":[],"ChildObjects":[],"InheritanceHashes":[],"Aces":[{"PrincipalSID":"S-1-5-21-3327542485-274640656-2609762496-512","PrincipalType":"Group","RightName":"Owns","IsInherited":false,"InheritanceHash":""},{"PrincipalSID":"S-1-5-21-3327542485-274640656-2609762496-512","PrincipalType":"Group","RightName":"GenericAll","IsInherited":false,"InheritanceHash":""},{"PrincipalSID":"S-1-5-21-3327542485-274640656-2609762496-519","PrincipalType":"Group","RightName":"GenericAll","IsInherited":true,"InheritanceHash":"6ABFF7FEE713005A71C12F6283FC663DD79EBD0A"},{"PrincipalSID":"INLANEFREIGHT.LOCAL-S-1-5-32-544","PrincipalType":"Group","RightName":"WriteDacl","IsInherited":true,"InheritanceHash":"62C26D4FB3FF64505B03CDD35D648DFBC6C157CC"},{"PrincipalSID":"INLANEFREIGHT.LOCAL-S-1-5-32-544","PrincipalType":"Group","RightName":"WriteOwner","IsInherited":true,"InheritanceHash":"62C26D4FB3FF64505B03CDD35D648DFBC6C157CC"},{"PrincipalSID":"INLANEFREIGHT.LOCAL-S-1-5-32-544","PrincipalType":"Group","RightName":"GenericWrite","IsInherited":true,"InheritanceHash":"62C26D4FB3FF64505B03CDD35D648DFBC6C157CC"}],"ObjectIdentifier":"3DB24101-A9E3-459B-A225-9DDE006D4B0F","IsDeleted":false,"IsACLProtected":false,"ContainedBy":{"ObjectIdentifier":"07F1CBBC-ACCA-437B-A84C-3F9856838C4E","ObjectType":"OU"}},{"GPOChanges":{"LocalAdmins":[],"RemoteDesktopUsers":[],"DcomUsers":[],"PSRemoteUsers":[],"AffectedComputers":[]},"Properties":{"domain":"INLANEFREIGHT.LOCAL","name":"FILE SERVERS@INLANEFREIGHT.LOCAL","distinguishedname":"OU=FILE SERVERS,OU=SERVERS,OU=CORP,DC=INLANEFREIGHT,DC=LOCAL","domainsid":"S-1-5-21-3327542485-274640656-2609762496","doesanyacegrantownerrights":false,"doesanyinheritedacegrantownerrights":false,"isaclprotected":false,"description":"File Servers","whencreated":1648824986,"blocksinheritance":false},"Links":[],"ChildObjects":[],"InheritanceHashes":[],"Aces":[{"PrincipalSID":"S-1-5-21-3327542485-274640656-2609762496-512","PrincipalType":"Group","RightName":"Owns","IsInherited":false,"InheritanceHash":""},{"PrincipalSID":"S-1-5-21-3327542485-274640656-2609762496-512","PrincipalType":"Group","RightName":"GenericAll","IsInherited":false,"InheritanceHash":""},{"PrincipalSID":"S-1-5-21-3327542485-274640656-2609762496-519","PrincipalType":"Group","RightName":"GenericAll","IsInherited":true,"InheritanceHash":"6ABFF7FEE713005A71C12F6283FC663DD79EBD0A"},{"PrincipalSID":"INLANEFREIGHT.LOCAL-S-1-5-32-544","PrincipalType":"Group","RightName":"WriteDacl","IsInherited":true,"InheritanceHash":"62C26D4FB3FF64505B03CDD35D648DFBC6C157CC"},{"PrincipalSID":"INLANEFREIGHT.LOCAL-S-1-5-32-544","PrincipalType":"Group","RightName":"WriteOwner","IsInherited":true,"InheritanceHash":"62C26D4FB3FF64505B03CDD35D648DFBC6C157CC"},{"PrincipalSID":"INLANEFREIGHT.LOCAL-S-1-5-32-544","PrincipalType":"Group","RightName":"GenericWrite","IsInherited":true,"InheritanceHash":"62C26D4FB3FF64505B03CDD35D648DFBC6C157CC"}],"ObjectIdentifier":"B64E67F3-095D-4423-AF1C-AA0C9AFE030B","IsDeleted":false,"IsACLProtected":false,"ContainedBy":{"ObjectIdentifier":"07F1CBBC-ACCA-437B-A84C-3F9856838C4E","ObjectType":"OU"}},{"GPOChanges":{"LocalAdmins":[],"RemoteDesktopUsers":[],"DcomUsers":[],"PSRemoteUsers":[],"AffectedComputers":[{"ObjectIdentifier":"S-1-5-21-3327542485-274640656-2609762496-1000","ObjectType":"Computer"}]},"Properties":{"domain":"INLANEFREIGHT.LOCAL","name":"DOMAIN CONTROLLERS@INLANEFREIGHT.LOCAL","distinguishedname":"OU=DOMAIN CONTROLLERS,DC=INLANEFREIGHT,DC=LOCAL","domainsid":"S-1-5-21-3327542485-274640656-2609762496","doesanyacegrantownerrights":false,"doesanyinheritedacegrantownerrights":false,"isaclprotected":false,"description":"Default container for domain controllers","whencreated":1648824238,"blocksinheritance":false},"Links":[{"IsEnforced":false,"GUID":"C056E438-8139-4926-809A-B11C9ADC2407"}],"ChildObjects":[],"InheritanceHashes":[],"Aces":[{"PrincipalSID":"S-1-5-21-3327542485-274640656-2609762496-512","PrincipalType":"Group","RightName":"Owns","IsInherited":false,"InheritanceHash":""},{"PrincipalSID":"S-1-5-21-3327542485-274640656-2609762496-512","PrincipalType":"Group","RightName":"WriteDacl","IsInherited":false,"InheritanceHash":""},{"PrincipalSID":"S-1-5-21-3327542485-274640656-2609762496-512","PrincipalType":"Group","RightName":"WriteOwner","IsInherited":false,"InheritanceHash":""},{"PrincipalSID":"S-1-5-21-3327542485-274640656-2609762496-512","PrincipalType":"Group","RightName":"GenericWrite","IsInherited":false,"InheritanceHash":""},{"PrincipalSID":"S-1-5-21-3327542485-274640656-2609762496-519","PrincipalType":"Group","RightName":"GenericAll","IsInherited":true,"InheritanceHash":"6ABFF7FEE713005A71C12F6283FC663DD79EBD0A"},{"PrincipalSID":"INLANEFREIGHT.LOCAL-S-1-5-32-544","PrincipalType":"Group","RightName":"WriteDacl","IsInherited":true,"InheritanceHash":"62C26D4FB3FF64505B03CDD35D648DFBC6C157CC"},{"PrincipalSID":"INLANEFREIGHT.LOCAL-S-1-5-32-544","PrincipalType":"Group","RightName":"WriteOwner","IsInherited":true,"InheritanceHash":"62C26D4FB3FF64505B03CDD35D648DFBC6C157CC"},{"PrincipalSID":"INLANEFREIGHT.LOCAL-S-1-5-32-544","PrincipalType":"Group","RightName":"GenericWrite","IsInherited":true,"InheritanceHash":"62C26D4FB3FF64505B03CDD35D648DFBC6C157CC"}],"ObjectIdentifier":"6BA4F9BB-00CB-4548-9292-4444F6FEAA7D","IsDeleted":false,"IsACLProtected":false,"ContainedBy":{"ObjectIdentifier":"S-1-5-21-3327542485-274640656-2609762496","ObjectType":"Domain"}}],"meta":{"methods":15725567,"type":"ous","count":21,"version":6,"collectorversion":"2.6.6.0"}}