{"data":[{"ObjectIdentifier": "S-1-5-21-1088858960-373806567-254189436-1111", "Properties": {"domain": "ADMINISTRATOR.HTB", "domainsid": "S-1-5-21-1088858960-373806567-254189436", "highvalue": false, "name": "SHARE MODERATORS@ADMINISTRATOR.HTB", "distinguishedname": "CN=SHARE MODERATORS,CN=USERS,DC=ADMINISTRATOR,DC=HTB", "admincount": false, "description": null, "samaccountname": "Share Moderators", "whencreated": 1728180577}, "Members": [{"ObjectIdentifier": "S-1-5-21-1088858960-373806567-254189436-1110", "ObjectType": "User"}], "Aces": [{"RightName": "Owns", "IsInherited": false, "PrincipalSID": "S-1-5-21-1088858960-373806567-254189436-512", "PrincipalType": "Group"}, {"RightName": "GenericAll", "IsInherited": false, "PrincipalSID": "S-1-5-21-1088858960-373806567-254189436-512", "PrincipalType": "Group"}, {"RightName": "GenericAll", "IsInherited": false, "PrincipalSID": "ADMINISTRATOR.HTB-S-1-5-32-548", "PrincipalType": "Group"}, {"RightName": "GenericAll", "IsInherited": true, "PrincipalSID": "S-1-5-21-1088858960-373806567-254189436-519", "PrincipalType": "Group"}, {"RightName": "GenericWrite", "IsInherited": true, "PrincipalSID": "ADMINISTRATOR.HTB-S-1-5-32-544", "PrincipalType": "Group"}, {"RightName": "WriteOwner", "IsInherited": true, "PrincipalSID": "ADMINISTRATOR.HTB-S-1-5-32-544", "PrincipalType": "Group"}, {"RightName": "WriteDacl", "IsInherited": true, "PrincipalSID": "ADMINISTRATOR.HTB-S-1-5-32-544", "PrincipalType": "Group"}], "IsDeleted": false, "IsACLProtected": false},{"ObjectIdentifier": "S-1-5-21-1088858960-373806567-254189436-1102", "Properties": {"domain": "ADMINISTRATOR.HTB", "domainsid": "S-1-5-21-1088858960-373806567-254189436", "highvalue": false, "name": "DNSUPDATEPROXY@ADMINISTRATOR.HTB", "distinguishedname": "CN=DNSUPDATEPROXY,CN=USERS,DC=ADMINISTRATOR,DC=HTB", "admincount": false, "description": "DNS clients who are permitted to perform dynamic updates on behalf of some other clients (such as DHCP servers).", "samaccountname": "DnsUpdateProxy", "whencreated": 1728071648}, "Members": [], "Aces": [{"RightName": "GenericAll", "IsInherited": false, "PrincipalSID": "S-1-5-21-1088858960-373806567-254189436-512", "PrincipalType": "Group"}, {"RightName": "GenericAll", "IsInherited": false, "PrincipalSID": "ADMINISTRATOR.HTB-S-1-5-32-548", "PrincipalType": "Group"}, {"RightName": "GenericAll", "IsInherited": true, "PrincipalSID": "S-1-5-21-1088858960-373806567-254189436-519", "PrincipalType": "Group"}, {"RightName": "GenericWrite", "IsInherited": true, "PrincipalSID": "ADMINISTRATOR.HTB-S-1-5-32-544", "PrincipalType": "Group"}, {"RightName": "WriteOwner", "IsInherited": true, "PrincipalSID": "ADMINISTRATOR.HTB-S-1-5-32-544", "PrincipalType": "Group"}, {"RightName": "WriteDacl", "IsInherited": true, "PrincipalSID": "ADMINISTRATOR.HTB-S-1-5-32-544", "PrincipalType": "Group"}], "IsDeleted": false, "IsACLProtected": false},{"ObjectIdentifier": "S-1-5-21-1088858960-373806567-254189436-527", "Properties": {"domain": "ADMINISTRATOR.HTB", "domainsid": "S-1-5-21-1088858960-373806567-254189436", "highvalue": false, "name": "ENTERPRISE KEY ADMINS@ADMINISTRATOR.HTB", "distinguishedname": "CN=ENTERPRISE KEY ADMINS,CN=USERS,DC=ADMINISTRATOR,DC=HTB", "admincount": true, "description": "Members of this group can perform administrative actions on key objects within the forest.", "samaccountname": "Enterprise Key Admins", "whencreated": 1728071609}, "Members": [], "Aces": [{"RightName": "Owns", "IsInherited": false, "PrincipalSID": "S-1-5-21-1088858960-373806567-254189436-512", "PrincipalType": "Group"}, {"RightName": "GenericWrite", "IsInherited": false, "PrincipalSID": "S-1-5-21-1088858960-373806567-254189436-512", "PrincipalType": "Group"}, {"RightName": "WriteOwner", "IsInherited": false, "PrincipalSID": "S-1-5-21-1088858960-373806567-254189436-512", "PrincipalType": "Group"}, {"RightName": "WriteDacl", "IsInherited": false, "PrincipalSID": "S-1-5-21-1088858960-373806567-254189436-512", "PrincipalType": "Group"}, {"RightName": "GenericWrite", "IsInherited": false, "PrincipalSID": "S-1-5-21-1088858960-373806567-254189436-519", "PrincipalType": "Group"}, {"RightName": "WriteOwner", "IsInherited": false, "PrincipalSID": "S-1-5-21-1088858960-373806567-254189436-519", "PrincipalType": "Group"}, {"RightName": "WriteDacl", "IsInherited": false, "PrincipalSID": "S-1-5-21-1088858960-373806567-254189436-519", "PrincipalType": "Group"}, {"RightName": "GenericWrite", "IsInherited": false, "PrincipalSID": "ADMINISTRATOR.HTB-S-1-5-32-544", "PrincipalType": "Group"}, {"RightName": "WriteOwner", "IsInherited": false, "PrincipalSID": "ADMINISTRATOR.HTB-S-1-5-32-544", "PrincipalType": "Group"}, {"RightName": "WriteDacl", "IsInherited": false, "PrincipalSID": "ADMINISTRATOR.HTB-S-1-5-32-544", "PrincipalType": "Group"}], "IsDeleted": false, "IsACLProtected": true},{"ObjectIdentifier": "S-1-5-21-1088858960-373806567-254189436-526", "Properties": {"domain": "ADMINISTRATOR.HTB", "domainsid": "S-1-5-21-1088858960-373806567-254189436", "highvalue": false, "name": "KEY ADMINS@ADMINISTRATOR.HTB", "distinguishedname": "CN=KEY ADMINS,CN=USERS,DC=ADMINISTRATOR,DC=HTB", "admincount": true, "description": "Members of this group can perform administrative actions on key objects within the domain.", "samaccountname": "Key Admins", "whencreated": 1728071609}, "Members": [], "Aces": [{"RightName": "Owns", "IsInherited": false, "PrincipalSID": "S-1-5-21-1088858960-373806567-254189436-512", "PrincipalType": "Group"}, {"RightName": "GenericWrite", "IsInherited": false, "PrincipalSID": "S-1-5-21-1088858960-373806567-254189436-512", "PrincipalType": "Group"}, {"RightName": "WriteOwner", "IsInherited": false, "PrincipalSID": "S-1-5-21-1088858960-373806567-254189436-512", "PrincipalType": "Group"}, {"RightName": "WriteDacl", "IsInherited": false, "PrincipalSID": "S-1-5-21-1088858960-373806567-254189436-512", "PrincipalType": "Group"}, {"RightName": "GenericWrite", "IsInherited": false, "PrincipalSID": "S-1-5-21-1088858960-373806567-254189436-519", "PrincipalType": "Group"}, {"RightName": "WriteOwner", "IsInherited": false, "PrincipalSID": "S-1-5-21-1088858960-373806567-254189436-519", "PrincipalType": "Group"}, {"RightName": "WriteDacl", "IsInherited": false, "PrincipalSID": "S-1-5-21-1088858960-373806567-254189436-519", "PrincipalType": "Group"}, {"RightName": "GenericWrite", "IsInherited": false, "PrincipalSID": "ADMINISTRATOR.HTB-S-1-5-32-544", "PrincipalType": "Group"}, {"RightName": "WriteOwner", "IsInherited": false, "PrincipalSID": "ADMINISTRATOR.HTB-S-1-5-32-544", "PrincipalType": "Group"}, {"RightName": "WriteDacl", "IsInherited": false, "PrincipalSID": "ADMINISTRATOR.HTB-S-1-5-32-544", "PrincipalType": "Group"}], "IsDeleted": false, "IsACLProtected": true},{"ObjectIdentifier": "S-1-5-21-1088858960-373806567-254189436-1101", "Properties": {"domain": "ADMINISTRATOR.HTB", "domainsid": "S-1-5-21-1088858960-373806567-254189436", "highvalue": false, "name": "DNSADMINS@ADMINISTRATOR.HTB", "distinguishedname": "CN=DNSADMINS,CN=USERS,DC=ADMINISTRATOR,DC=HTB", "admincount": false, "description": "DNS Administrators Group", "samaccountname": "DnsAdmins", "whencreated": 1728071648}, "Members": [], "Aces": [{"RightName": "GenericAll", "IsInherited": false, "PrincipalSID": "S-1-5-21-1088858960-373806567-254189436-512", "PrincipalType": "Group"}, {"RightName": "GenericAll", "IsInherited": false, "PrincipalSID": "ADMINISTRATOR.HTB-S-1-5-32-548", "PrincipalType": "Group"}, {"RightName": "GenericAll", "IsInherited": true, "PrincipalSID": "S-1-5-21-1088858960-373806567-254189436-519", "PrincipalType": "Group"}, {"RightName": "GenericWrite", "IsInherited": true, "PrincipalSID": "ADMINISTRATOR.HTB-S-1-5-32-544", "PrincipalType": "Group"}, {"RightName": "WriteOwner", "IsInherited": true, "PrincipalSID": "ADMINISTRATOR.HTB-S-1-5-32-544", "PrincipalType": "Group"}, {"RightName": "WriteDacl", "IsInherited": true, "PrincipalSID": "ADMINISTRATOR.HTB-S-1-5-32-544", "PrincipalType": "Group"}], "IsDeleted": false, "IsACLProtected": false},{"ObjectIdentifier": "S-1-5-21-1088858960-373806567-254189436-525", "Properties": {"domain": "ADMINISTRATOR.HTB", "domainsid": "S-1-5-21-1088858960-373806567-254189436", "highvalue": false, "name": "PROTECTED USERS@ADMINISTRATOR.HTB", "distinguishedname": "CN=PROTECTED USERS,CN=USERS,DC=ADMINISTRATOR,DC=HTB", "admincount": false, "description": "Members of this group are afforded additional protections against authentication security threats. See http://go.microsoft.com/fwlink/?LinkId=298939 for more information.", "samaccountname": "Protected Users", "whencreated": 1728071609}, "Members": [], "Aces": [{"RightName": "Owns", "IsInherited": false, "PrincipalSID": "S-1-5-21-1088858960-373806567-254189436-512", "PrincipalType": "Group"}, {"RightName": "GenericAll", "IsInherited": false, "PrincipalSID": "S-1-5-21-1088858960-373806567-254189436-512", "PrincipalType": "Group"}, {"RightName": "GenericAll", "IsInherited": false, "PrincipalSID": "ADMINISTRATOR.HTB-S-1-5-32-548", "PrincipalType": "Group"}, {"RightName": "GenericAll", "IsInherited": true, "PrincipalSID": "S-1-5-21-1088858960-373806567-254189436-519", "PrincipalType": "Group"}, {"RightName": "GenericWrite", "IsInherited": true, "PrincipalSID": "ADMINISTRATOR.HTB-S-1-5-32-544", "PrincipalType": "Group"}, {"RightName": "WriteOwner", "IsInherited": true, "PrincipalSID": "ADMINISTRATOR.HTB-S-1-5-32-544", "PrincipalType": "Group"}, {"RightName": "WriteDacl", "IsInherited": true, "PrincipalSID": "ADMINISTRATOR.HTB-S-1-5-32-544", "PrincipalType": "Group"}], "IsDeleted": false, "IsACLProtected": false},{"ObjectIdentifier": "S-1-5-21-1088858960-373806567-254189436-522", "Properties": {"domain": "ADMINISTRATOR.HTB", "domainsid": "S-1-5-21-1088858960-373806567-254189436", "highvalue": false, "name": "CLONEABLE DOMAIN CONTROLLERS@ADMINISTRATOR.HTB", "distinguishedname": "CN=CLONEABLE DOMAIN CONTROLLERS,CN=USERS,DC=ADMINISTRATOR,DC=HTB", "admincount": false, "description": "Members of this group that are domain controllers may be cloned.", "samaccountname": "Cloneable Domain Controllers", "whencreated": 1728071609}, "Members": [], "Aces": [{"RightName": "Owns", "IsInherited": false, "PrincipalSID": "S-1-5-21-1088858960-373806567-254189436-512", "PrincipalType": "Group"}, {"RightName": "GenericAll", "IsInherited": false, "PrincipalSID": "S-1-5-21-1088858960-373806567-254189436-512", "PrincipalType": "Group"}, {"RightName": "GenericAll", "IsInherited": false, "PrincipalSID": "ADMINISTRATOR.HTB-S-1-5-32-548", "PrincipalType": "Group"}, {"RightName": "GenericAll", "IsInherited": true, "PrincipalSID": "S-1-5-21-1088858960-373806567-254189436-519", "PrincipalType": "Group"}, {"RightName": "GenericWrite", "IsInherited": true, "PrincipalSID": "ADMINISTRATOR.HTB-S-1-5-32-544", "PrincipalType": "Group"}, {"RightName": "WriteOwner", "IsInherited": true, "PrincipalSID": "ADMINISTRATOR.HTB-S-1-5-32-544", "PrincipalType": "Group"}, {"RightName": "WriteDacl", "IsInherited": true, "PrincipalSID": "ADMINISTRATOR.HTB-S-1-5-32-544", "PrincipalType": "Group"}], "IsDeleted": false, "IsACLProtected": false},{"ObjectIdentifier": "S-1-5-21-1088858960-373806567-254189436-498", "Properties": {"domain": "ADMINISTRATOR.HTB", "domainsid": "S-1-5-21-1088858960-373806567-254189436", "highvalue": false, "name": "ENTERPRISE READ-ONLY DOMAIN CONTROLLERS@ADMINISTRATOR.HTB", "distinguishedname": "CN=ENTERPRISE READ-ONLY DOMAIN CONTROLLERS,CN=USERS,DC=ADMINISTRATOR,DC=HTB", "admincount": false, "description": "Members of this group are Read-Only Domain Controllers in the enterprise", "samaccountname": "Enterprise Read-only Domain Controllers", "whencreated": 1728071609}, "Members": [], "Aces": [{"RightName": "Owns", "IsInherited": false, "PrincipalSID": "S-1-5-21-1088858960-373806567-254189436-512", "PrincipalType": "Group"}, {"RightName": "GenericAll", "IsInherited": false, "PrincipalSID": "S-1-5-21-1088858960-373806567-254189436-512", "PrincipalType": "Group"}, {"RightName": "GenericAll", "IsInherited": false, "PrincipalSID": "ADMINISTRATOR.HTB-S-1-5-32-548", "PrincipalType": "Group"}, {"RightName": "GenericAll", "IsInherited": true, "PrincipalSID": "S-1-5-21-1088858960-373806567-254189436-519", "PrincipalType": "Group"}, {"RightName": "GenericWrite", "IsInherited": true, "PrincipalSID": "ADMINISTRATOR.HTB-S-1-5-32-544", "PrincipalType": "Group"}, {"RightName": "WriteOwner", "IsInherited": true, "PrincipalSID": "ADMINISTRATOR.HTB-S-1-5-32-544", "PrincipalType": "Group"}, {"RightName": "WriteDacl", "IsInherited": true, "PrincipalSID": "ADMINISTRATOR.HTB-S-1-5-32-544", "PrincipalType": "Group"}], "IsDeleted": false, "IsACLProtected": false},{"ObjectIdentifier": "S-1-5-21-1088858960-373806567-254189436-521", "Properties": {"domain": "ADMINISTRATOR.HTB", "domainsid": "S-1-5-21-1088858960-373806567-254189436", "highvalue": false, "name": "READ-ONLY DOMAIN CONTROLLERS@ADMINISTRATOR.HTB", "distinguishedname": "CN=READ-ONLY DOMAIN CONTROLLERS,CN=USERS,DC=ADMINISTRATOR,DC=HTB", "admincount": true, "description": "Members of this group are Read-Only Domain Controllers in the domain", "samaccountname": "Read-only Domain Controllers", "whencreated": 1728071609}, "Members": [], "Aces": [{"RightName": "Owns", "IsInherited": false, "PrincipalSID": "S-1-5-21-1088858960-373806567-254189436-512", "PrincipalType": "Group"}, {"RightName": "GenericWrite", "IsInherited": false, "PrincipalSID": "S-1-5-21-1088858960-373806567-254189436-512", "PrincipalType": "Group"}, {"RightName": "WriteOwner", "IsInherited": false, "PrincipalSID": "S-1-5-21-1088858960-373806567-254189436-512", "PrincipalType": "Group"}, {"RightName": "WriteDacl", "IsInherited": false, "PrincipalSID": "S-1-5-21-1088858960-373806567-254189436-512", "PrincipalType": "Group"}, {"RightName": "GenericWrite", "IsInherited": false, "PrincipalSID": "S-1-5-21-1088858960-373806567-254189436-519", "PrincipalType": "Group"}, {"RightName": "WriteOwner", "IsInherited": false, "PrincipalSID": "S-1-5-21-1088858960-373806567-254189436-519", "PrincipalType": "Group"}, {"RightName": "WriteDacl", "IsInherited": false, "PrincipalSID": "S-1-5-21-1088858960-373806567-254189436-519", "PrincipalType": "Group"}, {"RightName": "GenericWrite", "IsInherited": false, "PrincipalSID": "ADMINISTRATOR.HTB-S-1-5-32-544", "PrincipalType": "Group"}, {"RightName": "WriteOwner", "IsInherited": false, "PrincipalSID": "ADMINISTRATOR.HTB-S-1-5-32-544", "PrincipalType": "Group"}, {"RightName": "WriteDacl", "IsInherited": false, "PrincipalSID": "ADMINISTRATOR.HTB-S-1-5-32-544", "PrincipalType": "Group"}], "IsDeleted": false, "IsACLProtected": true},{"ObjectIdentifier": "S-1-5-21-1088858960-373806567-254189436-572", "Properties": {"domain": "ADMINISTRATOR.HTB", "domainsid": "S-1-5-21-1088858960-373806567-254189436", "highvalue": false, "name": "DENIED RODC PASSWORD REPLICATION GROUP@ADMINISTRATOR.HTB", "distinguishedname": "CN=DENIED RODC PASSWORD REPLICATION GROUP,CN=USERS,DC=ADMINISTRATOR,DC=HTB", "admincount": false, "description": "Members in this group cannot have their passwords replicated to any read-only domain controllers in the domain", "samaccountname": "Denied RODC Password Replication Group", "whencreated": 1728071609}, "Members": [{"ObjectIdentifier": "S-1-5-21-1088858960-373806567-254189436-521", "ObjectType": "Group"}, {"ObjectIdentifier": "S-1-5-21-1088858960-373806567-254189436-520", "ObjectType": "Group"}, {"ObjectIdentifier": "S-1-5-21-1088858960-373806567-254189436-512", "ObjectType": "Group"}, {"ObjectIdentifier": "S-1-5-21-1088858960-373806567-254189436-517", "ObjectType": "Group"}, {"ObjectIdentifier": "S-1-5-21-1088858960-373806567-254189436-519", "ObjectType": "Group"}, {"ObjectIdentifier": "S-1-5-21-1088858960-373806567-254189436-518", "ObjectType": "Group"}, {"ObjectIdentifier": "S-1-5-21-1088858960-373806567-254189436-516", "ObjectType": "Group"}, {"ObjectIdentifier": "S-1-5-21-1088858960-373806567-254189436-502", "ObjectType": "User"}], "Aces": [{"RightName": "Owns", "IsInherited": false, "PrincipalSID": "S-1-5-21-1088858960-373806567-254189436-512", "PrincipalType": "Group"}, {"RightName": "GenericAll", "IsInherited": false, "PrincipalSID": "S-1-5-21-1088858960-373806567-254189436-512", "PrincipalType": "Group"}, {"RightName": "GenericAll", "IsInherited": false, "PrincipalSID": "ADMINISTRATOR.HTB-S-1-5-32-548", "PrincipalType": "Group"}, {"RightName": "GenericAll", "IsInherited": true, "PrincipalSID": "S-1-5-21-1088858960-373806567-254189436-519", "PrincipalType": "Group"}, {"RightName": "GenericWrite", "IsInherited": true, "PrincipalSID": "ADMINISTRATOR.HTB-S-1-5-32-544", "PrincipalType": "Group"}, {"RightName": "WriteOwner", "IsInherited": true, "PrincipalSID": "ADMINISTRATOR.HTB-S-1-5-32-544", "PrincipalType": "Group"}, {"RightName": "WriteDacl", "IsInherited": true, "PrincipalSID": "ADMINISTRATOR.HTB-S-1-5-32-544", "PrincipalType": "Group"}], "IsDeleted": false, "IsACLProtected": false},{"ObjectIdentifier": "S-1-5-21-1088858960-373806567-254189436-571", "Properties": {"domain": "ADMINISTRATOR.HTB", "domainsid": "S-1-5-21-1088858960-373806567-254189436", "highvalue": false, "name": "ALLOWED RODC PASSWORD REPLICATION GROUP@ADMINISTRATOR.HTB", "distinguishedname": "CN=ALLOWED RODC PASSWORD REPLICATION GROUP,CN=USERS,DC=ADMINISTRATOR,DC=HTB", "admincount": false, "description": "Members in this group can have their passwords replicated to all read-only domain controllers in the domain", "samaccountname": "Allowed RODC Password Replication Group", "whencreated": 1728071609}, "Members": [], "Aces": [{"RightName": "Owns", "IsInherited": false, "PrincipalSID": "S-1-5-21-1088858960-373806567-254189436-512", "PrincipalType": "Group"}, {"RightName": "GenericAll", "IsInherited": false, "PrincipalSID": "S-1-5-21-1088858960-373806567-254189436-512", "PrincipalType": "Group"}, {"RightName": "GenericAll", "IsInherited": false, "PrincipalSID": "ADMINISTRATOR.HTB-S-1-5-32-548", "PrincipalType": "Group"}, {"RightName": "GenericAll", "IsInherited": true, "PrincipalSID": "S-1-5-21-1088858960-373806567-254189436-519", "PrincipalType": "Group"}, {"RightName": "GenericWrite", "IsInherited": true, "PrincipalSID": "ADMINISTRATOR.HTB-S-1-5-32-544", "PrincipalType": "Group"}, {"RightName": "WriteOwner", "IsInherited": true, "PrincipalSID": "ADMINISTRATOR.HTB-S-1-5-32-544", "PrincipalType": "Group"}, {"RightName": "WriteDacl", "IsInherited": true, "PrincipalSID": "ADMINISTRATOR.HTB-S-1-5-32-544", "PrincipalType": "Group"}], "IsDeleted": false, "IsACLProtected": false},{"ObjectIdentifier": "ADMINISTRATOR.HTB-S-1-5-32-561", "Properties": {"domain": "ADMINISTRATOR.HTB", "domainsid": "S-1-5-21-1088858960-373806567-254189436", "highvalue": false, "name": "TERMINAL SERVER LICENSE SERVERS@ADMINISTRATOR.HTB", "distinguishedname": "CN=TERMINAL SERVER LICENSE SERVERS,CN=BUILTIN,DC=ADMINISTRATOR,DC=HTB", "admincount": false, "description": "Members of this group can update user accounts in Active Directory with information about license issuance, for the purpose of tracking and reporting TS Per User CAL usage", "samaccountname": "Terminal Server License Servers", "whencreated": 1728071608}, "Members": [], "Aces": [{"RightName": "Owns", "IsInherited": false, "PrincipalSID": "S-1-5-21-1088858960-373806567-254189436-512", "PrincipalType": "Group"}, {"RightName": "GenericAll", "IsInherited": false, "PrincipalSID": "S-1-5-21-1088858960-373806567-254189436-512", "PrincipalType": "Group"}, {"RightName": "GenericAll", "IsInherited": false, "PrincipalSID": "ADMINISTRATOR.HTB-S-1-5-32-548", "PrincipalType": "Group"}, {"RightName": "GenericAll", "IsInherited": true, "PrincipalSID": "S-1-5-21-1088858960-373806567-254189436-519", "PrincipalType": "Group"}, {"RightName": "GenericWrite", "IsInherited": true, "PrincipalSID": "ADMINISTRATOR.HTB-S-1-5-32-544", "PrincipalType": "Group"}, {"RightName": "WriteOwner", "IsInherited": true, "PrincipalSID": "ADMINISTRATOR.HTB-S-1-5-32-544", "PrincipalType": "Group"}, {"RightName": "WriteDacl", "IsInherited": true, "PrincipalSID": "ADMINISTRATOR.HTB-S-1-5-32-544", "PrincipalType": "Group"}], "IsDeleted": false, "IsACLProtected": false},{"ObjectIdentifier": "ADMINISTRATOR.HTB-S-1-5-32-560", "Properties": {"domain": "ADMINISTRATOR.HTB", "domainsid": "S-1-5-21-1088858960-373806567-254189436", "highvalue": false, "name": "WINDOWS AUTHORIZATION ACCESS GROUP@ADMINISTRATOR.HTB", "distinguishedname": "CN=WINDOWS AUTHORIZATION ACCESS GROUP,CN=BUILTIN,DC=ADMINISTRATOR,DC=HTB", "admincount": false, "description": "Members of this group have access to the computed tokenGroupsGlobalAndUniversal attribute on User objects", "samaccountname": "Windows Authorization Access Group", "whencreated": 1728071608}, "Members": [{"ObjectIdentifier": "ADMINISTRATOR.HTB-S-1-5-9", "ObjectType": "Group"}], "Aces": [{"RightName": "Owns", "IsInherited": false, "PrincipalSID": "S-1-5-21-1088858960-373806567-254189436-512", "PrincipalType": "Group"}, {"RightName": "GenericAll", "IsInherited": false, "PrincipalSID": "S-1-5-21-1088858960-373806567-254189436-512", "PrincipalType": "Group"}, {"RightName": "GenericAll", "IsInherited": false, "PrincipalSID": "ADMINISTRATOR.HTB-S-1-5-32-548", "PrincipalType": "Group"}, {"RightName": "GenericAll", "IsInherited": true, "PrincipalSID": "S-1-5-21-1088858960-373806567-254189436-519", "PrincipalType": "Group"}, {"RightName": "GenericWrite", "IsInherited": true, "PrincipalSID": "ADMINISTRATOR.HTB-S-1-5-32-544", "PrincipalType": "Group"}, {"RightName": "WriteOwner", "IsInherited": true, "PrincipalSID": "ADMINISTRATOR.HTB-S-1-5-32-544", "PrincipalType": "Group"}, {"RightName": "WriteDacl", "IsInherited": true, "PrincipalSID": "ADMINISTRATOR.HTB-S-1-5-32-544", "PrincipalType": "Group"}], "IsDeleted": false, "IsACLProtected": false},{"ObjectIdentifier": "ADMINISTRATOR.HTB-S-1-5-32-557", "Properties": {"domain": "ADMINISTRATOR.HTB", "domainsid": "S-1-5-21-1088858960-373806567-254189436", "highvalue": false, "name": "INCOMING FOREST TRUST BUILDERS@ADMINISTRATOR.HTB", "distinguishedname": "CN=INCOMING FOREST TRUST BUILDERS,CN=BUILTIN,DC=ADMINISTRATOR,DC=HTB", "admincount": false, "description": "Members of this group can create incoming, one-way trusts to this forest", "samaccountname": "Incoming Forest Trust Builders", "whencreated": 1728071608}, "Members": [], "Aces": [{"RightName": "Owns", "IsInherited": false, "PrincipalSID": "S-1-5-21-1088858960-373806567-254189436-512", "PrincipalType": "Group"}, {"RightName": "GenericAll", "IsInherited": false, "PrincipalSID": "S-1-5-21-1088858960-373806567-254189436-512", "PrincipalType": "Group"}, {"RightName": "GenericAll", "IsInherited": false, "PrincipalSID": "ADMINISTRATOR.HTB-S-1-5-32-548", "PrincipalType": "Group"}, {"RightName": "GenericAll", "IsInherited": true, "PrincipalSID": "S-1-5-21-1088858960-373806567-254189436-519", "PrincipalType": "Group"}, {"RightName": "GenericWrite", "IsInherited": true, "PrincipalSID": "ADMINISTRATOR.HTB-S-1-5-32-544", "PrincipalType": "Group"}, {"RightName": "WriteOwner", "IsInherited": true, "PrincipalSID": "ADMINISTRATOR.HTB-S-1-5-32-544", "PrincipalType": "Group"}, {"RightName": "WriteDacl", "IsInherited": true, "PrincipalSID": "ADMINISTRATOR.HTB-S-1-5-32-544", "PrincipalType": "Group"}], "IsDeleted": false, "IsACLProtected": false},{"ObjectIdentifier": "ADMINISTRATOR.HTB-S-1-5-32-548", "Properties": {"domain": "ADMINISTRATOR.HTB", "domainsid": "S-1-5-21-1088858960-373806567-254189436", "highvalue": true, "name": "ACCOUNT OPERATORS@ADMINISTRATOR.HTB", "distinguishedname": "CN=ACCOUNT OPERATORS,CN=BUILTIN,DC=ADMINISTRATOR,DC=HTB", "admincount": true, "description": "Members can administer domain user and group accounts", "samaccountname": "Account Operators", "whencreated": 1728071608}, "Members": [], "Aces": [{"RightName": "Owns", "IsInherited": false, "PrincipalSID": "S-1-5-21-1088858960-373806567-254189436-512", "PrincipalType": "Group"}, {"RightName": "GenericWrite", "IsInherited": false, "PrincipalSID": "S-1-5-21-1088858960-373806567-254189436-512", "PrincipalType": "Group"}, {"RightName": "WriteOwner", "IsInherited": false, "PrincipalSID": "S-1-5-21-1088858960-373806567-254189436-512", "PrincipalType": "Group"}, {"RightName": "WriteDacl", "IsInherited": false, "PrincipalSID": "S-1-5-21-1088858960-373806567-254189436-512", "PrincipalType": "Group"}, {"RightName": "GenericWrite", "IsInherited": false, "PrincipalSID": "S-1-5-21-1088858960-373806567-254189436-519", "PrincipalType": "Group"}, {"RightName": "WriteOwner", "IsInherited": false, "PrincipalSID": "S-1-5-21-1088858960-373806567-254189436-519", "PrincipalType": "Group"}, {"RightName": "WriteDacl", "IsInherited": false, "PrincipalSID": "S-1-5-21-1088858960-373806567-254189436-519", "PrincipalType": "Group"}, {"RightName": "GenericWrite", "IsInherited": false, "PrincipalSID": "ADMINISTRATOR.HTB-S-1-5-32-544", "PrincipalType": "Group"}, {"RightName": "WriteOwner", "IsInherited": false, "PrincipalSID": "ADMINISTRATOR.HTB-S-1-5-32-544", "PrincipalType": "Group"}, {"RightName": "WriteDacl", "IsInherited": false, "PrincipalSID": "ADMINISTRATOR.HTB-S-1-5-32-544", "PrincipalType": "Group"}], "IsDeleted": false, "IsACLProtected": true},{"ObjectIdentifier": "ADMINISTRATOR.HTB-S-1-5-32-554", "Properties": {"domain": "ADMINISTRATOR.HTB", "domainsid": "S-1-5-21-1088858960-373806567-254189436", "highvalue": false, "name": "PRE-WINDOWS 2000 COMPATIBLE ACCESS@ADMINISTRATOR.HTB", "distinguishedname": "CN=PRE-WINDOWS 2000 COMPATIBLE ACCESS,CN=BUILTIN,DC=ADMINISTRATOR,DC=HTB", "admincount": false, "description": "A backward compatibility group which allows read access on all users and groups in the domain", "samaccountname": "Pre-Windows 2000 Compatible Access", "whencreated": 1728071608}, "Members": [{"ObjectIdentifier": "ADMINISTRATOR.HTB-S-1-5-11", "ObjectType": "Group"}], "Aces": [{"RightName": "Owns", "IsInherited": false, "PrincipalSID": "S-1-5-21-1088858960-373806567-254189436-512", "PrincipalType": "Group"}, {"RightName": "GenericAll", "IsInherited": false, "PrincipalSID": "S-1-5-21-1088858960-373806567-254189436-512", "PrincipalType": "Group"}, {"RightName": "GenericAll", "IsInherited": false, "PrincipalSID": "ADMINISTRATOR.HTB-S-1-5-32-548", "PrincipalType": "Group"}, {"RightName": "GenericAll", "IsInherited": true, "PrincipalSID": "S-1-5-21-1088858960-373806567-254189436-519", "PrincipalType": "Group"}, {"RightName": "GenericWrite", "IsInherited": true, "PrincipalSID": "ADMINISTRATOR.HTB-S-1-5-32-544", "PrincipalType": "Group"}, {"RightName": "WriteOwner", "IsInherited": true, "PrincipalSID": "ADMINISTRATOR.HTB-S-1-5-32-544", "PrincipalType": "Group"}, {"RightName": "WriteDacl", "IsInherited": true, "PrincipalSID": "ADMINISTRATOR.HTB-S-1-5-32-544", "PrincipalType": "Group"}], "IsDeleted": false, "IsACLProtected": false},{"ObjectIdentifier": "ADMINISTRATOR.HTB-S-1-5-32-549", "Properties": {"domain": "ADMINISTRATOR.HTB", "domainsid": "S-1-5-21-1088858960-373806567-254189436", "highvalue": true, "name": "SERVER OPERATORS@ADMINISTRATOR.HTB", "distinguishedname": "CN=SERVER OPERATORS,CN=BUILTIN,DC=ADMINISTRATOR,DC=HTB", "admincount": true, "description": "Members can administer domain servers", "samaccountname": "Server Operators", "whencreated": 1728071608}, "Members": [], "Aces": [{"RightName": "Owns", "IsInherited": false, "PrincipalSID": "S-1-5-21-1088858960-373806567-254189436-512", "PrincipalType": "Group"}, {"RightName": "GenericWrite", "IsInherited": false, "PrincipalSID": "S-1-5-21-1088858960-373806567-254189436-512", "PrincipalType": "Group"}, {"RightName": "WriteOwner", "IsInherited": false, "PrincipalSID": "S-1-5-21-1088858960-373806567-254189436-512", "PrincipalType": "Group"}, {"RightName": "WriteDacl", "IsInherited": false, "PrincipalSID": "S-1-5-21-1088858960-373806567-254189436-512", "PrincipalType": "Group"}, {"RightName": "GenericWrite", "IsInherited": false, "PrincipalSID": "S-1-5-21-1088858960-373806567-254189436-519", "PrincipalType": "Group"}, {"RightName": "WriteOwner", "IsInherited": false, "PrincipalSID": "S-1-5-21-1088858960-373806567-254189436-519", "PrincipalType": "Group"}, {"RightName": "WriteDacl", "IsInherited": false, "PrincipalSID": "S-1-5-21-1088858960-373806567-254189436-519", "PrincipalType": "Group"}, {"RightName": "GenericWrite", "IsInherited": false, "PrincipalSID": "ADMINISTRATOR.HTB-S-1-5-32-544", "PrincipalType": "Group"}, {"RightName": "WriteOwner", "IsInherited": false, "PrincipalSID": "ADMINISTRATOR.HTB-S-1-5-32-544", "PrincipalType": "Group"}, {"RightName": "WriteDacl", "IsInherited": false, "PrincipalSID": "ADMINISTRATOR.HTB-S-1-5-32-544", "PrincipalType": "Group"}], "IsDeleted": false, "IsACLProtected": true},{"ObjectIdentifier": "S-1-5-21-1088858960-373806567-254189436-553", "Properties": {"domain": "ADMINISTRATOR.HTB", "domainsid": "S-1-5-21-1088858960-373806567-254189436", "highvalue": false, "name": "RAS AND IAS SERVERS@ADMINISTRATOR.HTB", "distinguishedname": "CN=RAS AND IAS SERVERS,CN=USERS,DC=ADMINISTRATOR,DC=HTB", "admincount": false, "description": "Servers in this group can access remote access properties of users", "samaccountname": "RAS and IAS Servers", "whencreated": 1728071608}, "Members": [], "Aces": [{"RightName": "Owns", "IsInherited": false, "PrincipalSID": "S-1-5-21-1088858960-373806567-254189436-512", "PrincipalType": "Group"}, {"RightName": "GenericAll", "IsInherited": false, "PrincipalSID": "S-1-5-21-1088858960-373806567-254189436-512", "PrincipalType": "Group"}, {"RightName": "GenericAll", "IsInherited": false, "PrincipalSID": "ADMINISTRATOR.HTB-S-1-5-32-548", "PrincipalType": "Group"}, {"RightName": "GenericAll", "IsInherited": true, "PrincipalSID": "S-1-5-21-1088858960-373806567-254189436-519", "PrincipalType": "Group"}, {"RightName": "GenericWrite", "IsInherited": true, "PrincipalSID": "ADMINISTRATOR.HTB-S-1-5-32-544", "PrincipalType": "Group"}, {"RightName": "WriteOwner", "IsInherited": true, "PrincipalSID": "ADMINISTRATOR.HTB-S-1-5-32-544", "PrincipalType": "Group"}, {"RightName": "WriteDacl", "IsInherited": true, "PrincipalSID": "ADMINISTRATOR.HTB-S-1-5-32-544", "PrincipalType": "Group"}], "IsDeleted": false, "IsACLProtected": false},{"ObjectIdentifier": "S-1-5-21-1088858960-373806567-254189436-520", "Properties": {"domain": "ADMINISTRATOR.HTB", "domainsid": "S-1-5-21-1088858960-373806567-254189436", "highvalue": false, "name": "GROUP POLICY CREATOR OWNERS@ADMINISTRATOR.HTB", "distinguishedname": "CN=GROUP POLICY CREATOR OWNERS,CN=USERS,DC=ADMINISTRATOR,DC=HTB", "admincount": false, "description": "Members in this group can modify group policy for the domain", "samaccountname": "Group Policy Creator Owners", "whencreated": 1728071608}, "Members": [{"ObjectIdentifier": "S-1-5-21-1088858960-373806567-254189436-500", "ObjectType": "User"}], "Aces": [{"RightName": "Owns", "IsInherited": false, "PrincipalSID": "S-1-5-21-1088858960-373806567-254189436-512", "PrincipalType": "Group"}, {"RightName": "GenericAll", "IsInherited": false, "PrincipalSID": "S-1-5-21-1088858960-373806567-254189436-512", "PrincipalType": "Group"}, {"RightName": "GenericAll", "IsInherited": false, "PrincipalSID": "ADMINISTRATOR.HTB-S-1-5-32-548", "PrincipalType": "Group"}, {"RightName": "GenericAll", "IsInherited": true, "PrincipalSID": "S-1-5-21-1088858960-373806567-254189436-519", "PrincipalType": "Group"}, {"RightName": "GenericWrite", "IsInherited": true, "PrincipalSID": "ADMINISTRATOR.HTB-S-1-5-32-544", "PrincipalType": "Group"}, {"RightName": "WriteOwner", "IsInherited": true, "PrincipalSID": "ADMINISTRATOR.HTB-S-1-5-32-544", "PrincipalType": "Group"}, {"RightName": "WriteDacl", "IsInherited": true, "PrincipalSID": "ADMINISTRATOR.HTB-S-1-5-32-544", "PrincipalType": "Group"}], "IsDeleted": false, "IsACLProtected": false},{"ObjectIdentifier": "S-1-5-21-1088858960-373806567-254189436-514", "Properties": {"domain": "ADMINISTRATOR.HTB", "domainsid": "S-1-5-21-1088858960-373806567-254189436", "highvalue": false, "name": "DOMAIN GUESTS@ADMINISTRATOR.HTB", "distinguishedname": "CN=DOMAIN GUESTS,CN=USERS,DC=ADMINISTRATOR,DC=HTB", "admincount": false, "description": "All domain guests", "samaccountname": "Domain Guests", "whencreated": 1728071608}, "Members": [], "Aces": [{"RightName": "Owns", "IsInherited": false, "PrincipalSID": "S-1-5-21-1088858960-373806567-254189436-512", "PrincipalType": "Group"}, {"RightName": "GenericAll", "IsInherited": false, "PrincipalSID": "S-1-5-21-1088858960-373806567-254189436-512", "PrincipalType": "Group"}, {"RightName": "GenericAll", "IsInherited": false, "PrincipalSID": "ADMINISTRATOR.HTB-S-1-5-32-548", "PrincipalType": "Group"}, {"RightName": "GenericAll", "IsInherited": true, "PrincipalSID": "S-1-5-21-1088858960-373806567-254189436-519", "PrincipalType": "Group"}, {"RightName": "GenericWrite", "IsInherited": true, "PrincipalSID": "ADMINISTRATOR.HTB-S-1-5-32-544", "PrincipalType": "Group"}, {"RightName": "WriteOwner", "IsInherited": true, "PrincipalSID": "ADMINISTRATOR.HTB-S-1-5-32-544", "PrincipalType": "Group"}, {"RightName": "WriteDacl", "IsInherited": true, "PrincipalSID": "ADMINISTRATOR.HTB-S-1-5-32-544", "PrincipalType": "Group"}], "IsDeleted": false, "IsACLProtected": false},{"ObjectIdentifier": "S-1-5-21-1088858960-373806567-254189436-513", "Properties": {"domain": "ADMINISTRATOR.HTB", "domainsid": "S-1-5-21-1088858960-373806567-254189436", "highvalue": false, "name": "DOMAIN USERS@ADMINISTRATOR.HTB", "distinguishedname": "CN=DOMAIN USERS,CN=USERS,DC=ADMINISTRATOR,DC=HTB", "admincount": false, "description": "All domain users", "samaccountname": "Domain Users", "whencreated": 1728071608}, "Members": [], "Aces": [{"RightName": "Owns", "IsInherited": false, "PrincipalSID": "S-1-5-21-1088858960-373806567-254189436-512", "PrincipalType": "Group"}, {"RightName": "GenericAll", "IsInherited": false, "PrincipalSID": "S-1-5-21-1088858960-373806567-254189436-512", "PrincipalType": "Group"}, {"RightName": "GenericAll", "IsInherited": false, "PrincipalSID": "ADMINISTRATOR.HTB-S-1-5-32-548", "PrincipalType": "Group"}, {"RightName": "GenericAll", "IsInherited": true, "PrincipalSID": "S-1-5-21-1088858960-373806567-254189436-519", "PrincipalType": "Group"}, {"RightName": "GenericWrite", "IsInherited": true, "PrincipalSID": "ADMINISTRATOR.HTB-S-1-5-32-544", "PrincipalType": "Group"}, {"RightName": "WriteOwner", "IsInherited": true, "PrincipalSID": "ADMINISTRATOR.HTB-S-1-5-32-544", "PrincipalType": "Group"}, {"RightName": "WriteDacl", "IsInherited": true, "PrincipalSID": "ADMINISTRATOR.HTB-S-1-5-32-544", "PrincipalType": "Group"}], "IsDeleted": false, "IsACLProtected": false},{"ObjectIdentifier": "S-1-5-21-1088858960-373806567-254189436-512", "Properties": {"domain": "ADMINISTRATOR.HTB", "domainsid": "S-1-5-21-1088858960-373806567-254189436", "highvalue": true, "name": "DOMAIN ADMINS@ADMINISTRATOR.HTB", "distinguishedname": "CN=DOMAIN ADMINS,CN=USERS,DC=ADMINISTRATOR,DC=HTB", "admincount": true, "description": "Designated administrators of the domain", "samaccountname": "Domain Admins", "whencreated": 1728071608}, "Members": [{"ObjectIdentifier": "S-1-5-21-1088858960-373806567-254189436-500", "ObjectType": "User"}], "Aces": [{"RightName": "Owns", "IsInherited": false, "PrincipalSID": "S-1-5-21-1088858960-373806567-254189436-512", "PrincipalType": "Group"}, {"RightName": "GenericWrite", "IsInherited": false, "PrincipalSID": "S-1-5-21-1088858960-373806567-254189436-512", "PrincipalType": "Group"}, {"RightName": "WriteOwner", "IsInherited": false, "PrincipalSID": "S-1-5-21-1088858960-373806567-254189436-512", "PrincipalType": "Group"}, {"RightName": "WriteDacl", "IsInherited": false, "PrincipalSID": "S-1-5-21-1088858960-373806567-254189436-512", "PrincipalType": "Group"}, {"RightName": "GenericWrite", "IsInherited": false, "PrincipalSID": "S-1-5-21-1088858960-373806567-254189436-519", "PrincipalType": "Group"}, {"RightName": "WriteOwner", "IsInherited": false, "PrincipalSID": "S-1-5-21-1088858960-373806567-254189436-519", "PrincipalType": "Group"}, {"RightName": "WriteDacl", "IsInherited": false, "PrincipalSID": "S-1-5-21-1088858960-373806567-254189436-519", "PrincipalType": "Group"}, {"RightName": "GenericWrite", "IsInherited": false, "PrincipalSID": "ADMINISTRATOR.HTB-S-1-5-32-544", "PrincipalType": "Group"}, {"RightName": "WriteOwner", "IsInherited": false, "PrincipalSID": "ADMINISTRATOR.HTB-S-1-5-32-544", "PrincipalType": "Group"}, {"RightName": "WriteDacl", "IsInherited": false, "PrincipalSID": "ADMINISTRATOR.HTB-S-1-5-32-544", "PrincipalType": "Group"}], "IsDeleted": false, "IsACLProtected": true},{"ObjectIdentifier": "S-1-5-21-1088858960-373806567-254189436-517", "Properties": {"domain": "ADMINISTRATOR.HTB", "domainsid": "S-1-5-21-1088858960-373806567-254189436", "highvalue": false, "name": "CERT PUBLISHERS@ADMINISTRATOR.HTB", "distinguishedname": "CN=CERT PUBLISHERS,CN=USERS,DC=ADMINISTRATOR,DC=HTB", "admincount": false, "description": "Members of this group are permitted to publish certificates to the directory", "samaccountname": "Cert Publishers", "whencreated": 1728071608}, "Members": [], "Aces": [{"RightName": "Owns", "IsInherited": false, "PrincipalSID": "S-1-5-21-1088858960-373806567-254189436-512", "PrincipalType": "Group"}, {"RightName": "GenericAll", "IsInherited": false, "PrincipalSID": "S-1-5-21-1088858960-373806567-254189436-512", "PrincipalType": "Group"}, {"RightName": "GenericAll", "IsInherited": false, "PrincipalSID": "ADMINISTRATOR.HTB-S-1-5-32-548", "PrincipalType": "Group"}, {"RightName": "GenericAll", "IsInherited": true, "PrincipalSID": "S-1-5-21-1088858960-373806567-254189436-519", "PrincipalType": "Group"}, {"RightName": "GenericWrite", "IsInherited": true, "PrincipalSID": "ADMINISTRATOR.HTB-S-1-5-32-544", "PrincipalType": "Group"}, {"RightName": "WriteOwner", "IsInherited": true, "PrincipalSID": "ADMINISTRATOR.HTB-S-1-5-32-544", "PrincipalType": "Group"}, {"RightName": "WriteDacl", "IsInherited": true, "PrincipalSID": "ADMINISTRATOR.HTB-S-1-5-32-544", "PrincipalType": "Group"}], "IsDeleted": false, "IsACLProtected": false},{"ObjectIdentifier": "S-1-5-21-1088858960-373806567-254189436-519", "Properties": {"domain": "ADMINISTRATOR.HTB", "domainsid": "S-1-5-21-1088858960-373806567-254189436", "highvalue": true, "name": "ENTERPRISE ADMINS@ADMINISTRATOR.HTB", "distinguishedname": "CN=ENTERPRISE ADMINS,CN=USERS,DC=ADMINISTRATOR,DC=HTB", "admincount": true, "description": "Designated administrators of the enterprise", "samaccountname": "Enterprise Admins", "whencreated": 1728071608}, "Members": [{"ObjectIdentifier": "S-1-5-21-1088858960-373806567-254189436-500", "ObjectType": "User"}], "Aces": [{"RightName": "Owns", "IsInherited": false, "PrincipalSID": "S-1-5-21-1088858960-373806567-254189436-512", "PrincipalType": "Group"}, {"RightName": "GenericWrite", "IsInherited": false, "PrincipalSID": "S-1-5-21-1088858960-373806567-254189436-512", "PrincipalType": "Group"}, {"RightName": "WriteOwner", "IsInherited": false, "PrincipalSID": "S-1-5-21-1088858960-373806567-254189436-512", "PrincipalType": "Group"}, {"RightName": "WriteDacl", "IsInherited": false, "PrincipalSID": "S-1-5-21-1088858960-373806567-254189436-512", "PrincipalType": "Group"}, {"RightName": "GenericWrite", "IsInherited": false, "PrincipalSID": "S-1-5-21-1088858960-373806567-254189436-519", "PrincipalType": "Group"}, {"RightName": "WriteOwner", "IsInherited": false, "PrincipalSID": "S-1-5-21-1088858960-373806567-254189436-519", "PrincipalType": "Group"}, {"RightName": "WriteDacl", "IsInherited": false, "PrincipalSID": "S-1-5-21-1088858960-373806567-254189436-519", "PrincipalType": "Group"}, {"RightName": "GenericWrite", "IsInherited": false, "PrincipalSID": "ADMINISTRATOR.HTB-S-1-5-32-544", "PrincipalType": "Group"}, {"RightName": "WriteOwner", "IsInherited": false, "PrincipalSID": "ADMINISTRATOR.HTB-S-1-5-32-544", "PrincipalType": "Group"}, {"RightName": "WriteDacl", "IsInherited": false, "PrincipalSID": "ADMINISTRATOR.HTB-S-1-5-32-544", "PrincipalType": "Group"}], "IsDeleted": false, "IsACLProtected": true},{"ObjectIdentifier": "S-1-5-21-1088858960-373806567-254189436-518", "Properties": {"domain": "ADMINISTRATOR.HTB", "domainsid": "S-1-5-21-1088858960-373806567-254189436", "highvalue": false, "name": "SCHEMA ADMINS@ADMINISTRATOR.HTB", "distinguishedname": "CN=SCHEMA ADMINS,CN=USERS,DC=ADMINISTRATOR,DC=HTB", "admincount": true, "description": "Designated administrators of the schema", "samaccountname": "Schema Admins", "whencreated": 1728071608}, "Members": [{"ObjectIdentifier": "S-1-5-21-1088858960-373806567-254189436-500", "ObjectType": "User"}], "Aces": [{"RightName": "Owns", "IsInherited": false, "PrincipalSID": "S-1-5-21-1088858960-373806567-254189436-512", "PrincipalType": "Group"}, {"RightName": "GenericWrite", "IsInherited": false, "PrincipalSID": "S-1-5-21-1088858960-373806567-254189436-512", "PrincipalType": "Group"}, {"RightName": "WriteOwner", "IsInherited": false, "PrincipalSID": "S-1-5-21-1088858960-373806567-254189436-512", "PrincipalType": "Group"}, {"RightName": "WriteDacl", "IsInherited": false, "PrincipalSID": "S-1-5-21-1088858960-373806567-254189436-512", "PrincipalType": "Group"}, {"RightName": "GenericWrite", "IsInherited": false, "PrincipalSID": "S-1-5-21-1088858960-373806567-254189436-519", "PrincipalType": "Group"}, {"RightName": "WriteOwner", "IsInherited": false, "PrincipalSID": "S-1-5-21-1088858960-373806567-254189436-519", "PrincipalType": "Group"}, {"RightName": "WriteDacl", "IsInherited": false, "PrincipalSID": "S-1-5-21-1088858960-373806567-254189436-519", "PrincipalType": "Group"}, {"RightName": "GenericWrite", "IsInherited": false, "PrincipalSID": "ADMINISTRATOR.HTB-S-1-5-32-544", "PrincipalType": "Group"}, {"RightName": "WriteOwner", "IsInherited": false, "PrincipalSID": "ADMINISTRATOR.HTB-S-1-5-32-544", "PrincipalType": "Group"}, {"RightName": "WriteDacl", "IsInherited": false, "PrincipalSID": "ADMINISTRATOR.HTB-S-1-5-32-544", "PrincipalType": "Group"}], "IsDeleted": false, "IsACLProtected": true},{"ObjectIdentifier": "S-1-5-21-1088858960-373806567-254189436-516", "Properties": {"domain": "ADMINISTRATOR.HTB", "domainsid": "S-1-5-21-1088858960-373806567-254189436", "highvalue": true, "name": "DOMAIN CONTROLLERS@ADMINISTRATOR.HTB", "distinguishedname": "CN=DOMAIN CONTROLLERS,CN=USERS,DC=ADMINISTRATOR,DC=HTB", "admincount": true, "description": "All domain controllers in the domain", "samaccountname": "Domain Controllers", "whencreated": 1728071608}, "Members": [], "Aces": [{"RightName": "Owns", "IsInherited": false, "PrincipalSID": "S-1-5-21-1088858960-373806567-254189436-512", "PrincipalType": "Group"}, {"RightName": "GenericWrite", "IsInherited": false, "PrincipalSID": "S-1-5-21-1088858960-373806567-254189436-512", "PrincipalType": "Group"}, {"RightName": "WriteOwner", "IsInherited": false, "PrincipalSID": "S-1-5-21-1088858960-373806567-254189436-512", "PrincipalType": "Group"}, {"RightName": "WriteDacl", "IsInherited": false, "PrincipalSID": "S-1-5-21-1088858960-373806567-254189436-512", "PrincipalType": "Group"}, {"RightName": "GenericWrite", "IsInherited": false, "PrincipalSID": "S-1-5-21-1088858960-373806567-254189436-519", "PrincipalType": "Group"}, {"RightName": "WriteOwner", "IsInherited": false, "PrincipalSID": "S-1-5-21-1088858960-373806567-254189436-519", "PrincipalType": "Group"}, {"RightName": "WriteDacl", "IsInherited": false, "PrincipalSID": "S-1-5-21-1088858960-373806567-254189436-519", "PrincipalType": "Group"}, {"RightName": "GenericWrite", "IsInherited": false, "PrincipalSID": "ADMINISTRATOR.HTB-S-1-5-32-544", "PrincipalType": "Group"}, {"RightName": "WriteOwner", "IsInherited": false, "PrincipalSID": "ADMINISTRATOR.HTB-S-1-5-32-544", "PrincipalType": "Group"}, {"RightName": "WriteDacl", "IsInherited": false, "PrincipalSID": "ADMINISTRATOR.HTB-S-1-5-32-544", "PrincipalType": "Group"}], "IsDeleted": false, "IsACLProtected": true},{"ObjectIdentifier": "ADMINISTRATOR.HTB-S-1-5-32-582", "Properties": {"domain": "ADMINISTRATOR.HTB", "domainsid": "S-1-5-21-1088858960-373806567-254189436", "highvalue": false, "name": "STORAGE REPLICA ADMINISTRATORS@ADMINISTRATOR.HTB", "distinguishedname": "CN=STORAGE REPLICA ADMINISTRATORS,CN=BUILTIN,DC=ADMINISTRATOR,DC=HTB", "admincount": false, "description": "Members of this group have complete and unrestricted access to all features of Storage Replica.", "samaccountname": "Storage Replica Administrators", "whencreated": 1728071311}, "Members": [], "Aces": [{"RightName": "Owns", "IsInherited": false, "PrincipalSID": "ADMINISTRATOR.HTB-S-1-5-32-544", "PrincipalType": "Group"}, {"RightName": "GenericAll", "IsInherited": false, "PrincipalSID": "S-1-5-21-1088858960-373806567-254189436-512", "PrincipalType": "Group"}, {"RightName": "GenericAll", "IsInherited": false, "PrincipalSID": "ADMINISTRATOR.HTB-S-1-5-32-548", "PrincipalType": "Group"}, {"RightName": "GenericAll", "IsInherited": true, "PrincipalSID": "S-1-5-21-1088858960-373806567-254189436-519", "PrincipalType": "Group"}, {"RightName": "GenericWrite", "IsInherited": true, "PrincipalSID": "ADMINISTRATOR.HTB-S-1-5-32-544", "PrincipalType": "Group"}, {"RightName": "WriteOwner", "IsInherited": true, "PrincipalSID": "ADMINISTRATOR.HTB-S-1-5-32-544", "PrincipalType": "Group"}, {"RightName": "WriteDacl", "IsInherited": true, "PrincipalSID": "ADMINISTRATOR.HTB-S-1-5-32-544", "PrincipalType": "Group"}], "IsDeleted": false, "IsACLProtected": false},{"ObjectIdentifier": "ADMINISTRATOR.HTB-S-1-5-32-580", "Properties": {"domain": "ADMINISTRATOR.HTB", "domainsid": "S-1-5-21-1088858960-373806567-254189436", "highvalue": false, "name": "REMOTE MANAGEMENT USERS@ADMINISTRATOR.HTB", "distinguishedname": "CN=REMOTE MANAGEMENT USERS,CN=BUILTIN,DC=ADMINISTRATOR,DC=HTB", "admincount": false, "description": "Members of this group can access WMI resources over management protocols (such as WS-Management via the Windows Remote Management service). This applies only to WMI namespaces that grant access to the user.", "samaccountname": "Remote Management Users", "whencreated": 1728071311}, "Members": [{"ObjectIdentifier": "S-1-5-21-1088858960-373806567-254189436-1112", "ObjectType": "User"}, {"ObjectIdentifier": "S-1-5-21-1088858960-373806567-254189436-1109", "ObjectType": "User"}, {"ObjectIdentifier": "S-1-5-21-1088858960-373806567-254189436-1108", "ObjectType": "User"}], "Aces": [{"RightName": "Owns", "IsInherited": false, "PrincipalSID": "ADMINISTRATOR.HTB-S-1-5-32-544", "PrincipalType": "Group"}, {"RightName": "GenericAll", "IsInherited": false, "PrincipalSID": "S-1-5-21-1088858960-373806567-254189436-512", "PrincipalType": "Group"}, {"RightName": "GenericAll", "IsInherited": false, "PrincipalSID": "ADMINISTRATOR.HTB-S-1-5-32-548", "PrincipalType": "Group"}, {"RightName": "GenericAll", "IsInherited": true, "PrincipalSID": "S-1-5-21-1088858960-373806567-254189436-519", "PrincipalType": "Group"}, {"RightName": "GenericWrite", "IsInherited": true, "PrincipalSID": "ADMINISTRATOR.HTB-S-1-5-32-544", "PrincipalType": "Group"}, {"RightName": "WriteOwner", "IsInherited": true, "PrincipalSID": "ADMINISTRATOR.HTB-S-1-5-32-544", "PrincipalType": "Group"}, {"RightName": "WriteDacl", "IsInherited": true, "PrincipalSID": "ADMINISTRATOR.HTB-S-1-5-32-544", "PrincipalType": "Group"}], "IsDeleted": false, "IsACLProtected": false},{"ObjectIdentifier": "ADMINISTRATOR.HTB-S-1-5-32-579", "Properties": {"domain": "ADMINISTRATOR.HTB", "domainsid": "S-1-5-21-1088858960-373806567-254189436", "highvalue": false, "name": "ACCESS CONTROL ASSISTANCE OPERATORS@ADMINISTRATOR.HTB", "distinguishedname": "CN=ACCESS CONTROL ASSISTANCE OPERATORS,CN=BUILTIN,DC=ADMINISTRATOR,DC=HTB", "admincount": false, "description": "Members of this group can remotely query authorization attributes and permissions for resources on this computer.", "samaccountname": "Access Control Assistance Operators", "whencreated": 1728071311}, "Members": [], "Aces": [{"RightName": "Owns", "IsInherited": false, "PrincipalSID": "ADMINISTRATOR.HTB-S-1-5-32-544", "PrincipalType": "Group"}, {"RightName": "GenericAll", "IsInherited": false, "PrincipalSID": "S-1-5-21-1088858960-373806567-254189436-512", "PrincipalType": "Group"}, {"RightName": "GenericAll", "IsInherited": false, "PrincipalSID": "ADMINISTRATOR.HTB-S-1-5-32-548", "PrincipalType": "Group"}, {"RightName": "GenericAll", "IsInherited": true, "PrincipalSID": "S-1-5-21-1088858960-373806567-254189436-519", "PrincipalType": "Group"}, {"RightName": "GenericWrite", "IsInherited": true, "PrincipalSID": "ADMINISTRATOR.HTB-S-1-5-32-544", "PrincipalType": "Group"}, {"RightName": "WriteOwner", "IsInherited": true, "PrincipalSID": "ADMINISTRATOR.HTB-S-1-5-32-544", "PrincipalType": "Group"}, {"RightName": "WriteDacl", "IsInherited": true, "PrincipalSID": "ADMINISTRATOR.HTB-S-1-5-32-544", "PrincipalType": "Group"}], "IsDeleted": false, "IsACLProtected": false},{"ObjectIdentifier": "S-1-5-21-1088858960-373806567-254189436-515", "Properties": {"domain": "ADMINISTRATOR.HTB", "domainsid": "S-1-5-21-1088858960-373806567-254189436", "highvalue": false, "name": "DOMAIN COMPUTERS@ADMINISTRATOR.HTB", "distinguishedname": "CN=DOMAIN COMPUTERS,CN=USERS,DC=ADMINISTRATOR,DC=HTB", "admincount": false, "description": "All workstations and servers joined to the domain", "samaccountname": "Domain Computers", "whencreated": 1728071608}, "Members": [], "Aces": [{"RightName": "Owns", "IsInherited": false, "PrincipalSID": "S-1-5-21-1088858960-373806567-254189436-512", "PrincipalType": "Group"}, {"RightName": "GenericAll", "IsInherited": false, "PrincipalSID": "S-1-5-21-1088858960-373806567-254189436-512", "PrincipalType": "Group"}, {"RightName": "GenericAll", "IsInherited": false, "PrincipalSID": "ADMINISTRATOR.HTB-S-1-5-32-548", "PrincipalType": "Group"}, {"RightName": "GenericAll", "IsInherited": true, "PrincipalSID": "S-1-5-21-1088858960-373806567-254189436-519", "PrincipalType": "Group"}, {"RightName": "GenericWrite", "IsInherited": true, "PrincipalSID": "ADMINISTRATOR.HTB-S-1-5-32-544", "PrincipalType": "Group"}, {"RightName": "WriteOwner", "IsInherited": true, "PrincipalSID": "ADMINISTRATOR.HTB-S-1-5-32-544", "PrincipalType": "Group"}, {"RightName": "WriteDacl", "IsInherited": true, "PrincipalSID": "ADMINISTRATOR.HTB-S-1-5-32-544", "PrincipalType": "Group"}], "IsDeleted": false, "IsACLProtected": false},{"ObjectIdentifier": "ADMINISTRATOR.HTB-S-1-5-32-578", "Properties": {"domain": "ADMINISTRATOR.HTB", "domainsid": "S-1-5-21-1088858960-373806567-254189436", "highvalue": false, "name": "HYPER-V ADMINISTRATORS@ADMINISTRATOR.HTB", "distinguishedname": "CN=HYPER-V ADMINISTRATORS,CN=BUILTIN,DC=ADMINISTRATOR,DC=HTB", "admincount": false, "description": "Members of this group have complete and unrestricted access to all features of Hyper-V.", "samaccountname": "Hyper-V Administrators", "whencreated": 1728071311}, "Members": [], "Aces": [{"RightName": "Owns", "IsInherited": false, "PrincipalSID": "ADMINISTRATOR.HTB-S-1-5-32-544", "PrincipalType": "Group"}, {"RightName": "GenericAll", "IsInherited": false, "PrincipalSID": "S-1-5-21-1088858960-373806567-254189436-512", "PrincipalType": "Group"}, {"RightName": "GenericAll", "IsInherited": false, "PrincipalSID": "ADMINISTRATOR.HTB-S-1-5-32-548", "PrincipalType": "Group"}, {"RightName": "GenericAll", "IsInherited": true, "PrincipalSID": "S-1-5-21-1088858960-373806567-254189436-519", "PrincipalType": "Group"}, {"RightName": "GenericWrite", "IsInherited": true, "PrincipalSID": "ADMINISTRATOR.HTB-S-1-5-32-544", "PrincipalType": "Group"}, {"RightName": "WriteOwner", "IsInherited": true, "PrincipalSID": "ADMINISTRATOR.HTB-S-1-5-32-544", "PrincipalType": "Group"}, {"RightName": "WriteDacl", "IsInherited": true, "PrincipalSID": "ADMINISTRATOR.HTB-S-1-5-32-544", "PrincipalType": "Group"}], "IsDeleted": false, "IsACLProtected": false},{"ObjectIdentifier": "ADMINISTRATOR.HTB-S-1-5-32-577", "Properties": {"domain": "ADMINISTRATOR.HTB", "domainsid": "S-1-5-21-1088858960-373806567-254189436", "highvalue": false, "name": "RDS MANAGEMENT SERVERS@ADMINISTRATOR.HTB", "distinguishedname": "CN=RDS MANAGEMENT SERVERS,CN=BUILTIN,DC=ADMINISTRATOR,DC=HTB", "admincount": false, "description": "Servers in this group can perform routine administrative actions on servers running Remote Desktop Services. This group needs to be populated on all servers in a Remote Desktop Services deployment. The servers running the RDS Central Management service must be included in this group.", "samaccountname": "RDS Management Servers", "whencreated": 1728071311}, "Members": [], "Aces": [{"RightName": "Owns", "IsInherited": false, "PrincipalSID": "ADMINISTRATOR.HTB-S-1-5-32-544", "PrincipalType": "Group"}, {"RightName": "GenericAll", "IsInherited": false, "PrincipalSID": "S-1-5-21-1088858960-373806567-254189436-512", "PrincipalType": "Group"}, {"RightName": "GenericAll", "IsInherited": false, "PrincipalSID": "ADMINISTRATOR.HTB-S-1-5-32-548", "PrincipalType": "Group"}, {"RightName": "GenericAll", "IsInherited": true, "PrincipalSID": "S-1-5-21-1088858960-373806567-254189436-519", "PrincipalType": "Group"}, {"RightName": "GenericWrite", "IsInherited": true, "PrincipalSID": "ADMINISTRATOR.HTB-S-1-5-32-544", "PrincipalType": "Group"}, {"RightName": "WriteOwner", "IsInherited": true, "PrincipalSID": "ADMINISTRATOR.HTB-S-1-5-32-544", "PrincipalType": "Group"}, {"RightName": "WriteDacl", "IsInherited": true, "PrincipalSID": "ADMINISTRATOR.HTB-S-1-5-32-544", "PrincipalType": "Group"}], "IsDeleted": false, "IsACLProtected": false},{"ObjectIdentifier": "ADMINISTRATOR.HTB-S-1-5-32-576", "Properties": {"domain": "ADMINISTRATOR.HTB", "domainsid": "S-1-5-21-1088858960-373806567-254189436", "highvalue": false, "name": "RDS ENDPOINT SERVERS@ADMINISTRATOR.HTB", "distinguishedname": "CN=RDS ENDPOINT SERVERS,CN=BUILTIN,DC=ADMINISTRATOR,DC=HTB", "admincount": false, "description": "Servers in this group run virtual machines and host sessions where users RemoteApp programs and personal virtual desktops run. This group needs to be populated on servers running RD Connection Broker. RD Session Host servers and RD Virtualization Host servers used in the deployment need to be in this group.", "samaccountname": "RDS Endpoint Servers", "whencreated": 1728071311}, "Members": [], "Aces": [{"RightName": "Owns", "IsInherited": false, "PrincipalSID": "ADMINISTRATOR.HTB-S-1-5-32-544", "PrincipalType": "Group"}, {"RightName": "GenericAll", "IsInherited": false, "PrincipalSID": "S-1-5-21-1088858960-373806567-254189436-512", "PrincipalType": "Group"}, {"RightName": "GenericAll", "IsInherited": false, "PrincipalSID": "ADMINISTRATOR.HTB-S-1-5-32-548", "PrincipalType": "Group"}, {"RightName": "GenericAll", "IsInherited": true, "PrincipalSID": "S-1-5-21-1088858960-373806567-254189436-519", "PrincipalType": "Group"}, {"RightName": "GenericWrite", "IsInherited": true, "PrincipalSID": "ADMINISTRATOR.HTB-S-1-5-32-544", "PrincipalType": "Group"}, {"RightName": "WriteOwner", "IsInherited": true, "PrincipalSID": "ADMINISTRATOR.HTB-S-1-5-32-544", "PrincipalType": "Group"}, {"RightName": "WriteDacl", "IsInherited": true, "PrincipalSID": "ADMINISTRATOR.HTB-S-1-5-32-544", "PrincipalType": "Group"}], "IsDeleted": false, "IsACLProtected": false},{"ObjectIdentifier": "ADMINISTRATOR.HTB-S-1-5-32-575", "Properties": {"domain": "ADMINISTRATOR.HTB", "domainsid": "S-1-5-21-1088858960-373806567-254189436", "highvalue": false, "name": "RDS REMOTE ACCESS SERVERS@ADMINISTRATOR.HTB", "distinguishedname": "CN=RDS REMOTE ACCESS SERVERS,CN=BUILTIN,DC=ADMINISTRATOR,DC=HTB", "admincount": false, "description": "Servers in this group enable users of RemoteApp programs and personal virtual desktops access to these resources. In Internet-facing deployments, these servers are typically deployed in an edge network. This group needs to be populated on servers running RD Connection Broker. RD Gateway servers and RD Web Access servers used in the deployment need to be in this group.", "samaccountname": "RDS Remote Access Servers", "whencreated": 1728071311}, "Members": [], "Aces": [{"RightName": "Owns", "IsInherited": false, "PrincipalSID": "ADMINISTRATOR.HTB-S-1-5-32-544", "PrincipalType": "Group"}, {"RightName": "GenericAll", "IsInherited": false, "PrincipalSID": "S-1-5-21-1088858960-373806567-254189436-512", "PrincipalType": "Group"}, {"RightName": "GenericAll", "IsInherited": false, "PrincipalSID": "ADMINISTRATOR.HTB-S-1-5-32-548", "PrincipalType": "Group"}, {"RightName": "GenericAll", "IsInherited": true, "PrincipalSID": "S-1-5-21-1088858960-373806567-254189436-519", "PrincipalType": "Group"}, {"RightName": "GenericWrite", "IsInherited": true, "PrincipalSID": "ADMINISTRATOR.HTB-S-1-5-32-544", "PrincipalType": "Group"}, {"RightName": "WriteOwner", "IsInherited": true, "PrincipalSID": "ADMINISTRATOR.HTB-S-1-5-32-544", "PrincipalType": "Group"}, {"RightName": "WriteDacl", "IsInherited": true, "PrincipalSID": "ADMINISTRATOR.HTB-S-1-5-32-544", "PrincipalType": "Group"}], "IsDeleted": false, "IsACLProtected": false},{"ObjectIdentifier": "ADMINISTRATOR.HTB-S-1-5-32-574", "Properties": {"domain": "ADMINISTRATOR.HTB", "domainsid": "S-1-5-21-1088858960-373806567-254189436", "highvalue": false, "name": "CERTIFICATE SERVICE DCOM ACCESS@ADMINISTRATOR.HTB", "distinguishedname": "CN=CERTIFICATE SERVICE DCOM ACCESS,CN=BUILTIN,DC=ADMINISTRATOR,DC=HTB", "admincount": false, "description": "Members of this group are allowed to connect to Certification Authorities in the enterprise", "samaccountname": "Certificate Service DCOM Access", "whencreated": 1728071311}, "Members": [], "Aces": [{"RightName": "Owns", "IsInherited": false, "PrincipalSID": "ADMINISTRATOR.HTB-S-1-5-32-544", "PrincipalType": "Group"}, {"RightName": "GenericAll", "IsInherited": false, "PrincipalSID": "S-1-5-21-1088858960-373806567-254189436-512", "PrincipalType": "Group"}, {"RightName": "GenericAll", "IsInherited": false, "PrincipalSID": "ADMINISTRATOR.HTB-S-1-5-32-548", "PrincipalType": "Group"}, {"RightName": "GenericAll", "IsInherited": true, "PrincipalSID": "S-1-5-21-1088858960-373806567-254189436-519", "PrincipalType": "Group"}, {"RightName": "GenericWrite", "IsInherited": true, "PrincipalSID": "ADMINISTRATOR.HTB-S-1-5-32-544", "PrincipalType": "Group"}, {"RightName": "WriteOwner", "IsInherited": true, "PrincipalSID": "ADMINISTRATOR.HTB-S-1-5-32-544", "PrincipalType": "Group"}, {"RightName": "WriteDacl", "IsInherited": true, "PrincipalSID": "ADMINISTRATOR.HTB-S-1-5-32-544", "PrincipalType": "Group"}], "IsDeleted": false, "IsACLProtected": false},{"ObjectIdentifier": "ADMINISTRATOR.HTB-S-1-5-32-573", "Properties": {"domain": "ADMINISTRATOR.HTB", "domainsid": "S-1-5-21-1088858960-373806567-254189436", "highvalue": false, "name": "EVENT LOG READERS@ADMINISTRATOR.HTB", "distinguishedname": "CN=EVENT LOG READERS,CN=BUILTIN,DC=ADMINISTRATOR,DC=HTB", "admincount": false, "description": "Members of this group can read event logs from local machine", "samaccountname": "Event Log Readers", "whencreated": 1728071311}, "Members": [], "Aces": [{"RightName": "Owns", "IsInherited": false, "PrincipalSID": "ADMINISTRATOR.HTB-S-1-5-32-544", "PrincipalType": "Group"}, {"RightName": "GenericAll", "IsInherited": false, "PrincipalSID": "S-1-5-21-1088858960-373806567-254189436-512", "PrincipalType": "Group"}, {"RightName": "GenericAll", "IsInherited": false, "PrincipalSID": "ADMINISTRATOR.HTB-S-1-5-32-548", "PrincipalType": "Group"}, {"RightName": "GenericAll", "IsInherited": true, "PrincipalSID": "S-1-5-21-1088858960-373806567-254189436-519", "PrincipalType": "Group"}, {"RightName": "GenericWrite", "IsInherited": true, "PrincipalSID": "ADMINISTRATOR.HTB-S-1-5-32-544", "PrincipalType": "Group"}, {"RightName": "WriteOwner", "IsInherited": true, "PrincipalSID": "ADMINISTRATOR.HTB-S-1-5-32-544", "PrincipalType": "Group"}, {"RightName": "WriteDacl", "IsInherited": true, "PrincipalSID": "ADMINISTRATOR.HTB-S-1-5-32-544", "PrincipalType": "Group"}], "IsDeleted": false, "IsACLProtected": false},{"ObjectIdentifier": "ADMINISTRATOR.HTB-S-1-5-32-569", "Properties": {"domain": "ADMINISTRATOR.HTB", "domainsid": "S-1-5-21-1088858960-373806567-254189436", "highvalue": false, "name": "CRYPTOGRAPHIC OPERATORS@ADMINISTRATOR.HTB", "distinguishedname": "CN=CRYPTOGRAPHIC OPERATORS,CN=BUILTIN,DC=ADMINISTRATOR,DC=HTB", "admincount": false, "description": "Members are authorized to perform cryptographic operations.", "samaccountname": "Cryptographic Operators", "whencreated": 1728071311}, "Members": [], "Aces": [{"RightName": "Owns", "IsInherited": false, "PrincipalSID": "ADMINISTRATOR.HTB-S-1-5-32-544", "PrincipalType": "Group"}, {"RightName": "GenericAll", "IsInherited": false, "PrincipalSID": "S-1-5-21-1088858960-373806567-254189436-512", "PrincipalType": "Group"}, {"RightName": "GenericAll", "IsInherited": false, "PrincipalSID": "ADMINISTRATOR.HTB-S-1-5-32-548", "PrincipalType": "Group"}, {"RightName": "GenericAll", "IsInherited": true, "PrincipalSID": "S-1-5-21-1088858960-373806567-254189436-519", "PrincipalType": "Group"}, {"RightName": "GenericWrite", "IsInherited": true, "PrincipalSID": "ADMINISTRATOR.HTB-S-1-5-32-544", "PrincipalType": "Group"}, {"RightName": "WriteOwner", "IsInherited": true, "PrincipalSID": "ADMINISTRATOR.HTB-S-1-5-32-544", "PrincipalType": "Group"}, {"RightName": "WriteDacl", "IsInherited": true, "PrincipalSID": "ADMINISTRATOR.HTB-S-1-5-32-544", "PrincipalType": "Group"}], "IsDeleted": false, "IsACLProtected": false},{"ObjectIdentifier": "ADMINISTRATOR.HTB-S-1-5-32-568", "Properties": {"domain": "ADMINISTRATOR.HTB", "domainsid": "S-1-5-21-1088858960-373806567-254189436", "highvalue": false, "name": "IIS_IUSRS@ADMINISTRATOR.HTB", "distinguishedname": "CN=IIS_IUSRS,CN=BUILTIN,DC=ADMINISTRATOR,DC=HTB", "admincount": false, "description": "Built-in group used by Internet Information Services.", "samaccountname": "IIS_IUSRS", "whencreated": 1728071311}, "Members": [], "Aces": [{"RightName": "Owns", "IsInherited": false, "PrincipalSID": "ADMINISTRATOR.HTB-S-1-5-32-544", "PrincipalType": "Group"}, {"RightName": "GenericAll", "IsInherited": false, "PrincipalSID": "S-1-5-21-1088858960-373806567-254189436-512", "PrincipalType": "Group"}, {"RightName": "GenericAll", "IsInherited": false, "PrincipalSID": "ADMINISTRATOR.HTB-S-1-5-32-548", "PrincipalType": "Group"}, {"RightName": "GenericAll", "IsInherited": true, "PrincipalSID": "S-1-5-21-1088858960-373806567-254189436-519", "PrincipalType": "Group"}, {"RightName": "GenericWrite", "IsInherited": true, "PrincipalSID": "ADMINISTRATOR.HTB-S-1-5-32-544", "PrincipalType": "Group"}, {"RightName": "WriteOwner", "IsInherited": true, "PrincipalSID": "ADMINISTRATOR.HTB-S-1-5-32-544", "PrincipalType": "Group"}, {"RightName": "WriteDacl", "IsInherited": true, "PrincipalSID": "ADMINISTRATOR.HTB-S-1-5-32-544", "PrincipalType": "Group"}], "IsDeleted": false, "IsACLProtected": false},{"ObjectIdentifier": "ADMINISTRATOR.HTB-S-1-5-32-562", "Properties": {"domain": "ADMINISTRATOR.HTB", "domainsid": "S-1-5-21-1088858960-373806567-254189436", "highvalue": false, "name": "DISTRIBUTED COM USERS@ADMINISTRATOR.HTB", "distinguishedname": "CN=DISTRIBUTED COM USERS,CN=BUILTIN,DC=ADMINISTRATOR,DC=HTB", "admincount": false, "description": "Members are allowed to launch, activate and use Distributed COM objects on this machine.", "samaccountname": "Distributed COM Users", "whencreated": 1728071311}, "Members": [], "Aces": [{"RightName": "Owns", "IsInherited": false, "PrincipalSID": "ADMINISTRATOR.HTB-S-1-5-32-544", "PrincipalType": "Group"}, {"RightName": "GenericAll", "IsInherited": false, "PrincipalSID": "S-1-5-21-1088858960-373806567-254189436-512", "PrincipalType": "Group"}, {"RightName": "GenericAll", "IsInherited": false, "PrincipalSID": "ADMINISTRATOR.HTB-S-1-5-32-548", "PrincipalType": "Group"}, {"RightName": "GenericAll", "IsInherited": true, "PrincipalSID": "S-1-5-21-1088858960-373806567-254189436-519", "PrincipalType": "Group"}, {"RightName": "GenericWrite", "IsInherited": true, "PrincipalSID": "ADMINISTRATOR.HTB-S-1-5-32-544", "PrincipalType": "Group"}, {"RightName": "WriteOwner", "IsInherited": true, "PrincipalSID": "ADMINISTRATOR.HTB-S-1-5-32-544", "PrincipalType": "Group"}, {"RightName": "WriteDacl", "IsInherited": true, "PrincipalSID": "ADMINISTRATOR.HTB-S-1-5-32-544", "PrincipalType": "Group"}], "IsDeleted": false, "IsACLProtected": false},{"ObjectIdentifier": "ADMINISTRATOR.HTB-S-1-5-32-559", "Properties": {"domain": "ADMINISTRATOR.HTB", "domainsid": "S-1-5-21-1088858960-373806567-254189436", "highvalue": false, "name": "PERFORMANCE LOG USERS@ADMINISTRATOR.HTB", "distinguishedname": "CN=PERFORMANCE LOG USERS,CN=BUILTIN,DC=ADMINISTRATOR,DC=HTB", "admincount": false, "description": "Members of this group may schedule logging of performance counters, enable trace providers, and collect event traces both locally and via remote access to this computer", "samaccountname": "Performance Log Users", "whencreated": 1728071311}, "Members": [], "Aces": [{"RightName": "Owns", "IsInherited": false, "PrincipalSID": "ADMINISTRATOR.HTB-S-1-5-32-544", "PrincipalType": "Group"}, {"RightName": "GenericAll", "IsInherited": false, "PrincipalSID": "S-1-5-21-1088858960-373806567-254189436-512", "PrincipalType": "Group"}, {"RightName": "GenericAll", "IsInherited": false, "PrincipalSID": "ADMINISTRATOR.HTB-S-1-5-32-548", "PrincipalType": "Group"}, {"RightName": "GenericAll", "IsInherited": true, "PrincipalSID": "S-1-5-21-1088858960-373806567-254189436-519", "PrincipalType": "Group"}, {"RightName": "GenericWrite", "IsInherited": true, "PrincipalSID": "ADMINISTRATOR.HTB-S-1-5-32-544", "PrincipalType": "Group"}, {"RightName": "WriteOwner", "IsInherited": true, "PrincipalSID": "ADMINISTRATOR.HTB-S-1-5-32-544", "PrincipalType": "Group"}, {"RightName": "WriteDacl", "IsInherited": true, "PrincipalSID": "ADMINISTRATOR.HTB-S-1-5-32-544", "PrincipalType": "Group"}], "IsDeleted": false, "IsACLProtected": false},{"ObjectIdentifier": "ADMINISTRATOR.HTB-S-1-5-32-558", "Properties": {"domain": "ADMINISTRATOR.HTB", "domainsid": "S-1-5-21-1088858960-373806567-254189436", "highvalue": false, "name": "PERFORMANCE MONITOR USERS@ADMINISTRATOR.HTB", "distinguishedname": "CN=PERFORMANCE MONITOR USERS,CN=BUILTIN,DC=ADMINISTRATOR,DC=HTB", "admincount": false, "description": "Members of this group can access performance counter data locally and remotely", "samaccountname": "Performance Monitor Users", "whencreated": 1728071311}, "Members": [], "Aces": [{"RightName": "Owns", "IsInherited": false, "PrincipalSID": "ADMINISTRATOR.HTB-S-1-5-32-544", "PrincipalType": "Group"}, {"RightName": "GenericAll", "IsInherited": false, "PrincipalSID": "S-1-5-21-1088858960-373806567-254189436-512", "PrincipalType": "Group"}, {"RightName": "GenericAll", "IsInherited": false, "PrincipalSID": "ADMINISTRATOR.HTB-S-1-5-32-548", "PrincipalType": "Group"}, {"RightName": "GenericAll", "IsInherited": true, "PrincipalSID": "S-1-5-21-1088858960-373806567-254189436-519", "PrincipalType": "Group"}, {"RightName": "GenericWrite", "IsInherited": true, "PrincipalSID": "ADMINISTRATOR.HTB-S-1-5-32-544", "PrincipalType": "Group"}, {"RightName": "WriteOwner", "IsInherited": true, "PrincipalSID": "ADMINISTRATOR.HTB-S-1-5-32-544", "PrincipalType": "Group"}, {"RightName": "WriteDacl", "IsInherited": true, "PrincipalSID": "ADMINISTRATOR.HTB-S-1-5-32-544", "PrincipalType": "Group"}], "IsDeleted": false, "IsACLProtected": false},{"ObjectIdentifier": "ADMINISTRATOR.HTB-S-1-5-32-556", "Properties": {"domain": "ADMINISTRATOR.HTB", "domainsid": "S-1-5-21-1088858960-373806567-254189436", "highvalue": false, "name": "NETWORK CONFIGURATION OPERATORS@ADMINISTRATOR.HTB", "distinguishedname": "CN=NETWORK CONFIGURATION OPERATORS,CN=BUILTIN,DC=ADMINISTRATOR,DC=HTB", "admincount": false, "description": "Members in this group can have some administrative privileges to manage configuration of networking features", "samaccountname": "Network Configuration Operators", "whencreated": 1728071311}, "Members": [], "Aces": [{"RightName": "Owns", "IsInherited": false, "PrincipalSID": "ADMINISTRATOR.HTB-S-1-5-32-544", "PrincipalType": "Group"}, {"RightName": "GenericAll", "IsInherited": false, "PrincipalSID": "S-1-5-21-1088858960-373806567-254189436-512", "PrincipalType": "Group"}, {"RightName": "GenericAll", "IsInherited": false, "PrincipalSID": "ADMINISTRATOR.HTB-S-1-5-32-548", "PrincipalType": "Group"}, {"RightName": "GenericAll", "IsInherited": true, "PrincipalSID": "S-1-5-21-1088858960-373806567-254189436-519", "PrincipalType": "Group"}, {"RightName": "GenericWrite", "IsInherited": true, "PrincipalSID": "ADMINISTRATOR.HTB-S-1-5-32-544", "PrincipalType": "Group"}, {"RightName": "WriteOwner", "IsInherited": true, "PrincipalSID": "ADMINISTRATOR.HTB-S-1-5-32-544", "PrincipalType": "Group"}, {"RightName": "WriteDacl", "IsInherited": true, "PrincipalSID": "ADMINISTRATOR.HTB-S-1-5-32-544", "PrincipalType": "Group"}], "IsDeleted": false, "IsACLProtected": false},{"ObjectIdentifier": "ADMINISTRATOR.HTB-S-1-5-32-555", "Properties": {"domain": "ADMINISTRATOR.HTB", "domainsid": "S-1-5-21-1088858960-373806567-254189436", "highvalue": false, "name": "REMOTE DESKTOP USERS@ADMINISTRATOR.HTB", "distinguishedname": "CN=REMOTE DESKTOP USERS,CN=BUILTIN,DC=ADMINISTRATOR,DC=HTB", "admincount": false, "description": "Members in this group are granted the right to logon remotely", "samaccountname": "Remote Desktop Users", "whencreated": 1728071311}, "Members": [], "Aces": [{"RightName": "Owns", "IsInherited": false, "PrincipalSID": "ADMINISTRATOR.HTB-S-1-5-32-544", "PrincipalType": "Group"}, {"RightName": "GenericAll", "IsInherited": false, "PrincipalSID": "S-1-5-21-1088858960-373806567-254189436-512", "PrincipalType": "Group"}, {"RightName": "GenericAll", "IsInherited": false, "PrincipalSID": "ADMINISTRATOR.HTB-S-1-5-32-548", "PrincipalType": "Group"}, {"RightName": "GenericAll", "IsInherited": true, "PrincipalSID": "S-1-5-21-1088858960-373806567-254189436-519", "PrincipalType": "Group"}, {"RightName": "GenericWrite", "IsInherited": true, "PrincipalSID": "ADMINISTRATOR.HTB-S-1-5-32-544", "PrincipalType": "Group"}, {"RightName": "WriteOwner", "IsInherited": true, "PrincipalSID": "ADMINISTRATOR.HTB-S-1-5-32-544", "PrincipalType": "Group"}, {"RightName": "WriteDacl", "IsInherited": true, "PrincipalSID": "ADMINISTRATOR.HTB-S-1-5-32-544", "PrincipalType": "Group"}], "IsDeleted": false, "IsACLProtected": false},{"ObjectIdentifier": "ADMINISTRATOR.HTB-S-1-5-32-552", "Properties": {"domain": "ADMINISTRATOR.HTB", "domainsid": "S-1-5-21-1088858960-373806567-254189436", "highvalue": false, "name": "REPLICATOR@ADMINISTRATOR.HTB", "distinguishedname": "CN=REPLICATOR,CN=BUILTIN,DC=ADMINISTRATOR,DC=HTB", "admincount": true, "description": "Supports file replication in a domain", "samaccountname": "Replicator", "whencreated": 1728071311}, "Members": [], "Aces": [{"RightName": "Owns", "IsInherited": false, "PrincipalSID": "S-1-5-21-1088858960-373806567-254189436-512", "PrincipalType": "Group"}, {"RightName": "GenericWrite", "IsInherited": false, "PrincipalSID": "S-1-5-21-1088858960-373806567-254189436-512", "PrincipalType": "Group"}, {"RightName": "WriteOwner", "IsInherited": false, "PrincipalSID": "S-1-5-21-1088858960-373806567-254189436-512", "PrincipalType": "Group"}, {"RightName": "WriteDacl", "IsInherited": false, "PrincipalSID": "S-1-5-21-1088858960-373806567-254189436-512", "PrincipalType": "Group"}, {"RightName": "GenericWrite", "IsInherited": false, "PrincipalSID": "S-1-5-21-1088858960-373806567-254189436-519", "PrincipalType": "Group"}, {"RightName": "WriteOwner", "IsInherited": false, "PrincipalSID": "S-1-5-21-1088858960-373806567-254189436-519", "PrincipalType": "Group"}, {"RightName": "WriteDacl", "IsInherited": false, "PrincipalSID": "S-1-5-21-1088858960-373806567-254189436-519", "PrincipalType": "Group"}, {"RightName": "GenericWrite", "IsInherited": false, "PrincipalSID": "ADMINISTRATOR.HTB-S-1-5-32-544", "PrincipalType": "Group"}, {"RightName": "WriteOwner", "IsInherited": false, "PrincipalSID": "ADMINISTRATOR.HTB-S-1-5-32-544", "PrincipalType": "Group"}, {"RightName": "WriteDacl", "IsInherited": false, "PrincipalSID": "ADMINISTRATOR.HTB-S-1-5-32-544", "PrincipalType": "Group"}], "IsDeleted": false, "IsACLProtected": true},{"ObjectIdentifier": "ADMINISTRATOR.HTB-S-1-5-32-551", "Properties": {"domain": "ADMINISTRATOR.HTB", "domainsid": "S-1-5-21-1088858960-373806567-254189436", "highvalue": true, "name": "BACKUP OPERATORS@ADMINISTRATOR.HTB", "distinguishedname": "CN=BACKUP OPERATORS,CN=BUILTIN,DC=ADMINISTRATOR,DC=HTB", "admincount": true, "description": "Backup Operators can override security restrictions for the sole purpose of backing up or restoring files", "samaccountname": "Backup Operators", "whencreated": 1728071311}, "Members": [], "Aces": [{"RightName": "Owns", "IsInherited": false, "PrincipalSID": "S-1-5-21-1088858960-373806567-254189436-512", "PrincipalType": "Group"}, {"RightName": "GenericWrite", "IsInherited": false, "PrincipalSID": "S-1-5-21-1088858960-373806567-254189436-512", "PrincipalType": "Group"}, {"RightName": "WriteOwner", "IsInherited": false, "PrincipalSID": "S-1-5-21-1088858960-373806567-254189436-512", "PrincipalType": "Group"}, {"RightName": "WriteDacl", "IsInherited": false, "PrincipalSID": "S-1-5-21-1088858960-373806567-254189436-512", "PrincipalType": "Group"}, {"RightName": "GenericWrite", "IsInherited": false, "PrincipalSID": "S-1-5-21-1088858960-373806567-254189436-519", "PrincipalType": "Group"}, {"RightName": "WriteOwner", "IsInherited": false, "PrincipalSID": "S-1-5-21-1088858960-373806567-254189436-519", "PrincipalType": "Group"}, {"RightName": "WriteDacl", "IsInherited": false, "PrincipalSID": "S-1-5-21-1088858960-373806567-254189436-519", "PrincipalType": "Group"}, {"RightName": "GenericWrite", "IsInherited": false, "PrincipalSID": "ADMINISTRATOR.HTB-S-1-5-32-544", "PrincipalType": "Group"}, {"RightName": "WriteOwner", "IsInherited": false, "PrincipalSID": "ADMINISTRATOR.HTB-S-1-5-32-544", "PrincipalType": "Group"}, {"RightName": "WriteDacl", "IsInherited": false, "PrincipalSID": "ADMINISTRATOR.HTB-S-1-5-32-544", "PrincipalType": "Group"}], "IsDeleted": false, "IsACLProtected": true},{"ObjectIdentifier": "ADMINISTRATOR.HTB-S-1-5-32-550", "Properties": {"domain": "ADMINISTRATOR.HTB", "domainsid": "S-1-5-21-1088858960-373806567-254189436", "highvalue": true, "name": "PRINT OPERATORS@ADMINISTRATOR.HTB", "distinguishedname": "CN=PRINT OPERATORS,CN=BUILTIN,DC=ADMINISTRATOR,DC=HTB", "admincount": true, "description": "Members can administer printers installed on domain controllers", "samaccountname": "Print Operators", "whencreated": 1728071311}, "Members": [], "Aces": [{"RightName": "Owns", "IsInherited": false, "PrincipalSID": "S-1-5-21-1088858960-373806567-254189436-512", "PrincipalType": "Group"}, {"RightName": "GenericWrite", "IsInherited": false, "PrincipalSID": "S-1-5-21-1088858960-373806567-254189436-512", "PrincipalType": "Group"}, {"RightName": "WriteOwner", "IsInherited": false, "PrincipalSID": "S-1-5-21-1088858960-373806567-254189436-512", "PrincipalType": "Group"}, {"RightName": "WriteDacl", "IsInherited": false, "PrincipalSID": "S-1-5-21-1088858960-373806567-254189436-512", "PrincipalType": "Group"}, {"RightName": "GenericWrite", "IsInherited": false, "PrincipalSID": "S-1-5-21-1088858960-373806567-254189436-519", "PrincipalType": "Group"}, {"RightName": "WriteOwner", "IsInherited": false, "PrincipalSID": "S-1-5-21-1088858960-373806567-254189436-519", "PrincipalType": "Group"}, {"RightName": "WriteDacl", "IsInherited": false, "PrincipalSID": "S-1-5-21-1088858960-373806567-254189436-519", "PrincipalType": "Group"}, {"RightName": "GenericWrite", "IsInherited": false, "PrincipalSID": "ADMINISTRATOR.HTB-S-1-5-32-544", "PrincipalType": "Group"}, {"RightName": "WriteOwner", "IsInherited": false, "PrincipalSID": "ADMINISTRATOR.HTB-S-1-5-32-544", "PrincipalType": "Group"}, {"RightName": "WriteDacl", "IsInherited": false, "PrincipalSID": "ADMINISTRATOR.HTB-S-1-5-32-544", "PrincipalType": "Group"}], "IsDeleted": false, "IsACLProtected": true},{"ObjectIdentifier": "ADMINISTRATOR.HTB-S-1-5-32-546", "Properties": {"domain": "ADMINISTRATOR.HTB", "domainsid": "S-1-5-21-1088858960-373806567-254189436", "highvalue": false, "name": "GUESTS@ADMINISTRATOR.HTB", "distinguishedname": "CN=GUESTS,CN=BUILTIN,DC=ADMINISTRATOR,DC=HTB", "admincount": false, "description": "Guests have the same access as members of the Users group by default, except for the Guest account which is further restricted", "samaccountname": "Guests", "whencreated": 1728071311}, "Members": [{"ObjectIdentifier": "S-1-5-21-1088858960-373806567-254189436-514", "ObjectType": "Group"}, {"ObjectIdentifier": "S-1-5-21-1088858960-373806567-254189436-501", "ObjectType": "User"}], "Aces": [{"RightName": "Owns", "IsInherited": false, "PrincipalSID": "ADMINISTRATOR.HTB-S-1-5-32-544", "PrincipalType": "Group"}, {"RightName": "GenericAll", "IsInherited": false, "PrincipalSID": "S-1-5-21-1088858960-373806567-254189436-512", "PrincipalType": "Group"}, {"RightName": "GenericAll", "IsInherited": false, "PrincipalSID": "ADMINISTRATOR.HTB-S-1-5-32-548", "PrincipalType": "Group"}, {"RightName": "GenericAll", "IsInherited": true, "PrincipalSID": "S-1-5-21-1088858960-373806567-254189436-519", "PrincipalType": "Group"}, {"RightName": "GenericWrite", "IsInherited": true, "PrincipalSID": "ADMINISTRATOR.HTB-S-1-5-32-544", "PrincipalType": "Group"}, {"RightName": "WriteOwner", "IsInherited": true, "PrincipalSID": "ADMINISTRATOR.HTB-S-1-5-32-544", "PrincipalType": "Group"}, {"RightName": "WriteDacl", "IsInherited": true, "PrincipalSID": "ADMINISTRATOR.HTB-S-1-5-32-544", "PrincipalType": "Group"}], "IsDeleted": false, "IsACLProtected": false},{"ObjectIdentifier": "ADMINISTRATOR.HTB-S-1-5-32-544", "Properties": {"domain": "ADMINISTRATOR.HTB", "domainsid": "S-1-5-21-1088858960-373806567-254189436", "highvalue": true, "name": "ADMINISTRATORS@ADMINISTRATOR.HTB", "distinguishedname": "CN=ADMINISTRATORS,CN=BUILTIN,DC=ADMINISTRATOR,DC=HTB", "admincount": true, "description": "Administrators have complete and unrestricted access to the computer/domain", "samaccountname": "Administrators", "whencreated": 1728071311}, "Members": [{"ObjectIdentifier": "S-1-5-21-1088858960-373806567-254189436-512", "ObjectType": "Group"}, {"ObjectIdentifier": "S-1-5-21-1088858960-373806567-254189436-519", "ObjectType": "Group"}, {"ObjectIdentifier": "S-1-5-21-1088858960-373806567-254189436-500", "ObjectType": "User"}], "Aces": [{"RightName": "Owns", "IsInherited": false, "PrincipalSID": "S-1-5-21-1088858960-373806567-254189436-512", "PrincipalType": "Group"}, {"RightName": "GenericWrite", "IsInherited": false, "PrincipalSID": "S-1-5-21-1088858960-373806567-254189436-512", "PrincipalType": "Group"}, {"RightName": "WriteOwner", "IsInherited": false, "PrincipalSID": "S-1-5-21-1088858960-373806567-254189436-512", "PrincipalType": "Group"}, {"RightName": "WriteDacl", "IsInherited": false, "PrincipalSID": "S-1-5-21-1088858960-373806567-254189436-512", "PrincipalType": "Group"}, {"RightName": "GenericWrite", "IsInherited": false, "PrincipalSID": "S-1-5-21-1088858960-373806567-254189436-519", "PrincipalType": "Group"}, {"RightName": "WriteOwner", "IsInherited": false, "PrincipalSID": "S-1-5-21-1088858960-373806567-254189436-519", "PrincipalType": "Group"}, {"RightName": "WriteDacl", "IsInherited": false, "PrincipalSID": "S-1-5-21-1088858960-373806567-254189436-519", "PrincipalType": "Group"}, {"RightName": "GenericWrite", "IsInherited": false, "PrincipalSID": "ADMINISTRATOR.HTB-S-1-5-32-544", "PrincipalType": "Group"}, {"RightName": "WriteOwner", "IsInherited": false, "PrincipalSID": "ADMINISTRATOR.HTB-S-1-5-32-544", "PrincipalType": "Group"}, {"RightName": "WriteDacl", "IsInherited": false, "PrincipalSID": "ADMINISTRATOR.HTB-S-1-5-32-544", "PrincipalType": "Group"}], "IsDeleted": false, "IsACLProtected": true},{"ObjectIdentifier": "ADMINISTRATOR.HTB-S-1-5-32-545", "Properties": {"domain": "ADMINISTRATOR.HTB", "domainsid": "S-1-5-21-1088858960-373806567-254189436", "highvalue": false, "name": "USERS@ADMINISTRATOR.HTB", "distinguishedname": "CN=USERS,CN=BUILTIN,DC=ADMINISTRATOR,DC=HTB", "admincount": false, "description": "Users are prevented from making accidental or intentional system-wide changes and can run most applications", "samaccountname": "Users", "whencreated": 1728071311}, "Members": [{"ObjectIdentifier": "S-1-5-21-1088858960-373806567-254189436-513", "ObjectType": "Group"}, {"ObjectIdentifier": "ADMINISTRATOR.HTB-S-1-5-11", "ObjectType": "Group"}, {"ObjectIdentifier": "ADMINISTRATOR.HTB-S-1-5-4", "ObjectType": "Group"}], "Aces": [{"RightName": "Owns", "IsInherited": false, "PrincipalSID": "ADMINISTRATOR.HTB-S-1-5-32-544", "PrincipalType": "Group"}, {"RightName": "GenericAll", "IsInherited": false, "PrincipalSID": "S-1-5-21-1088858960-373806567-254189436-512", "PrincipalType": "Group"}, {"RightName": "GenericAll", "IsInherited": false, "PrincipalSID": "ADMINISTRATOR.HTB-S-1-5-32-548", "PrincipalType": "Group"}, {"RightName": "GenericAll", "IsInherited": true, "PrincipalSID": "S-1-5-21-1088858960-373806567-254189436-519", "PrincipalType": "Group"}, {"RightName": "GenericWrite", "IsInherited": true, "PrincipalSID": "ADMINISTRATOR.HTB-S-1-5-32-544", "PrincipalType": "Group"}, {"RightName": "WriteOwner", "IsInherited": true, "PrincipalSID": "ADMINISTRATOR.HTB-S-1-5-32-544", "PrincipalType": "Group"}, {"RightName": "WriteDacl", "IsInherited": true, "PrincipalSID": "ADMINISTRATOR.HTB-S-1-5-32-544", "PrincipalType": "Group"}], "IsDeleted": false, "IsACLProtected": false},{"IsDeleted": false, "IsACLProtected": false, "ObjectIdentifier": "ADMINISTRATOR.HTB-S-1-5-9", "Properties": {"domain": "ADMINISTRATOR.HTB", "name": "ENTERPRISE DOMAIN CONTROLLERS@ADMINISTRATOR.HTB"}, "Members": [{"ObjectIdentifier": "S-1-5-21-1088858960-373806567-254189436-1000", "ObjectType": "Computer"}], "Aces": []},{"IsDeleted": false, "IsACLProtected": false, "ObjectIdentifier": "ADMINISTRATOR.HTB-S-1-1-0", "Properties": {"domain": "ADMINISTRATOR.HTB", "domainsid": "S-1-5-21-1088858960-373806567-254189436", "name": "EVERYONE@ADMINISTRATOR.HTB"}, "Members": [], "Aces": []},{"IsDeleted": false, "IsACLProtected": false, "ObjectIdentifier": "ADMINISTRATOR.HTB-S-1-5-11", "Properties": {"domain": "ADMINISTRATOR.HTB", "domainsid": "S-1-5-21-1088858960-373806567-254189436", "name": "AUTHENTICATED USERS@ADMINISTRATOR.HTB"}, "Members": [], "Aces": []},{"IsDeleted": false, "IsACLProtected": false, "ObjectIdentifier": "ADMINISTRATOR.HTB-S-1-5-4", "Properties": {"domain": "ADMINISTRATOR.HTB", "domainsid": "S-1-5-21-1088858960-373806567-254189436", "name": "INTERACTIVE@ADMINISTRATOR.HTB"}, "Members": [], "Aces": []}],"meta":{"methods":0,"type":"groups","count":53, "version":5}}