{"data":[{"Properties":{"domain":"CERTIFICATE.HTB","name":"WS-01.CERTIFICATE.HTB","distinguishedname":"CN=WS-01,CN=COMPUTERS,DC=CERTIFICATE,DC=HTB","domainsid":"S-1-5-21-515537669-4223687196-3249690583","samaccountname":"WS-01$","haslaps":false,"doesanyacegrantownerrights":false,"doesanyinheritedacegrantownerrights":false,"isaclprotected":false,"whencreated":1730674179,"enabled":true,"unconstraineddelegation":false,"trustedtoauth":false,"isdc":false,"encryptedtextpwdallowed":false,"usedeskeyonly":false,"logonscriptenabled":false,"lockedout":false,"passwordexpired":false,"supportedencryptiontypes":["RC4-HMAC-MD5","AES128-CTS-HMAC-SHA1-96","AES256-CTS-HMAC-SHA1-96"],"lastlogon":1732687899,"lastlogontimestamp":1732411020,"pwdlastset":1730674179,"serviceprincipalnames":["WSMAN/WS-01","WSMAN/WS-01.certificate.htb","RestrictedKrbHost/WS-01.certificate.htb","HOST/WS-01.certificate.htb","RestrictedKrbHost/WS-01","HOST/WS-01"],"email":null,"useraccountcontrol":4096,"operatingsystem":"Windows Server 2019 Standard Evaluation","sidhistory":[]},"PrimaryGroupSID":"S-1-5-21-515537669-4223687196-3249690583-515","AllowedToDelegate":[],"AllowedToAct":[],"HasSIDHistory":[],"DumpSMSAPassword":[],"Sessions":{"Results":[],"Collected":false,"FailureReason":null},"PrivilegedSessions":{"Results":[],"Collected":false,"FailureReason":null},"RegistrySessions":{"Results":[],"Collected":false,"FailureReason":null},"LocalGroups":[],"UserRights":[],"DCRegistryData":{"CertificateMappingMethods":null,"StrongCertificateBindingEnforcement":null},"Status":{"Connectable":false,"Error":"NotActive"},"IsDC":false,"UnconstrainedDelegation":false,"DomainSID":"S-1-5-21-515537669-4223687196-3249690583","IsWebClientRunning":null,"SmbInfo":null,"NtlmSessions":null,"NTLMRegistryData":null,"Aces":[{"PrincipalSID":"S-1-5-21-515537669-4223687196-3249690583-512","PrincipalType":"Group","RightName":"Owns","IsInherited":false,"InheritanceHash":""},{"PrincipalSID":"CERTIFICATE.HTB-S-1-5-32-548","PrincipalType":"Group","RightName":"GenericAll","IsInherited":false,"InheritanceHash":""},{"PrincipalSID":"S-1-5-21-515537669-4223687196-3249690583-512","PrincipalType":"Group","RightName":"GenericAll","IsInherited":false,"InheritanceHash":""},{"PrincipalSID":"S-1-5-21-515537669-4223687196-3249690583-512","PrincipalType":"Group","RightName":"WriteAccountRestrictions","IsInherited":false,"InheritanceHash":""},{"PrincipalSID":"S-1-5-21-515537669-4223687196-3249690583-526","PrincipalType":"Group","RightName":"AddKeyCredentialLink","IsInherited":true,"InheritanceHash":"600B47DCA4EBFC6653152E01C47DE23A371340BB"},{"PrincipalSID":"S-1-5-21-515537669-4223687196-3249690583-527","PrincipalType":"Group","RightName":"AddKeyCredentialLink","IsInherited":true,"InheritanceHash":"6AC3AF2D3BB79BA8F1F08F5DC9CAE806D3FB0781"},{"PrincipalSID":"S-1-5-21-515537669-4223687196-3249690583-519","PrincipalType":"Group","RightName":"GenericAll","IsInherited":true,"InheritanceHash":"13E8665D6D7B06B5A77B1D76A88C9B985C34A1DB"},{"PrincipalSID":"CERTIFICATE.HTB-S-1-5-32-544","PrincipalType":"Group","RightName":"WriteDacl","IsInherited":true,"InheritanceHash":"62C26D4FB3FF64505B03CDD35D648DFBC6C157CC"},{"PrincipalSID":"CERTIFICATE.HTB-S-1-5-32-544","PrincipalType":"Group","RightName":"WriteOwner","IsInherited":true,"InheritanceHash":"62C26D4FB3FF64505B03CDD35D648DFBC6C157CC"},{"PrincipalSID":"CERTIFICATE.HTB-S-1-5-32-544","PrincipalType":"Group","RightName":"GenericWrite","IsInherited":true,"InheritanceHash":"62C26D4FB3FF64505B03CDD35D648DFBC6C157CC"}],"ObjectIdentifier":"S-1-5-21-515537669-4223687196-3249690583-1103","IsDeleted":false,"IsACLProtected":false,"ContainedBy":{"ObjectIdentifier":"834BE1AA-BE04-441F-85C1-B50B7FD27A36","ObjectType":"Container"}},{"Properties":{"domain":"CERTIFICATE.HTB","name":"WS-05.CERTIFICATE.HTB","distinguishedname":"CN=WS-05,CN=COMPUTERS,DC=CERTIFICATE,DC=HTB","domainsid":"S-1-5-21-515537669-4223687196-3249690583","samaccountname":"WS-05$","haslaps":false,"doesanyacegrantownerrights":false,"doesanyinheritedacegrantownerrights":false,"isaclprotected":false,"whencreated":1735594186,"enabled":true,"unconstraineddelegation":false,"trustedtoauth":false,"isdc":false,"encryptedtextpwdallowed":false,"usedeskeyonly":false,"logonscriptenabled":false,"lockedout":false,"passwordexpired":false,"supportedencryptiontypes":["RC4-HMAC-MD5","AES128-CTS-HMAC-SHA1-96","AES256-CTS-HMAC-SHA1-96"],"lastlogon":1735611417,"lastlogontimestamp":1735594186,"pwdlastset":1735594186,"serviceprincipalnames":["WSMAN/WS-05","WSMAN/WS-05.certificate.htb","RestrictedKrbHost/WS-05.certificate.htb","HOST/WS-05.certificate.htb","RestrictedKrbHost/WS-05","HOST/WS-05"],"email":null,"useraccountcontrol":4096,"operatingsystem":"Windows Server 2019 Standard Evaluation","sidhistory":[]},"PrimaryGroupSID":"S-1-5-21-515537669-4223687196-3249690583-515","AllowedToDelegate":[],"AllowedToAct":[],"HasSIDHistory":[],"DumpSMSAPassword":[],"Sessions":{"Results":[],"Collected":false,"FailureReason":null},"PrivilegedSessions":{"Results":[],"Collected":false,"FailureReason":null},"RegistrySessions":{"Results":[],"Collected":false,"FailureReason":null},"LocalGroups":[],"UserRights":[],"DCRegistryData":{"CertificateMappingMethods":null,"StrongCertificateBindingEnforcement":null},"Status":{"Connectable":false,"Error":"NotActive"},"IsDC":false,"UnconstrainedDelegation":false,"DomainSID":"S-1-5-21-515537669-4223687196-3249690583","IsWebClientRunning":null,"SmbInfo":null,"NtlmSessions":null,"NTLMRegistryData":null,"Aces":[{"PrincipalSID":"S-1-5-21-515537669-4223687196-3249690583-512","PrincipalType":"Group","RightName":"Owns","IsInherited":false,"InheritanceHash":""},{"PrincipalSID":"CERTIFICATE.HTB-S-1-5-32-548","PrincipalType":"Group","RightName":"GenericAll","IsInherited":false,"InheritanceHash":""},{"PrincipalSID":"S-1-5-21-515537669-4223687196-3249690583-512","PrincipalType":"Group","RightName":"GenericAll","IsInherited":false,"InheritanceHash":""},{"PrincipalSID":"S-1-5-21-515537669-4223687196-3249690583-512","PrincipalType":"Group","RightName":"WriteAccountRestrictions","IsInherited":false,"InheritanceHash":""},{"PrincipalSID":"S-1-5-21-515537669-4223687196-3249690583-526","PrincipalType":"Group","RightName":"AddKeyCredentialLink","IsInherited":true,"InheritanceHash":"600B47DCA4EBFC6653152E01C47DE23A371340BB"},{"PrincipalSID":"S-1-5-21-515537669-4223687196-3249690583-527","PrincipalType":"Group","RightName":"AddKeyCredentialLink","IsInherited":true,"InheritanceHash":"6AC3AF2D3BB79BA8F1F08F5DC9CAE806D3FB0781"},{"PrincipalSID":"S-1-5-21-515537669-4223687196-3249690583-519","PrincipalType":"Group","RightName":"GenericAll","IsInherited":true,"InheritanceHash":"13E8665D6D7B06B5A77B1D76A88C9B985C34A1DB"},{"PrincipalSID":"CERTIFICATE.HTB-S-1-5-32-544","PrincipalType":"Group","RightName":"WriteDacl","IsInherited":true,"InheritanceHash":"62C26D4FB3FF64505B03CDD35D648DFBC6C157CC"},{"PrincipalSID":"CERTIFICATE.HTB-S-1-5-32-544","PrincipalType":"Group","RightName":"WriteOwner","IsInherited":true,"InheritanceHash":"62C26D4FB3FF64505B03CDD35D648DFBC6C157CC"},{"PrincipalSID":"CERTIFICATE.HTB-S-1-5-32-544","PrincipalType":"Group","RightName":"GenericWrite","IsInherited":true,"InheritanceHash":"62C26D4FB3FF64505B03CDD35D648DFBC6C157CC"}],"ObjectIdentifier":"S-1-5-21-515537669-4223687196-3249690583-1131","IsDeleted":false,"IsACLProtected":false,"ContainedBy":{"ObjectIdentifier":"834BE1AA-BE04-441F-85C1-B50B7FD27A36","ObjectType":"Container"}},{"Properties":{"domain":"CERTIFICATE.HTB","name":"DC01.CERTIFICATE.HTB","distinguishedname":"CN=DC01,OU=DOMAIN CONTROLLERS,DC=CERTIFICATE,DC=HTB","domainsid":"S-1-5-21-515537669-4223687196-3249690583","samaccountname":"DC01$","haslaps":false,"doesanyacegrantownerrights":false,"doesanyinheritedacegrantownerrights":false,"isaclprotected":false,"whencreated":1730625872,"enabled":true,"unconstraineddelegation":true,"trustedtoauth":false,"isdc":true,"encryptedtextpwdallowed":false,"usedeskeyonly":false,"logonscriptenabled":false,"lockedout":false,"passwordexpired":false,"supportedencryptiontypes":["RC4-HMAC-MD5","AES128-CTS-HMAC-SHA1-96","AES256-CTS-HMAC-SHA1-96"],"lastlogon":1748866265,"lastlogontimestamp":1748865955,"pwdlastset":1744177040,"serviceprincipalnames":["Dfsr-12F9A27C-BF97-4787-9364-D31B6C55EB04/DC01.certificate.htb","ldap/DC01.certificate.htb/ForestDnsZones.certificate.htb","ldap/DC01.certificate.htb/DomainDnsZones.certificate.htb","DNS/DC01.certificate.htb","GC/DC01.certificate.htb/certificate.htb","RestrictedKrbHost/DC01.certificate.htb","RestrictedKrbHost/DC01","RPC/9bf3082f-415c-4874-885e-ea2bb5b9e3a1._msdcs.certificate.htb","HOST/DC01/CERTIFICATE","HOST/DC01.certificate.htb/CERTIFICATE","HOST/DC01","HOST/DC01.certificate.htb","HOST/DC01.certificate.htb/certificate.htb","E3514235-4B06-11D1-AB04-00C04FC2DCD2/9bf3082f-415c-4874-885e-ea2bb5b9e3a1/certificate.htb","ldap/DC01/CERTIFICATE","ldap/9bf3082f-415c-4874-885e-ea2bb5b9e3a1._msdcs.certificate.htb","ldap/DC01.certificate.htb/CERTIFICATE","ldap/DC01","ldap/DC01.certificate.htb","ldap/DC01.certificate.htb/certificate.htb"],"email":null,"useraccountcontrol":532480,"operatingsystem":"Windows Server 2019 Datacenter","sidhistory":[],"ldapavailable":true,"ldapsavailable":true,"ldapsepa":false,"ldapsigning":false},"PrimaryGroupSID":"S-1-5-21-515537669-4223687196-3249690583-516","AllowedToDelegate":[],"AllowedToAct":[],"HasSIDHistory":[],"DumpSMSAPassword":[],"Sessions":{"Results":[],"Collected":false,"FailureReason":"ErrorAccessDenied"},"PrivilegedSessions":{"Results":[{"UserSID":"S-1-5-21-515537669-4223687196-3249690583-500","ComputerSID":"S-1-5-21-515537669-4223687196-3249690583-1000"},{"UserSID":"S-1-5-21-515537669-4223687196-3249690583-1130","ComputerSID":"S-1-5-21-515537669-4223687196-3249690583-1000"}],"Collected":true,"FailureReason":null},"RegistrySessions":{"Results":[{"UserSID":"S-1-5-21-515537669-4223687196-3249690583-1109","ComputerSID":"S-1-5-21-515537669-4223687196-3249690583-1000"},{"UserSID":"S-1-5-21-515537669-4223687196-3249690583-500","ComputerSID":"S-1-5-21-515537669-4223687196-3249690583-1000"}],"Collected":true,"FailureReason":null},"LocalGroups":[{"ObjectIdentifier":"CERTIFICATE.HTB-S-1-5-32-549","Name":"IGNOREME","Results":[],"LocalNames":[],"Collected":true,"FailureReason":null},{"ObjectIdentifier":"CERTIFICATE.HTB-S-1-5-32-548","Name":"IGNOREME","Results":[{"ObjectIdentifier":"S-1-5-21-515537669-4223687196-3249690583-1109","ObjectType":"User"}],"LocalNames":[],"Collected":true,"FailureReason":null},{"ObjectIdentifier":"CERTIFICATE.HTB-S-1-5-32-554","Name":"IGNOREME","Results":[{"ObjectIdentifier":"CERTIFICATE.HTB-S-1-5-11","ObjectType":"Group"},{"ObjectIdentifier":"S-1-5-21-515537669-4223687196-3249690583-1000","ObjectType":"Computer"},{"ObjectIdentifier":"S-1-5-21-515537669-4223687196-3249690583-513","ObjectType":"Group"}],"LocalNames":[],"Collected":true,"FailureReason":null},{"ObjectIdentifier":"CERTIFICATE.HTB-S-1-5-32-557","Name":"IGNOREME","Results":[],"LocalNames":[],"Collected":true,"FailureReason":null},{"ObjectIdentifier":"CERTIFICATE.HTB-S-1-5-32-560","Name":"IGNOREME","Results":[{"ObjectIdentifier":"CERTIFICATE.HTB-S-1-5-9","ObjectType":"Group"}],"LocalNames":[],"Collected":true,"FailureReason":null},{"ObjectIdentifier":"CERTIFICATE.HTB-S-1-5-32-561","Name":"IGNOREME","Results":[],"LocalNames":[],"Collected":true,"FailureReason":null},{"ObjectIdentifier":"CERTIFICATE.HTB-S-1-5-32-544","Name":"IGNOREME","Results":[{"ObjectIdentifier":"S-1-5-21-515537669-4223687196-3249690583-500","ObjectType":"User"},{"ObjectIdentifier":"S-1-5-21-515537669-4223687196-3249690583-519","ObjectType":"Group"},{"ObjectIdentifier":"S-1-5-21-515537669-4223687196-3249690583-512","ObjectType":"Group"}],"LocalNames":[],"Collected":true,"FailureReason":null},{"ObjectIdentifier":"CERTIFICATE.HTB-S-1-5-32-545","Name":"IGNOREME","Results":[{"ObjectIdentifier":"CERTIFICATE.HTB-S-1-5-11","ObjectType":"Group"},{"ObjectIdentifier":"S-1-5-21-515537669-4223687196-3249690583-513","ObjectType":"Group"}],"LocalNames":[],"Collected":true,"FailureReason":null},{"ObjectIdentifier":"CERTIFICATE.HTB-S-1-5-32-546","Name":"IGNOREME","Results":[{"ObjectIdentifier":"S-1-5-21-515537669-4223687196-3249690583-501","ObjectType":"User"},{"ObjectIdentifier":"S-1-5-21-515537669-4223687196-3249690583-514","ObjectType":"Group"}],"LocalNames":[],"Collected":true,"FailureReason":null},{"ObjectIdentifier":"CERTIFICATE.HTB-S-1-5-32-550","Name":"IGNOREME","Results":[],"LocalNames":[],"Collected":true,"FailureReason":null},{"ObjectIdentifier":"CERTIFICATE.HTB-S-1-5-32-551","Name":"IGNOREME","Results":[],"LocalNames":[],"Collected":true,"FailureReason":null},{"ObjectIdentifier":"CERTIFICATE.HTB-S-1-5-32-552","Name":"IGNOREME","Results":[],"LocalNames":[],"Collected":true,"FailureReason":null},{"ObjectIdentifier":"CERTIFICATE.HTB-S-1-5-32-555","Name":"IGNOREME","Results":[{"ObjectIdentifier":"S-1-5-21-515537669-4223687196-3249690583-1110","ObjectType":"Group"}],"LocalNames":[],"Collected":true,"FailureReason":null},{"ObjectIdentifier":"CERTIFICATE.HTB-S-1-5-32-556","Name":"IGNOREME","Results":[],"LocalNames":[],"Collected":true,"FailureReason":null},{"ObjectIdentifier":"CERTIFICATE.HTB-S-1-5-32-558","Name":"IGNOREME","Results":[],"LocalNames":[],"Collected":true,"FailureReason":null},{"ObjectIdentifier":"CERTIFICATE.HTB-S-1-5-32-559","Name":"IGNOREME","Results":[],"LocalNames":[],"Collected":true,"FailureReason":null},{"ObjectIdentifier":"CERTIFICATE.HTB-S-1-5-32-562","Name":"IGNOREME","Results":[],"LocalNames":[],"Collected":true,"FailureReason":null},{"ObjectIdentifier":"CERTIFICATE.HTB-S-1-5-32-568","Name":"IGNOREME","Results":[],"LocalNames":[],"Collected":true,"FailureReason":null},{"ObjectIdentifier":"CERTIFICATE.HTB-S-1-5-32-569","Name":"IGNOREME","Results":[],"LocalNames":[],"Collected":true,"FailureReason":null},{"ObjectIdentifier":"CERTIFICATE.HTB-S-1-5-32-573","Name":"IGNOREME","Results":[],"LocalNames":[],"Collected":true,"FailureReason":null},{"ObjectIdentifier":"CERTIFICATE.HTB-S-1-5-32-574","Name":"IGNOREME","Results":[{"ObjectIdentifier":"CERTIFICATE.HTB-S-1-5-11","ObjectType":"Group"}],"LocalNames":[],"Collected":true,"FailureReason":null},{"ObjectIdentifier":"CERTIFICATE.HTB-S-1-5-32-575","Name":"IGNOREME","Results":[],"LocalNames":[],"Collected":true,"FailureReason":null},{"ObjectIdentifier":"CERTIFICATE.HTB-S-1-5-32-576","Name":"IGNOREME","Results":[],"LocalNames":[],"Collected":true,"FailureReason":null},{"ObjectIdentifier":"CERTIFICATE.HTB-S-1-5-32-577","Name":"IGNOREME","Results":[],"LocalNames":[],"Collected":true,"FailureReason":null},{"ObjectIdentifier":"CERTIFICATE.HTB-S-1-5-32-578","Name":"IGNOREME","Results":[],"LocalNames":[],"Collected":true,"FailureReason":null},{"ObjectIdentifier":"CERTIFICATE.HTB-S-1-5-32-579","Name":"IGNOREME","Results":[],"LocalNames":[],"Collected":true,"FailureReason":null},{"ObjectIdentifier":"CERTIFICATE.HTB-S-1-5-32-580","Name":"IGNOREME","Results":[{"ObjectIdentifier":"S-1-5-21-515537669-4223687196-3249690583-1110","ObjectType":"Group"},{"ObjectIdentifier":"S-1-5-21-515537669-4223687196-3249690583-1115","ObjectType":"User"},{"ObjectIdentifier":"S-1-5-21-515537669-4223687196-3249690583-1117","ObjectType":"User"}],"LocalNames":[],"Collected":true,"FailureReason":null},{"ObjectIdentifier":"CERTIFICATE.HTB-S-1-5-32-582","Name":"IGNOREME","Results":[],"LocalNames":[],"Collected":true,"FailureReason":null}],"UserRights":[{"Privilege":"SeRemoteInteractiveLogonRight","Results":[],"LocalNames":[],"Collected":false,"FailureReason":"LSAEnumerateAccountsWithUserRights returned StatusAccessDenied"}],"DCRegistryData":{"CertificateMappingMethods":{"Value":0,"Collected":false,"FailureReason":"User does not have the proper permissions to perform this operation"},"StrongCertificateBindingEnforcement":{"Value":0,"Collected":false,"FailureReason":"User does not have the proper permissions to perform this operation"}},"Status":null,"IsDC":true,"UnconstrainedDelegation":true,"DomainSID":"S-1-5-21-515537669-4223687196-3249690583","IsWebClientRunning":{"Result":false,"Collected":true,"FailureReason":null},"SmbInfo":{"Result":{"SigningEnabled":true},"Collected":true,"FailureReason":null},"NtlmSessions":null,"NTLMRegistryData":{"Result":{"RestrictSendingNtlmTraffic":null,"RestrictReceivingNtlmTraffic":null,"NtlmMinServerSec":536870912,"NtlmMinClientSec":536870912,"LmCompatibilityLevel":null,"UseMachineId":null,"RequireSecuritySignature":1,"EnableSecuritySignature":1,"ClientAllowedNTLMServers":null},"Collected":true,"FailureReason":null},"Aces":[{"PrincipalSID":"S-1-5-21-515537669-4223687196-3249690583-512","PrincipalType":"Group","RightName":"Owns","IsInherited":false,"InheritanceHash":""},{"PrincipalSID":"S-1-5-21-515537669-4223687196-3249690583-512","PrincipalType":"Group","RightName":"GenericAll","IsInherited":false,"InheritanceHash":""},{"PrincipalSID":"S-1-5-21-515537669-4223687196-3249690583-512","PrincipalType":"Group","RightName":"WriteAccountRestrictions","IsInherited":false,"InheritanceHash":""},{"PrincipalSID":"S-1-5-21-515537669-4223687196-3249690583-526","PrincipalType":"Group","RightName":"AddKeyCredentialLink","IsInherited":true,"InheritanceHash":"600B47DCA4EBFC6653152E01C47DE23A371340BB"},{"PrincipalSID":"S-1-5-21-515537669-4223687196-3249690583-527","PrincipalType":"Group","RightName":"AddKeyCredentialLink","IsInherited":true,"InheritanceHash":"6AC3AF2D3BB79BA8F1F08F5DC9CAE806D3FB0781"},{"PrincipalSID":"S-1-5-21-515537669-4223687196-3249690583-519","PrincipalType":"Group","RightName":"GenericAll","IsInherited":true,"InheritanceHash":"13E8665D6D7B06B5A77B1D76A88C9B985C34A1DB"},{"PrincipalSID":"CERTIFICATE.HTB-S-1-5-32-544","PrincipalType":"Group","RightName":"WriteDacl","IsInherited":true,"InheritanceHash":"62C26D4FB3FF64505B03CDD35D648DFBC6C157CC"},{"PrincipalSID":"CERTIFICATE.HTB-S-1-5-32-544","PrincipalType":"Group","RightName":"WriteOwner","IsInherited":true,"InheritanceHash":"62C26D4FB3FF64505B03CDD35D648DFBC6C157CC"},{"PrincipalSID":"CERTIFICATE.HTB-S-1-5-32-544","PrincipalType":"Group","RightName":"GenericWrite","IsInherited":true,"InheritanceHash":"62C26D4FB3FF64505B03CDD35D648DFBC6C157CC"}],"ObjectIdentifier":"S-1-5-21-515537669-4223687196-3249690583-1000","IsDeleted":false,"IsACLProtected":false,"ContainedBy":{"ObjectIdentifier":"2CAF6B62-CDE7-4271-BE5B-523800D18DA5","ObjectType":"OU"}}],"meta":{"methods":15725567,"type":"computers","count":3,"version":6,"collectorversion":"2.6.6.0"}}