{"data":[{"Properties":{"domain":"CERTIFICATE.HTB","name":"NTAUTHCERTIFICATES@CERTIFICATE.HTB","distinguishedname":"CN=NTAUTHCERTIFICATES,CN=PUBLIC KEY SERVICES,CN=SERVICES,CN=CONFIGURATION,DC=CERTIFICATE,DC=HTB","domainsid":"S-1-5-21-515537669-4223687196-3249690583","doesanyacegrantownerrights":false,"doesanyinheritedacegrantownerrights":false,"isaclprotected":false,"certthumbprints":["2F02901DCFF083ED3DBB6CB0A15BBFEE6002B1A8","82AD1E0C20A332C8D6ADAC3E5EA243204B85D3A7"],"whencreated":1730673641},"DomainSID":"S-1-5-21-515537669-4223687196-3249690583","Aces":[{"PrincipalSID":"S-1-5-21-515537669-4223687196-3249690583-519","PrincipalType":"Group","RightName":"Owns","IsInherited":false,"InheritanceHash":""},{"PrincipalSID":"CERTIFICATE.HTB-S-1-5-32-544","PrincipalType":"Group","RightName":"GenericAll","IsInherited":false,"InheritanceHash":""},{"PrincipalSID":"S-1-5-21-515537669-4223687196-3249690583-512","PrincipalType":"Group","RightName":"GenericAll","IsInherited":false,"InheritanceHash":""},{"PrincipalSID":"S-1-5-21-515537669-4223687196-3249690583-519","PrincipalType":"Group","RightName":"GenericAll","IsInherited":false,"InheritanceHash":""},{"PrincipalSID":"S-1-5-21-515537669-4223687196-3249690583-519","PrincipalType":"Group","RightName":"GenericAll","IsInherited":true,"InheritanceHash":"13E8665D6D7B06B5A77B1D76A88C9B985C34A1DB"},{"PrincipalSID":"S-1-5-21-515537669-4223687196-3249690583-512","PrincipalType":"Group","RightName":"WriteDacl","IsInherited":true,"InheritanceHash":"3C2A85AA99C3D31D0F5B50285764C25A080801D8"},{"PrincipalSID":"S-1-5-21-515537669-4223687196-3249690583-512","PrincipalType":"Group","RightName":"WriteOwner","IsInherited":true,"InheritanceHash":"3C2A85AA99C3D31D0F5B50285764C25A080801D8"},{"PrincipalSID":"S-1-5-21-515537669-4223687196-3249690583-512","PrincipalType":"Group","RightName":"GenericWrite","IsInherited":true,"InheritanceHash":"3C2A85AA99C3D31D0F5B50285764C25A080801D8"}],"ObjectIdentifier":"7ECE7BBF-502A-4202-AA55-F8E54AAC5EE9","IsDeleted":false,"IsACLProtected":false,"ContainedBy":{"ObjectIdentifier":"5A3FAE0C-3103-448F-AC0C-3E6C1A0B846A","ObjectType":"Container"}}],"meta":{"methods":15725567,"type":"ntauthstores","count":1,"version":6,"collectorversion":"2.6.6.0"}}