{"data":[{"Properties":{"domain":"CERTIFICATE.HTB","name":"GUEST@CERTIFICATE.HTB","distinguishedname":"CN=GUEST,CN=USERS,DC=CERTIFICATE,DC=HTB","domainsid":"S-1-5-21-515537669-4223687196-3249690583","samaccountname":"Guest","doesanyacegrantownerrights":false,"doesanyinheritedacegrantownerrights":false,"isaclprotected":false,"description":"Built-in account for guest access to the computer/domain","whencreated":1730625827,"sensitive":false,"dontreqpreauth":false,"passwordnotreqd":true,"unconstraineddelegation":false,"pwdneverexpires":true,"enabled":false,"trustedtoauth":false,"smartcardrequired":false,"encryptedtextpwdallowed":false,"usedeskeyonly":false,"logonscriptenabled":false,"lockedout":false,"passwordcantchange":false,"passwordexpired":false,"lastlogon":0,"lastlogontimestamp":-1,"pwdlastset":0,"serviceprincipalnames":[],"hasspn":false,"displayname":null,"email":null,"title":null,"homedirectory":null,"userpassword":null,"unixpassword":null,"unicodepassword":null,"sfupassword":null,"logonscript":null,"useraccountcontrol":66082,"profilepath":null,"admincount":false,"supportedencryptiontypes":null,"sidhistory":[]},"AllowedToDelegate":[],"PrimaryGroupSID":"S-1-5-21-515537669-4223687196-3249690583-514","HasSIDHistory":[],"SPNTargets":[],"UnconstrainedDelegation":false,"DomainSID":"S-1-5-21-515537669-4223687196-3249690583","Aces":[{"PrincipalSID":"CERTIFICATE.HTB-S-1-5-32-544","PrincipalType":"Group","RightName":"Owns","IsInherited":false,"InheritanceHash":""},{"PrincipalSID":"CERTIFICATE.HTB-S-1-5-32-548","PrincipalType":"Group","RightName":"GenericAll","IsInherited":false,"InheritanceHash":""},{"PrincipalSID":"S-1-5-21-515537669-4223687196-3249690583-512","PrincipalType":"Group","RightName":"GenericAll","IsInherited":false,"InheritanceHash":""},{"PrincipalSID":"S-1-5-21-515537669-4223687196-3249690583-526","PrincipalType":"Group","RightName":"AddKeyCredentialLink","IsInherited":true,"InheritanceHash":"600B47DCA4EBFC6653152E01C47DE23A371340BB"},{"PrincipalSID":"S-1-5-21-515537669-4223687196-3249690583-527","PrincipalType":"Group","RightName":"AddKeyCredentialLink","IsInherited":true,"InheritanceHash":"6AC3AF2D3BB79BA8F1F08F5DC9CAE806D3FB0781"},{"PrincipalSID":"S-1-5-21-515537669-4223687196-3249690583-519","PrincipalType":"Group","RightName":"GenericAll","IsInherited":true,"InheritanceHash":"13E8665D6D7B06B5A77B1D76A88C9B985C34A1DB"},{"PrincipalSID":"CERTIFICATE.HTB-S-1-5-32-544","PrincipalType":"Group","RightName":"WriteDacl","IsInherited":true,"InheritanceHash":"62C26D4FB3FF64505B03CDD35D648DFBC6C157CC"},{"PrincipalSID":"CERTIFICATE.HTB-S-1-5-32-544","PrincipalType":"Group","RightName":"WriteOwner","IsInherited":true,"InheritanceHash":"62C26D4FB3FF64505B03CDD35D648DFBC6C157CC"},{"PrincipalSID":"CERTIFICATE.HTB-S-1-5-32-544","PrincipalType":"Group","RightName":"AllExtendedRights","IsInherited":true,"InheritanceHash":"62C26D4FB3FF64505B03CDD35D648DFBC6C157CC"},{"PrincipalSID":"CERTIFICATE.HTB-S-1-5-32-544","PrincipalType":"Group","RightName":"GenericWrite","IsInherited":true,"InheritanceHash":"62C26D4FB3FF64505B03CDD35D648DFBC6C157CC"}],"ObjectIdentifier":"S-1-5-21-515537669-4223687196-3249690583-501","IsDeleted":false,"IsACLProtected":false,"ContainedBy":{"ObjectIdentifier":"8128ECB4-D5A1-48CC-A4AD-5EC7859417DC","ObjectType":"Container"}},{"Properties":{"domain":"CERTIFICATE.HTB","name":"KRBTGT@CERTIFICATE.HTB","distinguishedname":"CN=KRBTGT,CN=USERS,DC=CERTIFICATE,DC=HTB","domainsid":"S-1-5-21-515537669-4223687196-3249690583","samaccountname":"krbtgt","doesanyacegrantownerrights":false,"doesanyinheritedacegrantownerrights":false,"isaclprotected":true,"description":"Key Distribution Center Service Account","whencreated":1730625872,"sensitive":false,"dontreqpreauth":false,"passwordnotreqd":false,"unconstraineddelegation":false,"pwdneverexpires":false,"enabled":false,"trustedtoauth":false,"smartcardrequired":false,"encryptedtextpwdallowed":false,"usedeskeyonly":false,"logonscriptenabled":false,"lockedout":false,"passwordcantchange":false,"passwordexpired":false,"lastlogon":0,"lastlogontimestamp":-1,"pwdlastset":1730625872,"serviceprincipalnames":["kadmin/changepw"],"hasspn":true,"displayname":null,"email":null,"title":null,"homedirectory":null,"userpassword":null,"unixpassword":null,"unicodepassword":null,"sfupassword":null,"logonscript":null,"useraccountcontrol":514,"profilepath":null,"admincount":true,"supportedencryptiontypes":["Not defined"],"sidhistory":[]},"AllowedToDelegate":[],"PrimaryGroupSID":"S-1-5-21-515537669-4223687196-3249690583-513","HasSIDHistory":[],"SPNTargets":[],"UnconstrainedDelegation":false,"DomainSID":"S-1-5-21-515537669-4223687196-3249690583","Aces":[{"PrincipalSID":"S-1-5-21-515537669-4223687196-3249690583-512","PrincipalType":"Group","RightName":"Owns","IsInherited":false,"InheritanceHash":""},{"PrincipalSID":"CERTIFICATE.HTB-S-1-5-32-544","PrincipalType":"Group","RightName":"WriteDacl","IsInherited":false,"InheritanceHash":""},{"PrincipalSID":"CERTIFICATE.HTB-S-1-5-32-544","PrincipalType":"Group","RightName":"WriteOwner","IsInherited":false,"InheritanceHash":""},{"PrincipalSID":"CERTIFICATE.HTB-S-1-5-32-544","PrincipalType":"Group","RightName":"AllExtendedRights","IsInherited":false,"InheritanceHash":""},{"PrincipalSID":"CERTIFICATE.HTB-S-1-5-32-544","PrincipalType":"Group","RightName":"GenericWrite","IsInherited":false,"InheritanceHash":""},{"PrincipalSID":"S-1-5-21-515537669-4223687196-3249690583-512","PrincipalType":"Group","RightName":"WriteDacl","IsInherited":false,"InheritanceHash":""},{"PrincipalSID":"S-1-5-21-515537669-4223687196-3249690583-512","PrincipalType":"Group","RightName":"WriteOwner","IsInherited":false,"InheritanceHash":""},{"PrincipalSID":"S-1-5-21-515537669-4223687196-3249690583-512","PrincipalType":"Group","RightName":"AllExtendedRights","IsInherited":false,"InheritanceHash":""},{"PrincipalSID":"S-1-5-21-515537669-4223687196-3249690583-512","PrincipalType":"Group","RightName":"GenericWrite","IsInherited":false,"InheritanceHash":""},{"PrincipalSID":"S-1-5-21-515537669-4223687196-3249690583-519","PrincipalType":"Group","RightName":"WriteDacl","IsInherited":false,"InheritanceHash":""},{"PrincipalSID":"S-1-5-21-515537669-4223687196-3249690583-519","PrincipalType":"Group","RightName":"WriteOwner","IsInherited":false,"InheritanceHash":""},{"PrincipalSID":"S-1-5-21-515537669-4223687196-3249690583-519","PrincipalType":"Group","RightName":"AllExtendedRights","IsInherited":false,"InheritanceHash":""},{"PrincipalSID":"S-1-5-21-515537669-4223687196-3249690583-519","PrincipalType":"Group","RightName":"GenericWrite","IsInherited":false,"InheritanceHash":""}],"ObjectIdentifier":"S-1-5-21-515537669-4223687196-3249690583-502","IsDeleted":false,"IsACLProtected":true,"ContainedBy":{"ObjectIdentifier":"8128ECB4-D5A1-48CC-A4AD-5EC7859417DC","ObjectType":"Container"}},{"Properties":{"domain":"CERTIFICATE.HTB","name":"KAI.X@CERTIFICATE.HTB","distinguishedname":"CN=KAI,CN=USERS,DC=CERTIFICATE,DC=HTB","domainsid":"S-1-5-21-515537669-4223687196-3249690583","samaccountname":"Kai.X","doesanyacegrantownerrights":false,"doesanyinheritedacegrantownerrights":false,"isaclprotected":false,"whencreated":1730678835,"sensitive":false,"dontreqpreauth":false,"passwordnotreqd":false,"unconstraineddelegation":false,"pwdneverexpires":true,"enabled":true,"trustedtoauth":false,"smartcardrequired":false,"encryptedtextpwdallowed":false,"usedeskeyonly":false,"logonscriptenabled":false,"lockedout":false,"passwordcantchange":false,"passwordexpired":false,"lastlogon":1732430190,"lastlogontimestamp":1732413333,"pwdlastset":1730679486,"serviceprincipalnames":[],"hasspn":false,"displayname":"Kai Xeon","email":"kai.x@certificate.htb","title":null,"homedirectory":null,"userpassword":null,"unixpassword":null,"unicodepassword":null,"sfupassword":null,"logonscript":null,"useraccountcontrol":66048,"profilepath":null,"admincount":false,"supportedencryptiontypes":null,"sidhistory":[]},"AllowedToDelegate":[],"PrimaryGroupSID":"S-1-5-21-515537669-4223687196-3249690583-513","HasSIDHistory":[],"SPNTargets":[],"UnconstrainedDelegation":false,"DomainSID":"S-1-5-21-515537669-4223687196-3249690583","Aces":[{"PrincipalSID":"S-1-5-21-515537669-4223687196-3249690583-512","PrincipalType":"Group","RightName":"Owns","IsInherited":false,"InheritanceHash":""},{"PrincipalSID":"CERTIFICATE.HTB-S-1-5-32-548","PrincipalType":"Group","RightName":"GenericAll","IsInherited":false,"InheritanceHash":""},{"PrincipalSID":"S-1-5-21-515537669-4223687196-3249690583-512","PrincipalType":"Group","RightName":"GenericAll","IsInherited":false,"InheritanceHash":""},{"PrincipalSID":"S-1-5-21-515537669-4223687196-3249690583-526","PrincipalType":"Group","RightName":"AddKeyCredentialLink","IsInherited":true,"InheritanceHash":"600B47DCA4EBFC6653152E01C47DE23A371340BB"},{"PrincipalSID":"S-1-5-21-515537669-4223687196-3249690583-527","PrincipalType":"Group","RightName":"AddKeyCredentialLink","IsInherited":true,"InheritanceHash":"6AC3AF2D3BB79BA8F1F08F5DC9CAE806D3FB0781"},{"PrincipalSID":"S-1-5-21-515537669-4223687196-3249690583-519","PrincipalType":"Group","RightName":"GenericAll","IsInherited":true,"InheritanceHash":"13E8665D6D7B06B5A77B1D76A88C9B985C34A1DB"},{"PrincipalSID":"CERTIFICATE.HTB-S-1-5-32-544","PrincipalType":"Group","RightName":"WriteDacl","IsInherited":true,"InheritanceHash":"62C26D4FB3FF64505B03CDD35D648DFBC6C157CC"},{"PrincipalSID":"CERTIFICATE.HTB-S-1-5-32-544","PrincipalType":"Group","RightName":"WriteOwner","IsInherited":true,"InheritanceHash":"62C26D4FB3FF64505B03CDD35D648DFBC6C157CC"},{"PrincipalSID":"CERTIFICATE.HTB-S-1-5-32-544","PrincipalType":"Group","RightName":"AllExtendedRights","IsInherited":true,"InheritanceHash":"62C26D4FB3FF64505B03CDD35D648DFBC6C157CC"},{"PrincipalSID":"CERTIFICATE.HTB-S-1-5-32-544","PrincipalType":"Group","RightName":"GenericWrite","IsInherited":true,"InheritanceHash":"62C26D4FB3FF64505B03CDD35D648DFBC6C157CC"}],"ObjectIdentifier":"S-1-5-21-515537669-4223687196-3249690583-1105","IsDeleted":false,"IsACLProtected":false,"ContainedBy":{"ObjectIdentifier":"8128ECB4-D5A1-48CC-A4AD-5EC7859417DC","ObjectType":"Container"}},{"Properties":{"domain":"CERTIFICATE.HTB","name":"SARA.B@CERTIFICATE.HTB","distinguishedname":"CN=SARA,CN=USERS,DC=CERTIFICATE,DC=HTB","domainsid":"S-1-5-21-515537669-4223687196-3249690583","samaccountname":"Sara.B","doesanyacegrantownerrights":false,"doesanyinheritedacegrantownerrights":false,"isaclprotected":true,"whencreated":1730685284,"sensitive":false,"dontreqpreauth":false,"passwordnotreqd":false,"unconstraineddelegation":false,"pwdneverexpires":true,"enabled":true,"trustedtoauth":false,"smartcardrequired":false,"encryptedtextpwdallowed":false,"usedeskeyonly":false,"logonscriptenabled":false,"lockedout":false,"passwordcantchange":false,"passwordexpired":false,"lastlogon":1735279288,"lastlogontimestamp":1748879170,"pwdlastset":1730685669,"serviceprincipalnames":[],"hasspn":false,"displayname":"Sara Baradek","email":"sara.b@certificate.htb","title":null,"homedirectory":null,"userpassword":null,"unixpassword":null,"unicodepassword":null,"sfupassword":null,"logonscript":null,"useraccountcontrol":66048,"profilepath":null,"admincount":true,"supportedencryptiontypes":null,"sidhistory":[]},"AllowedToDelegate":[],"PrimaryGroupSID":"S-1-5-21-515537669-4223687196-3249690583-513","HasSIDHistory":[],"SPNTargets":[],"UnconstrainedDelegation":false,"DomainSID":"S-1-5-21-515537669-4223687196-3249690583","Aces":[{"PrincipalSID":"S-1-5-21-515537669-4223687196-3249690583-512","PrincipalType":"Group","RightName":"Owns","IsInherited":false,"InheritanceHash":""},{"PrincipalSID":"CERTIFICATE.HTB-S-1-5-32-544","PrincipalType":"Group","RightName":"WriteDacl","IsInherited":false,"InheritanceHash":""},{"PrincipalSID":"CERTIFICATE.HTB-S-1-5-32-544","PrincipalType":"Group","RightName":"WriteOwner","IsInherited":false,"InheritanceHash":""},{"PrincipalSID":"CERTIFICATE.HTB-S-1-5-32-544","PrincipalType":"Group","RightName":"AllExtendedRights","IsInherited":false,"InheritanceHash":""},{"PrincipalSID":"CERTIFICATE.HTB-S-1-5-32-544","PrincipalType":"Group","RightName":"GenericWrite","IsInherited":false,"InheritanceHash":""},{"PrincipalSID":"S-1-5-21-515537669-4223687196-3249690583-512","PrincipalType":"Group","RightName":"WriteDacl","IsInherited":false,"InheritanceHash":""},{"PrincipalSID":"S-1-5-21-515537669-4223687196-3249690583-512","PrincipalType":"Group","RightName":"WriteOwner","IsInherited":false,"InheritanceHash":""},{"PrincipalSID":"S-1-5-21-515537669-4223687196-3249690583-512","PrincipalType":"Group","RightName":"AllExtendedRights","IsInherited":false,"InheritanceHash":""},{"PrincipalSID":"S-1-5-21-515537669-4223687196-3249690583-512","PrincipalType":"Group","RightName":"GenericWrite","IsInherited":false,"InheritanceHash":""},{"PrincipalSID":"S-1-5-21-515537669-4223687196-3249690583-519","PrincipalType":"Group","RightName":"WriteDacl","IsInherited":false,"InheritanceHash":""},{"PrincipalSID":"S-1-5-21-515537669-4223687196-3249690583-519","PrincipalType":"Group","RightName":"WriteOwner","IsInherited":false,"InheritanceHash":""},{"PrincipalSID":"S-1-5-21-515537669-4223687196-3249690583-519","PrincipalType":"Group","RightName":"AllExtendedRights","IsInherited":false,"InheritanceHash":""},{"PrincipalSID":"S-1-5-21-515537669-4223687196-3249690583-519","PrincipalType":"Group","RightName":"GenericWrite","IsInherited":false,"InheritanceHash":""}],"ObjectIdentifier":"S-1-5-21-515537669-4223687196-3249690583-1109","IsDeleted":false,"IsACLProtected":true,"ContainedBy":{"ObjectIdentifier":"8128ECB4-D5A1-48CC-A4AD-5EC7859417DC","ObjectType":"Container"}},{"Properties":{"domain":"CERTIFICATE.HTB","name":"JOHN.C@CERTIFICATE.HTB","distinguishedname":"CN=JOHN,CN=USERS,DC=CERTIFICATE,DC=HTB","domainsid":"S-1-5-21-515537669-4223687196-3249690583","samaccountname":"John.C","doesanyacegrantownerrights":false,"doesanyinheritedacegrantownerrights":false,"isaclprotected":false,"whencreated":1730686601,"sensitive":false,"dontreqpreauth":false,"passwordnotreqd":false,"unconstraineddelegation":false,"pwdneverexpires":true,"enabled":true,"trustedtoauth":false,"smartcardrequired":false,"encryptedtextpwdallowed":false,"usedeskeyonly":false,"logonscriptenabled":false,"lockedout":false,"passwordcantchange":false,"passwordexpired":false,"lastlogon":0,"lastlogontimestamp":-1,"pwdlastset":1730686601,"serviceprincipalnames":[],"hasspn":false,"displayname":"John Crawl","email":"john.c@certificate.htb","title":null,"homedirectory":null,"userpassword":null,"unixpassword":null,"unicodepassword":null,"sfupassword":null,"logonscript":null,"useraccountcontrol":66048,"profilepath":null,"admincount":false,"supportedencryptiontypes":null,"sidhistory":[]},"AllowedToDelegate":[],"PrimaryGroupSID":"S-1-5-21-515537669-4223687196-3249690583-513","HasSIDHistory":[],"SPNTargets":[],"UnconstrainedDelegation":false,"DomainSID":"S-1-5-21-515537669-4223687196-3249690583","Aces":[{"PrincipalSID":"S-1-5-21-515537669-4223687196-3249690583-512","PrincipalType":"Group","RightName":"Owns","IsInherited":false,"InheritanceHash":""},{"PrincipalSID":"CERTIFICATE.HTB-S-1-5-32-548","PrincipalType":"Group","RightName":"GenericAll","IsInherited":false,"InheritanceHash":""},{"PrincipalSID":"S-1-5-21-515537669-4223687196-3249690583-512","PrincipalType":"Group","RightName":"GenericAll","IsInherited":false,"InheritanceHash":""},{"PrincipalSID":"S-1-5-21-515537669-4223687196-3249690583-526","PrincipalType":"Group","RightName":"AddKeyCredentialLink","IsInherited":true,"InheritanceHash":"600B47DCA4EBFC6653152E01C47DE23A371340BB"},{"PrincipalSID":"S-1-5-21-515537669-4223687196-3249690583-527","PrincipalType":"Group","RightName":"AddKeyCredentialLink","IsInherited":true,"InheritanceHash":"6AC3AF2D3BB79BA8F1F08F5DC9CAE806D3FB0781"},{"PrincipalSID":"S-1-5-21-515537669-4223687196-3249690583-519","PrincipalType":"Group","RightName":"GenericAll","IsInherited":true,"InheritanceHash":"13E8665D6D7B06B5A77B1D76A88C9B985C34A1DB"},{"PrincipalSID":"CERTIFICATE.HTB-S-1-5-32-544","PrincipalType":"Group","RightName":"WriteDacl","IsInherited":true,"InheritanceHash":"62C26D4FB3FF64505B03CDD35D648DFBC6C157CC"},{"PrincipalSID":"CERTIFICATE.HTB-S-1-5-32-544","PrincipalType":"Group","RightName":"WriteOwner","IsInherited":true,"InheritanceHash":"62C26D4FB3FF64505B03CDD35D648DFBC6C157CC"},{"PrincipalSID":"CERTIFICATE.HTB-S-1-5-32-544","PrincipalType":"Group","RightName":"AllExtendedRights","IsInherited":true,"InheritanceHash":"62C26D4FB3FF64505B03CDD35D648DFBC6C157CC"},{"PrincipalSID":"CERTIFICATE.HTB-S-1-5-32-544","PrincipalType":"Group","RightName":"GenericWrite","IsInherited":true,"InheritanceHash":"62C26D4FB3FF64505B03CDD35D648DFBC6C157CC"}],"ObjectIdentifier":"S-1-5-21-515537669-4223687196-3249690583-1111","IsDeleted":false,"IsACLProtected":false,"ContainedBy":{"ObjectIdentifier":"8128ECB4-D5A1-48CC-A4AD-5EC7859417DC","ObjectType":"Container"}},{"Properties":{"domain":"CERTIFICATE.HTB","name":"AYA.W@CERTIFICATE.HTB","distinguishedname":"CN=AYA,CN=USERS,DC=CERTIFICATE,DC=HTB","domainsid":"S-1-5-21-515537669-4223687196-3249690583","samaccountname":"Aya.W","doesanyacegrantownerrights":false,"doesanyinheritedacegrantownerrights":false,"isaclprotected":false,"whencreated":1730686663,"sensitive":false,"dontreqpreauth":false,"passwordnotreqd":false,"unconstraineddelegation":false,"pwdneverexpires":true,"enabled":true,"trustedtoauth":false,"smartcardrequired":false,"encryptedtextpwdallowed":false,"usedeskeyonly":false,"logonscriptenabled":false,"lockedout":false,"passwordcantchange":false,"passwordexpired":false,"lastlogon":0,"lastlogontimestamp":-1,"pwdlastset":1730686663,"serviceprincipalnames":[],"hasspn":false,"displayname":"Aya Wood","email":"aya.w@certificate.htb","title":null,"homedirectory":null,"userpassword":null,"unixpassword":null,"unicodepassword":null,"sfupassword":null,"logonscript":null,"useraccountcontrol":66048,"profilepath":null,"admincount":false,"supportedencryptiontypes":null,"sidhistory":[]},"AllowedToDelegate":[],"PrimaryGroupSID":"S-1-5-21-515537669-4223687196-3249690583-513","HasSIDHistory":[],"SPNTargets":[],"UnconstrainedDelegation":false,"DomainSID":"S-1-5-21-515537669-4223687196-3249690583","Aces":[{"PrincipalSID":"S-1-5-21-515537669-4223687196-3249690583-512","PrincipalType":"Group","RightName":"Owns","IsInherited":false,"InheritanceHash":""},{"PrincipalSID":"CERTIFICATE.HTB-S-1-5-32-548","PrincipalType":"Group","RightName":"GenericAll","IsInherited":false,"InheritanceHash":""},{"PrincipalSID":"S-1-5-21-515537669-4223687196-3249690583-512","PrincipalType":"Group","RightName":"GenericAll","IsInherited":false,"InheritanceHash":""},{"PrincipalSID":"S-1-5-21-515537669-4223687196-3249690583-526","PrincipalType":"Group","RightName":"AddKeyCredentialLink","IsInherited":true,"InheritanceHash":"600B47DCA4EBFC6653152E01C47DE23A371340BB"},{"PrincipalSID":"S-1-5-21-515537669-4223687196-3249690583-527","PrincipalType":"Group","RightName":"AddKeyCredentialLink","IsInherited":true,"InheritanceHash":"6AC3AF2D3BB79BA8F1F08F5DC9CAE806D3FB0781"},{"PrincipalSID":"S-1-5-21-515537669-4223687196-3249690583-519","PrincipalType":"Group","RightName":"GenericAll","IsInherited":true,"InheritanceHash":"13E8665D6D7B06B5A77B1D76A88C9B985C34A1DB"},{"PrincipalSID":"CERTIFICATE.HTB-S-1-5-32-544","PrincipalType":"Group","RightName":"WriteDacl","IsInherited":true,"InheritanceHash":"62C26D4FB3FF64505B03CDD35D648DFBC6C157CC"},{"PrincipalSID":"CERTIFICATE.HTB-S-1-5-32-544","PrincipalType":"Group","RightName":"WriteOwner","IsInherited":true,"InheritanceHash":"62C26D4FB3FF64505B03CDD35D648DFBC6C157CC"},{"PrincipalSID":"CERTIFICATE.HTB-S-1-5-32-544","PrincipalType":"Group","RightName":"AllExtendedRights","IsInherited":true,"InheritanceHash":"62C26D4FB3FF64505B03CDD35D648DFBC6C157CC"},{"PrincipalSID":"CERTIFICATE.HTB-S-1-5-32-544","PrincipalType":"Group","RightName":"GenericWrite","IsInherited":true,"InheritanceHash":"62C26D4FB3FF64505B03CDD35D648DFBC6C157CC"}],"ObjectIdentifier":"S-1-5-21-515537669-4223687196-3249690583-1112","IsDeleted":false,"IsACLProtected":false,"ContainedBy":{"ObjectIdentifier":"8128ECB4-D5A1-48CC-A4AD-5EC7859417DC","ObjectType":"Container"}},{"Properties":{"domain":"CERTIFICATE.HTB","name":"NYA.S@CERTIFICATE.HTB","distinguishedname":"CN=NYA,CN=USERS,DC=CERTIFICATE,DC=HTB","domainsid":"S-1-5-21-515537669-4223687196-3249690583","samaccountname":"Nya.S","doesanyacegrantownerrights":false,"doesanyinheritedacegrantownerrights":false,"isaclprotected":false,"whencreated":1730686733,"sensitive":false,"dontreqpreauth":false,"passwordnotreqd":false,"unconstraineddelegation":false,"pwdneverexpires":true,"enabled":true,"trustedtoauth":false,"smartcardrequired":false,"encryptedtextpwdallowed":false,"usedeskeyonly":false,"logonscriptenabled":false,"lockedout":false,"passwordcantchange":false,"passwordexpired":false,"lastlogon":0,"lastlogontimestamp":-1,"pwdlastset":1730686733,"serviceprincipalnames":[],"hasspn":false,"displayname":"Nya Sadawn","email":"nya.s@certificate.htb","title":null,"homedirectory":null,"userpassword":null,"unixpassword":null,"unicodepassword":null,"sfupassword":null,"logonscript":null,"useraccountcontrol":66048,"profilepath":null,"admincount":false,"supportedencryptiontypes":null,"sidhistory":[]},"AllowedToDelegate":[],"PrimaryGroupSID":"S-1-5-21-515537669-4223687196-3249690583-513","HasSIDHistory":[],"SPNTargets":[],"UnconstrainedDelegation":false,"DomainSID":"S-1-5-21-515537669-4223687196-3249690583","Aces":[{"PrincipalSID":"S-1-5-21-515537669-4223687196-3249690583-512","PrincipalType":"Group","RightName":"Owns","IsInherited":false,"InheritanceHash":""},{"PrincipalSID":"CERTIFICATE.HTB-S-1-5-32-548","PrincipalType":"Group","RightName":"GenericAll","IsInherited":false,"InheritanceHash":""},{"PrincipalSID":"S-1-5-21-515537669-4223687196-3249690583-512","PrincipalType":"Group","RightName":"GenericAll","IsInherited":false,"InheritanceHash":""},{"PrincipalSID":"S-1-5-21-515537669-4223687196-3249690583-526","PrincipalType":"Group","RightName":"AddKeyCredentialLink","IsInherited":true,"InheritanceHash":"600B47DCA4EBFC6653152E01C47DE23A371340BB"},{"PrincipalSID":"S-1-5-21-515537669-4223687196-3249690583-527","PrincipalType":"Group","RightName":"AddKeyCredentialLink","IsInherited":true,"InheritanceHash":"6AC3AF2D3BB79BA8F1F08F5DC9CAE806D3FB0781"},{"PrincipalSID":"S-1-5-21-515537669-4223687196-3249690583-519","PrincipalType":"Group","RightName":"GenericAll","IsInherited":true,"InheritanceHash":"13E8665D6D7B06B5A77B1D76A88C9B985C34A1DB"},{"PrincipalSID":"CERTIFICATE.HTB-S-1-5-32-544","PrincipalType":"Group","RightName":"WriteDacl","IsInherited":true,"InheritanceHash":"62C26D4FB3FF64505B03CDD35D648DFBC6C157CC"},{"PrincipalSID":"CERTIFICATE.HTB-S-1-5-32-544","PrincipalType":"Group","RightName":"WriteOwner","IsInherited":true,"InheritanceHash":"62C26D4FB3FF64505B03CDD35D648DFBC6C157CC"},{"PrincipalSID":"CERTIFICATE.HTB-S-1-5-32-544","PrincipalType":"Group","RightName":"AllExtendedRights","IsInherited":true,"InheritanceHash":"62C26D4FB3FF64505B03CDD35D648DFBC6C157CC"},{"PrincipalSID":"CERTIFICATE.HTB-S-1-5-32-544","PrincipalType":"Group","RightName":"GenericWrite","IsInherited":true,"InheritanceHash":"62C26D4FB3FF64505B03CDD35D648DFBC6C157CC"}],"ObjectIdentifier":"S-1-5-21-515537669-4223687196-3249690583-1113","IsDeleted":false,"IsACLProtected":false,"ContainedBy":{"ObjectIdentifier":"8128ECB4-D5A1-48CC-A4AD-5EC7859417DC","ObjectType":"Container"}},{"Properties":{"domain":"CERTIFICATE.HTB","name":"MAYA.K@CERTIFICATE.HTB","distinguishedname":"CN=MAYA,CN=USERS,DC=CERTIFICATE,DC=HTB","domainsid":"S-1-5-21-515537669-4223687196-3249690583","samaccountname":"Maya.K","doesanyacegrantownerrights":false,"doesanyinheritedacegrantownerrights":false,"isaclprotected":false,"whencreated":1730686801,"sensitive":false,"dontreqpreauth":false,"passwordnotreqd":false,"unconstraineddelegation":false,"pwdneverexpires":true,"enabled":true,"trustedtoauth":false,"smartcardrequired":false,"encryptedtextpwdallowed":false,"usedeskeyonly":false,"logonscriptenabled":false,"lockedout":false,"passwordcantchange":false,"passwordexpired":false,"lastlogon":0,"lastlogontimestamp":-1,"pwdlastset":1730686801,"serviceprincipalnames":[],"hasspn":false,"displayname":"Maya Kazanof","email":"maya.k@certificate.htb","title":null,"homedirectory":null,"userpassword":null,"unixpassword":null,"unicodepassword":null,"sfupassword":null,"logonscript":null,"useraccountcontrol":66048,"profilepath":null,"admincount":false,"supportedencryptiontypes":null,"sidhistory":[]},"AllowedToDelegate":[],"PrimaryGroupSID":"S-1-5-21-515537669-4223687196-3249690583-513","HasSIDHistory":[],"SPNTargets":[],"UnconstrainedDelegation":false,"DomainSID":"S-1-5-21-515537669-4223687196-3249690583","Aces":[{"PrincipalSID":"S-1-5-21-515537669-4223687196-3249690583-512","PrincipalType":"Group","RightName":"Owns","IsInherited":false,"InheritanceHash":""},{"PrincipalSID":"CERTIFICATE.HTB-S-1-5-32-548","PrincipalType":"Group","RightName":"GenericAll","IsInherited":false,"InheritanceHash":""},{"PrincipalSID":"S-1-5-21-515537669-4223687196-3249690583-512","PrincipalType":"Group","RightName":"GenericAll","IsInherited":false,"InheritanceHash":""},{"PrincipalSID":"S-1-5-21-515537669-4223687196-3249690583-526","PrincipalType":"Group","RightName":"AddKeyCredentialLink","IsInherited":true,"InheritanceHash":"600B47DCA4EBFC6653152E01C47DE23A371340BB"},{"PrincipalSID":"S-1-5-21-515537669-4223687196-3249690583-527","PrincipalType":"Group","RightName":"AddKeyCredentialLink","IsInherited":true,"InheritanceHash":"6AC3AF2D3BB79BA8F1F08F5DC9CAE806D3FB0781"},{"PrincipalSID":"S-1-5-21-515537669-4223687196-3249690583-519","PrincipalType":"Group","RightName":"GenericAll","IsInherited":true,"InheritanceHash":"13E8665D6D7B06B5A77B1D76A88C9B985C34A1DB"},{"PrincipalSID":"CERTIFICATE.HTB-S-1-5-32-544","PrincipalType":"Group","RightName":"WriteDacl","IsInherited":true,"InheritanceHash":"62C26D4FB3FF64505B03CDD35D648DFBC6C157CC"},{"PrincipalSID":"CERTIFICATE.HTB-S-1-5-32-544","PrincipalType":"Group","RightName":"WriteOwner","IsInherited":true,"InheritanceHash":"62C26D4FB3FF64505B03CDD35D648DFBC6C157CC"},{"PrincipalSID":"CERTIFICATE.HTB-S-1-5-32-544","PrincipalType":"Group","RightName":"AllExtendedRights","IsInherited":true,"InheritanceHash":"62C26D4FB3FF64505B03CDD35D648DFBC6C157CC"},{"PrincipalSID":"CERTIFICATE.HTB-S-1-5-32-544","PrincipalType":"Group","RightName":"GenericWrite","IsInherited":true,"InheritanceHash":"62C26D4FB3FF64505B03CDD35D648DFBC6C157CC"}],"ObjectIdentifier":"S-1-5-21-515537669-4223687196-3249690583-1114","IsDeleted":false,"IsACLProtected":false,"ContainedBy":{"ObjectIdentifier":"8128ECB4-D5A1-48CC-A4AD-5EC7859417DC","ObjectType":"Container"}},{"Properties":{"domain":"CERTIFICATE.HTB","name":"LION.SK@CERTIFICATE.HTB","distinguishedname":"CN=LION,CN=USERS,DC=CERTIFICATE,DC=HTB","domainsid":"S-1-5-21-515537669-4223687196-3249690583","samaccountname":"Lion.SK","doesanyacegrantownerrights":false,"doesanyinheritedacegrantownerrights":false,"isaclprotected":false,"whencreated":1730687282,"sensitive":false,"dontreqpreauth":false,"passwordnotreqd":false,"unconstraineddelegation":false,"pwdneverexpires":true,"enabled":true,"trustedtoauth":false,"smartcardrequired":false,"encryptedtextpwdallowed":false,"usedeskeyonly":false,"logonscriptenabled":false,"lockedout":false,"passwordcantchange":false,"passwordexpired":false,"lastlogon":1730708648,"lastlogontimestamp":1732413942,"pwdlastset":1730687282,"serviceprincipalnames":[],"hasspn":false,"displayname":"Lion S Kanady","email":"lion.sk@certificate.htb","title":null,"homedirectory":null,"userpassword":null,"unixpassword":null,"unicodepassword":null,"sfupassword":null,"logonscript":null,"useraccountcontrol":66048,"profilepath":null,"admincount":false,"supportedencryptiontypes":null,"sidhistory":[]},"AllowedToDelegate":[],"PrimaryGroupSID":"S-1-5-21-515537669-4223687196-3249690583-513","HasSIDHistory":[],"SPNTargets":[],"UnconstrainedDelegation":false,"DomainSID":"S-1-5-21-515537669-4223687196-3249690583","Aces":[{"PrincipalSID":"S-1-5-21-515537669-4223687196-3249690583-512","PrincipalType":"Group","RightName":"Owns","IsInherited":false,"InheritanceHash":""},{"PrincipalSID":"CERTIFICATE.HTB-S-1-5-32-548","PrincipalType":"Group","RightName":"GenericAll","IsInherited":false,"InheritanceHash":""},{"PrincipalSID":"S-1-5-21-515537669-4223687196-3249690583-512","PrincipalType":"Group","RightName":"GenericAll","IsInherited":false,"InheritanceHash":""},{"PrincipalSID":"S-1-5-21-515537669-4223687196-3249690583-526","PrincipalType":"Group","RightName":"AddKeyCredentialLink","IsInherited":true,"InheritanceHash":"600B47DCA4EBFC6653152E01C47DE23A371340BB"},{"PrincipalSID":"S-1-5-21-515537669-4223687196-3249690583-527","PrincipalType":"Group","RightName":"AddKeyCredentialLink","IsInherited":true,"InheritanceHash":"6AC3AF2D3BB79BA8F1F08F5DC9CAE806D3FB0781"},{"PrincipalSID":"S-1-5-21-515537669-4223687196-3249690583-519","PrincipalType":"Group","RightName":"GenericAll","IsInherited":true,"InheritanceHash":"13E8665D6D7B06B5A77B1D76A88C9B985C34A1DB"},{"PrincipalSID":"CERTIFICATE.HTB-S-1-5-32-544","PrincipalType":"Group","RightName":"WriteDacl","IsInherited":true,"InheritanceHash":"62C26D4FB3FF64505B03CDD35D648DFBC6C157CC"},{"PrincipalSID":"CERTIFICATE.HTB-S-1-5-32-544","PrincipalType":"Group","RightName":"WriteOwner","IsInherited":true,"InheritanceHash":"62C26D4FB3FF64505B03CDD35D648DFBC6C157CC"},{"PrincipalSID":"CERTIFICATE.HTB-S-1-5-32-544","PrincipalType":"Group","RightName":"AllExtendedRights","IsInherited":true,"InheritanceHash":"62C26D4FB3FF64505B03CDD35D648DFBC6C157CC"},{"PrincipalSID":"CERTIFICATE.HTB-S-1-5-32-544","PrincipalType":"Group","RightName":"GenericWrite","IsInherited":true,"InheritanceHash":"62C26D4FB3FF64505B03CDD35D648DFBC6C157CC"}],"ObjectIdentifier":"S-1-5-21-515537669-4223687196-3249690583-1115","IsDeleted":false,"IsACLProtected":false,"ContainedBy":{"ObjectIdentifier":"8128ECB4-D5A1-48CC-A4AD-5EC7859417DC","ObjectType":"Container"}},{"Properties":{"domain":"CERTIFICATE.HTB","name":"EVA.F@CERTIFICATE.HTB","distinguishedname":"CN=EVA,CN=USERS,DC=CERTIFICATE,DC=HTB","domainsid":"S-1-5-21-515537669-4223687196-3249690583","samaccountname":"Eva.F","doesanyacegrantownerrights":false,"doesanyinheritedacegrantownerrights":false,"isaclprotected":false,"whencreated":1730687616,"sensitive":false,"dontreqpreauth":false,"passwordnotreqd":false,"unconstraineddelegation":false,"pwdneverexpires":true,"enabled":true,"trustedtoauth":false,"smartcardrequired":false,"encryptedtextpwdallowed":false,"usedeskeyonly":false,"logonscriptenabled":false,"lockedout":false,"passwordcantchange":false,"passwordexpired":false,"lastlogon":0,"lastlogontimestamp":-1,"pwdlastset":1730687616,"serviceprincipalnames":[],"hasspn":false,"displayname":"Eva Ford","email":"eva.f@certificate.htb","title":null,"homedirectory":null,"userpassword":null,"unixpassword":null,"unicodepassword":null,"sfupassword":null,"logonscript":null,"useraccountcontrol":66048,"profilepath":null,"admincount":false,"supportedencryptiontypes":null,"sidhistory":[]},"AllowedToDelegate":[],"PrimaryGroupSID":"S-1-5-21-515537669-4223687196-3249690583-513","HasSIDHistory":[],"SPNTargets":[],"UnconstrainedDelegation":false,"DomainSID":"S-1-5-21-515537669-4223687196-3249690583","Aces":[{"PrincipalSID":"S-1-5-21-515537669-4223687196-3249690583-512","PrincipalType":"Group","RightName":"Owns","IsInherited":false,"InheritanceHash":""},{"PrincipalSID":"CERTIFICATE.HTB-S-1-5-32-548","PrincipalType":"Group","RightName":"GenericAll","IsInherited":false,"InheritanceHash":""},{"PrincipalSID":"S-1-5-21-515537669-4223687196-3249690583-512","PrincipalType":"Group","RightName":"GenericAll","IsInherited":false,"InheritanceHash":""},{"PrincipalSID":"S-1-5-21-515537669-4223687196-3249690583-526","PrincipalType":"Group","RightName":"AddKeyCredentialLink","IsInherited":true,"InheritanceHash":"600B47DCA4EBFC6653152E01C47DE23A371340BB"},{"PrincipalSID":"S-1-5-21-515537669-4223687196-3249690583-527","PrincipalType":"Group","RightName":"AddKeyCredentialLink","IsInherited":true,"InheritanceHash":"6AC3AF2D3BB79BA8F1F08F5DC9CAE806D3FB0781"},{"PrincipalSID":"S-1-5-21-515537669-4223687196-3249690583-519","PrincipalType":"Group","RightName":"GenericAll","IsInherited":true,"InheritanceHash":"13E8665D6D7B06B5A77B1D76A88C9B985C34A1DB"},{"PrincipalSID":"CERTIFICATE.HTB-S-1-5-32-544","PrincipalType":"Group","RightName":"WriteDacl","IsInherited":true,"InheritanceHash":"62C26D4FB3FF64505B03CDD35D648DFBC6C157CC"},{"PrincipalSID":"CERTIFICATE.HTB-S-1-5-32-544","PrincipalType":"Group","RightName":"WriteOwner","IsInherited":true,"InheritanceHash":"62C26D4FB3FF64505B03CDD35D648DFBC6C157CC"},{"PrincipalSID":"CERTIFICATE.HTB-S-1-5-32-544","PrincipalType":"Group","RightName":"AllExtendedRights","IsInherited":true,"InheritanceHash":"62C26D4FB3FF64505B03CDD35D648DFBC6C157CC"},{"PrincipalSID":"CERTIFICATE.HTB-S-1-5-32-544","PrincipalType":"Group","RightName":"GenericWrite","IsInherited":true,"InheritanceHash":"62C26D4FB3FF64505B03CDD35D648DFBC6C157CC"}],"ObjectIdentifier":"S-1-5-21-515537669-4223687196-3249690583-1116","IsDeleted":false,"IsACLProtected":false,"ContainedBy":{"ObjectIdentifier":"8128ECB4-D5A1-48CC-A4AD-5EC7859417DC","ObjectType":"Container"}},{"Properties":{"domain":"CERTIFICATE.HTB","name":"RYAN.K@CERTIFICATE.HTB","distinguishedname":"CN=RYAN,CN=USERS,DC=CERTIFICATE,DC=HTB","domainsid":"S-1-5-21-515537669-4223687196-3249690583","samaccountname":"Ryan.K","doesanyacegrantownerrights":false,"doesanyinheritedacegrantownerrights":false,"isaclprotected":false,"whencreated":1730689050,"sensitive":false,"dontreqpreauth":false,"passwordnotreqd":false,"unconstraineddelegation":false,"pwdneverexpires":true,"enabled":true,"trustedtoauth":false,"smartcardrequired":false,"encryptedtextpwdallowed":false,"usedeskeyonly":false,"logonscriptenabled":false,"lockedout":false,"passwordcantchange":false,"passwordexpired":false,"lastlogon":1732675701,"lastlogontimestamp":1748297376,"pwdlastset":1730689050,"serviceprincipalnames":[],"hasspn":false,"displayname":"Ryan Kareem","email":"ryan.k@certificate.htb","title":null,"homedirectory":null,"userpassword":null,"unixpassword":null,"unicodepassword":null,"sfupassword":null,"logonscript":null,"useraccountcontrol":66048,"profilepath":null,"admincount":false,"supportedencryptiontypes":null,"sidhistory":[]},"AllowedToDelegate":[],"PrimaryGroupSID":"S-1-5-21-515537669-4223687196-3249690583-513","HasSIDHistory":[],"SPNTargets":[],"UnconstrainedDelegation":false,"DomainSID":"S-1-5-21-515537669-4223687196-3249690583","Aces":[{"PrincipalSID":"S-1-5-21-515537669-4223687196-3249690583-512","PrincipalType":"Group","RightName":"Owns","IsInherited":false,"InheritanceHash":""},{"PrincipalSID":"CERTIFICATE.HTB-S-1-5-32-548","PrincipalType":"Group","RightName":"GenericAll","IsInherited":false,"InheritanceHash":""},{"PrincipalSID":"S-1-5-21-515537669-4223687196-3249690583-512","PrincipalType":"Group","RightName":"GenericAll","IsInherited":false,"InheritanceHash":""},{"PrincipalSID":"S-1-5-21-515537669-4223687196-3249690583-526","PrincipalType":"Group","RightName":"AddKeyCredentialLink","IsInherited":true,"InheritanceHash":"600B47DCA4EBFC6653152E01C47DE23A371340BB"},{"PrincipalSID":"S-1-5-21-515537669-4223687196-3249690583-527","PrincipalType":"Group","RightName":"AddKeyCredentialLink","IsInherited":true,"InheritanceHash":"6AC3AF2D3BB79BA8F1F08F5DC9CAE806D3FB0781"},{"PrincipalSID":"S-1-5-21-515537669-4223687196-3249690583-519","PrincipalType":"Group","RightName":"GenericAll","IsInherited":true,"InheritanceHash":"13E8665D6D7B06B5A77B1D76A88C9B985C34A1DB"},{"PrincipalSID":"CERTIFICATE.HTB-S-1-5-32-544","PrincipalType":"Group","RightName":"WriteDacl","IsInherited":true,"InheritanceHash":"62C26D4FB3FF64505B03CDD35D648DFBC6C157CC"},{"PrincipalSID":"CERTIFICATE.HTB-S-1-5-32-544","PrincipalType":"Group","RightName":"WriteOwner","IsInherited":true,"InheritanceHash":"62C26D4FB3FF64505B03CDD35D648DFBC6C157CC"},{"PrincipalSID":"CERTIFICATE.HTB-S-1-5-32-544","PrincipalType":"Group","RightName":"AllExtendedRights","IsInherited":true,"InheritanceHash":"62C26D4FB3FF64505B03CDD35D648DFBC6C157CC"},{"PrincipalSID":"CERTIFICATE.HTB-S-1-5-32-544","PrincipalType":"Group","RightName":"GenericWrite","IsInherited":true,"InheritanceHash":"62C26D4FB3FF64505B03CDD35D648DFBC6C157CC"}],"ObjectIdentifier":"S-1-5-21-515537669-4223687196-3249690583-1117","IsDeleted":false,"IsACLProtected":false,"ContainedBy":{"ObjectIdentifier":"8128ECB4-D5A1-48CC-A4AD-5EC7859417DC","ObjectType":"Container"}},{"Properties":{"domain":"CERTIFICATE.HTB","name":"ADMINISTRATOR@CERTIFICATE.HTB","distinguishedname":"CN=ADMINISTRATOR,CN=USERS,DC=CERTIFICATE,DC=HTB","domainsid":"S-1-5-21-515537669-4223687196-3249690583","samaccountname":"Administrator","doesanyacegrantownerrights":false,"doesanyinheritedacegrantownerrights":false,"isaclprotected":true,"description":"Built-in account for administering the computer/domain","whencreated":1730625827,"sensitive":false,"dontreqpreauth":false,"passwordnotreqd":false,"unconstraineddelegation":false,"pwdneverexpires":true,"enabled":true,"trustedtoauth":false,"smartcardrequired":false,"encryptedtextpwdallowed":false,"usedeskeyonly":false,"logonscriptenabled":false,"lockedout":false,"passwordcantchange":false,"passwordexpired":false,"lastlogon":1748865986,"lastlogontimestamp":1748865960,"pwdlastset":1745876026,"serviceprincipalnames":[],"hasspn":false,"displayname":null,"email":null,"title":null,"homedirectory":null,"userpassword":null,"unixpassword":null,"unicodepassword":null,"sfupassword":null,"logonscript":null,"useraccountcontrol":66048,"profilepath":null,"admincount":true,"supportedencryptiontypes":null,"sidhistory":[]},"AllowedToDelegate":[],"PrimaryGroupSID":"S-1-5-21-515537669-4223687196-3249690583-513","HasSIDHistory":[],"SPNTargets":[],"UnconstrainedDelegation":false,"DomainSID":"S-1-5-21-515537669-4223687196-3249690583","Aces":[{"PrincipalSID":"S-1-5-21-515537669-4223687196-3249690583-512","PrincipalType":"Group","RightName":"Owns","IsInherited":false,"InheritanceHash":""},{"PrincipalSID":"CERTIFICATE.HTB-S-1-5-32-544","PrincipalType":"Group","RightName":"WriteDacl","IsInherited":false,"InheritanceHash":""},{"PrincipalSID":"CERTIFICATE.HTB-S-1-5-32-544","PrincipalType":"Group","RightName":"WriteOwner","IsInherited":false,"InheritanceHash":""},{"PrincipalSID":"CERTIFICATE.HTB-S-1-5-32-544","PrincipalType":"Group","RightName":"AllExtendedRights","IsInherited":false,"InheritanceHash":""},{"PrincipalSID":"CERTIFICATE.HTB-S-1-5-32-544","PrincipalType":"Group","RightName":"GenericWrite","IsInherited":false,"InheritanceHash":""},{"PrincipalSID":"S-1-5-21-515537669-4223687196-3249690583-512","PrincipalType":"Group","RightName":"WriteDacl","IsInherited":false,"InheritanceHash":""},{"PrincipalSID":"S-1-5-21-515537669-4223687196-3249690583-512","PrincipalType":"Group","RightName":"WriteOwner","IsInherited":false,"InheritanceHash":""},{"PrincipalSID":"S-1-5-21-515537669-4223687196-3249690583-512","PrincipalType":"Group","RightName":"AllExtendedRights","IsInherited":false,"InheritanceHash":""},{"PrincipalSID":"S-1-5-21-515537669-4223687196-3249690583-512","PrincipalType":"Group","RightName":"GenericWrite","IsInherited":false,"InheritanceHash":""},{"PrincipalSID":"S-1-5-21-515537669-4223687196-3249690583-519","PrincipalType":"Group","RightName":"WriteDacl","IsInherited":false,"InheritanceHash":""},{"PrincipalSID":"S-1-5-21-515537669-4223687196-3249690583-519","PrincipalType":"Group","RightName":"WriteOwner","IsInherited":false,"InheritanceHash":""},{"PrincipalSID":"S-1-5-21-515537669-4223687196-3249690583-519","PrincipalType":"Group","RightName":"AllExtendedRights","IsInherited":false,"InheritanceHash":""},{"PrincipalSID":"S-1-5-21-515537669-4223687196-3249690583-519","PrincipalType":"Group","RightName":"GenericWrite","IsInherited":false,"InheritanceHash":""}],"ObjectIdentifier":"S-1-5-21-515537669-4223687196-3249690583-500","IsDeleted":false,"IsACLProtected":true,"ContainedBy":{"ObjectIdentifier":"8128ECB4-D5A1-48CC-A4AD-5EC7859417DC","ObjectType":"Container"}},{"Properties":{"domain":"CERTIFICATE.HTB","name":"AKEDER.KH@CERTIFICATE.HTB","distinguishedname":"CN=AKEDER KHAM,CN=USERS,DC=CERTIFICATE,DC=HTB","domainsid":"S-1-5-21-515537669-4223687196-3249690583","samaccountname":"akeder.kh","doesanyacegrantownerrights":false,"doesanyinheritedacegrantownerrights":false,"isaclprotected":false,"whencreated":1732415166,"sensitive":false,"dontreqpreauth":false,"passwordnotreqd":false,"unconstraineddelegation":false,"pwdneverexpires":true,"enabled":true,"trustedtoauth":false,"smartcardrequired":false,"encryptedtextpwdallowed":false,"usedeskeyonly":false,"logonscriptenabled":false,"lockedout":false,"passwordcantchange":false,"passwordexpired":false,"lastlogon":1732416709,"lastlogontimestamp":1735203856,"pwdlastset":1732415166,"serviceprincipalnames":[],"hasspn":false,"displayname":"Akeder Kham","email":null,"title":null,"homedirectory":null,"userpassword":null,"unixpassword":null,"unicodepassword":null,"sfupassword":null,"logonscript":null,"useraccountcontrol":66048,"profilepath":null,"admincount":false,"supportedencryptiontypes":null,"sidhistory":[]},"AllowedToDelegate":[],"PrimaryGroupSID":"S-1-5-21-515537669-4223687196-3249690583-513","HasSIDHistory":[],"SPNTargets":[],"UnconstrainedDelegation":false,"DomainSID":"S-1-5-21-515537669-4223687196-3249690583","Aces":[{"PrincipalSID":"S-1-5-21-515537669-4223687196-3249690583-512","PrincipalType":"Group","RightName":"Owns","IsInherited":false,"InheritanceHash":""},{"PrincipalSID":"CERTIFICATE.HTB-S-1-5-32-548","PrincipalType":"Group","RightName":"GenericAll","IsInherited":false,"InheritanceHash":""},{"PrincipalSID":"S-1-5-21-515537669-4223687196-3249690583-512","PrincipalType":"Group","RightName":"GenericAll","IsInherited":false,"InheritanceHash":""},{"PrincipalSID":"S-1-5-21-515537669-4223687196-3249690583-526","PrincipalType":"Group","RightName":"AddKeyCredentialLink","IsInherited":true,"InheritanceHash":"600B47DCA4EBFC6653152E01C47DE23A371340BB"},{"PrincipalSID":"S-1-5-21-515537669-4223687196-3249690583-527","PrincipalType":"Group","RightName":"AddKeyCredentialLink","IsInherited":true,"InheritanceHash":"6AC3AF2D3BB79BA8F1F08F5DC9CAE806D3FB0781"},{"PrincipalSID":"S-1-5-21-515537669-4223687196-3249690583-519","PrincipalType":"Group","RightName":"GenericAll","IsInherited":true,"InheritanceHash":"13E8665D6D7B06B5A77B1D76A88C9B985C34A1DB"},{"PrincipalSID":"CERTIFICATE.HTB-S-1-5-32-544","PrincipalType":"Group","RightName":"WriteDacl","IsInherited":true,"InheritanceHash":"62C26D4FB3FF64505B03CDD35D648DFBC6C157CC"},{"PrincipalSID":"CERTIFICATE.HTB-S-1-5-32-544","PrincipalType":"Group","RightName":"WriteOwner","IsInherited":true,"InheritanceHash":"62C26D4FB3FF64505B03CDD35D648DFBC6C157CC"},{"PrincipalSID":"CERTIFICATE.HTB-S-1-5-32-544","PrincipalType":"Group","RightName":"AllExtendedRights","IsInherited":true,"InheritanceHash":"62C26D4FB3FF64505B03CDD35D648DFBC6C157CC"},{"PrincipalSID":"CERTIFICATE.HTB-S-1-5-32-544","PrincipalType":"Group","RightName":"GenericWrite","IsInherited":true,"InheritanceHash":"62C26D4FB3FF64505B03CDD35D648DFBC6C157CC"}],"ObjectIdentifier":"S-1-5-21-515537669-4223687196-3249690583-1119","IsDeleted":false,"IsACLProtected":false,"ContainedBy":{"ObjectIdentifier":"8128ECB4-D5A1-48CC-A4AD-5EC7859417DC","ObjectType":"Container"}},{"Properties":{"domain":"CERTIFICATE.HTB","name":"KARA.M@CERTIFICATE.HTB","distinguishedname":"CN=KARA MARCOS,CN=USERS,DC=CERTIFICATE,DC=HTB","domainsid":"S-1-5-21-515537669-4223687196-3249690583","samaccountname":"kara.m","doesanyacegrantownerrights":false,"doesanyinheritedacegrantownerrights":false,"isaclprotected":false,"whencreated":1732415299,"sensitive":false,"dontreqpreauth":false,"passwordnotreqd":false,"unconstraineddelegation":false,"pwdneverexpires":true,"enabled":true,"trustedtoauth":false,"smartcardrequired":false,"encryptedtextpwdallowed":false,"usedeskeyonly":false,"logonscriptenabled":false,"lockedout":false,"passwordcantchange":false,"passwordexpired":false,"lastlogon":0,"lastlogontimestamp":-1,"pwdlastset":1732415299,"serviceprincipalnames":[],"hasspn":false,"displayname":"Kara Marcos","email":null,"title":null,"homedirectory":null,"userpassword":null,"unixpassword":null,"unicodepassword":null,"sfupassword":null,"logonscript":null,"useraccountcontrol":66048,"profilepath":null,"admincount":false,"supportedencryptiontypes":null,"sidhistory":[]},"AllowedToDelegate":[],"PrimaryGroupSID":"S-1-5-21-515537669-4223687196-3249690583-513","HasSIDHistory":[],"SPNTargets":[],"UnconstrainedDelegation":false,"DomainSID":"S-1-5-21-515537669-4223687196-3249690583","Aces":[{"PrincipalSID":"S-1-5-21-515537669-4223687196-3249690583-512","PrincipalType":"Group","RightName":"Owns","IsInherited":false,"InheritanceHash":""},{"PrincipalSID":"CERTIFICATE.HTB-S-1-5-32-548","PrincipalType":"Group","RightName":"GenericAll","IsInherited":false,"InheritanceHash":""},{"PrincipalSID":"S-1-5-21-515537669-4223687196-3249690583-512","PrincipalType":"Group","RightName":"GenericAll","IsInherited":false,"InheritanceHash":""},{"PrincipalSID":"S-1-5-21-515537669-4223687196-3249690583-526","PrincipalType":"Group","RightName":"AddKeyCredentialLink","IsInherited":true,"InheritanceHash":"600B47DCA4EBFC6653152E01C47DE23A371340BB"},{"PrincipalSID":"S-1-5-21-515537669-4223687196-3249690583-527","PrincipalType":"Group","RightName":"AddKeyCredentialLink","IsInherited":true,"InheritanceHash":"6AC3AF2D3BB79BA8F1F08F5DC9CAE806D3FB0781"},{"PrincipalSID":"S-1-5-21-515537669-4223687196-3249690583-519","PrincipalType":"Group","RightName":"GenericAll","IsInherited":true,"InheritanceHash":"13E8665D6D7B06B5A77B1D76A88C9B985C34A1DB"},{"PrincipalSID":"CERTIFICATE.HTB-S-1-5-32-544","PrincipalType":"Group","RightName":"WriteDacl","IsInherited":true,"InheritanceHash":"62C26D4FB3FF64505B03CDD35D648DFBC6C157CC"},{"PrincipalSID":"CERTIFICATE.HTB-S-1-5-32-544","PrincipalType":"Group","RightName":"WriteOwner","IsInherited":true,"InheritanceHash":"62C26D4FB3FF64505B03CDD35D648DFBC6C157CC"},{"PrincipalSID":"CERTIFICATE.HTB-S-1-5-32-544","PrincipalType":"Group","RightName":"AllExtendedRights","IsInherited":true,"InheritanceHash":"62C26D4FB3FF64505B03CDD35D648DFBC6C157CC"},{"PrincipalSID":"CERTIFICATE.HTB-S-1-5-32-544","PrincipalType":"Group","RightName":"GenericWrite","IsInherited":true,"InheritanceHash":"62C26D4FB3FF64505B03CDD35D648DFBC6C157CC"}],"ObjectIdentifier":"S-1-5-21-515537669-4223687196-3249690583-1121","IsDeleted":false,"IsACLProtected":false,"ContainedBy":{"ObjectIdentifier":"8128ECB4-D5A1-48CC-A4AD-5EC7859417DC","ObjectType":"Container"}},{"Properties":{"domain":"CERTIFICATE.HTB","name":"ALEX.D@CERTIFICATE.HTB","distinguishedname":"CN=ALEX DISEL,CN=USERS,DC=CERTIFICATE,DC=HTB","domainsid":"S-1-5-21-515537669-4223687196-3249690583","samaccountname":"Alex.D","doesanyacegrantownerrights":false,"doesanyinheritedacegrantownerrights":false,"isaclprotected":false,"whencreated":1732415408,"sensitive":false,"dontreqpreauth":false,"passwordnotreqd":false,"unconstraineddelegation":false,"pwdneverexpires":true,"enabled":true,"trustedtoauth":false,"smartcardrequired":false,"encryptedtextpwdallowed":false,"usedeskeyonly":false,"logonscriptenabled":false,"lockedout":false,"passwordcantchange":false,"passwordexpired":false,"lastlogon":1732430885,"lastlogontimestamp":1732430885,"pwdlastset":1732430864,"serviceprincipalnames":[],"hasspn":false,"displayname":"Alex Disel","email":"alex.d@certificate.htb","title":null,"homedirectory":null,"userpassword":null,"unixpassword":null,"unicodepassword":null,"sfupassword":null,"logonscript":null,"useraccountcontrol":66048,"profilepath":null,"admincount":false,"supportedencryptiontypes":null,"sidhistory":[]},"AllowedToDelegate":[],"PrimaryGroupSID":"S-1-5-21-515537669-4223687196-3249690583-513","HasSIDHistory":[],"SPNTargets":[],"UnconstrainedDelegation":false,"DomainSID":"S-1-5-21-515537669-4223687196-3249690583","Aces":[{"PrincipalSID":"S-1-5-21-515537669-4223687196-3249690583-512","PrincipalType":"Group","RightName":"Owns","IsInherited":false,"InheritanceHash":""},{"PrincipalSID":"CERTIFICATE.HTB-S-1-5-32-548","PrincipalType":"Group","RightName":"GenericAll","IsInherited":false,"InheritanceHash":""},{"PrincipalSID":"S-1-5-21-515537669-4223687196-3249690583-512","PrincipalType":"Group","RightName":"GenericAll","IsInherited":false,"InheritanceHash":""},{"PrincipalSID":"S-1-5-21-515537669-4223687196-3249690583-526","PrincipalType":"Group","RightName":"AddKeyCredentialLink","IsInherited":true,"InheritanceHash":"600B47DCA4EBFC6653152E01C47DE23A371340BB"},{"PrincipalSID":"S-1-5-21-515537669-4223687196-3249690583-527","PrincipalType":"Group","RightName":"AddKeyCredentialLink","IsInherited":true,"InheritanceHash":"6AC3AF2D3BB79BA8F1F08F5DC9CAE806D3FB0781"},{"PrincipalSID":"S-1-5-21-515537669-4223687196-3249690583-519","PrincipalType":"Group","RightName":"GenericAll","IsInherited":true,"InheritanceHash":"13E8665D6D7B06B5A77B1D76A88C9B985C34A1DB"},{"PrincipalSID":"CERTIFICATE.HTB-S-1-5-32-544","PrincipalType":"Group","RightName":"WriteDacl","IsInherited":true,"InheritanceHash":"62C26D4FB3FF64505B03CDD35D648DFBC6C157CC"},{"PrincipalSID":"CERTIFICATE.HTB-S-1-5-32-544","PrincipalType":"Group","RightName":"WriteOwner","IsInherited":true,"InheritanceHash":"62C26D4FB3FF64505B03CDD35D648DFBC6C157CC"},{"PrincipalSID":"CERTIFICATE.HTB-S-1-5-32-544","PrincipalType":"Group","RightName":"AllExtendedRights","IsInherited":true,"InheritanceHash":"62C26D4FB3FF64505B03CDD35D648DFBC6C157CC"},{"PrincipalSID":"CERTIFICATE.HTB-S-1-5-32-544","PrincipalType":"Group","RightName":"GenericWrite","IsInherited":true,"InheritanceHash":"62C26D4FB3FF64505B03CDD35D648DFBC6C157CC"}],"ObjectIdentifier":"S-1-5-21-515537669-4223687196-3249690583-1124","IsDeleted":false,"IsACLProtected":false,"ContainedBy":{"ObjectIdentifier":"8128ECB4-D5A1-48CC-A4AD-5EC7859417DC","ObjectType":"Container"}},{"Properties":{"domain":"CERTIFICATE.HTB","name":"KAROL.S@CERTIFICATE.HTB","distinguishedname":"CN=KAROL SAM,CN=USERS,DC=CERTIFICATE,DC=HTB","domainsid":"S-1-5-21-515537669-4223687196-3249690583","samaccountname":"karol.s","doesanyacegrantownerrights":false,"doesanyinheritedacegrantownerrights":false,"isaclprotected":false,"whencreated":1732416141,"sensitive":false,"dontreqpreauth":false,"passwordnotreqd":false,"unconstraineddelegation":false,"pwdneverexpires":true,"enabled":true,"trustedtoauth":false,"smartcardrequired":false,"encryptedtextpwdallowed":false,"usedeskeyonly":false,"logonscriptenabled":false,"lockedout":false,"passwordcantchange":false,"passwordexpired":false,"lastlogon":0,"lastlogontimestamp":-1,"pwdlastset":1732416141,"serviceprincipalnames":[],"hasspn":false,"displayname":"Karol Sam","email":null,"title":null,"homedirectory":null,"userpassword":null,"unixpassword":null,"unicodepassword":null,"sfupassword":null,"logonscript":null,"useraccountcontrol":66048,"profilepath":null,"admincount":false,"supportedencryptiontypes":null,"sidhistory":[]},"AllowedToDelegate":[],"PrimaryGroupSID":"S-1-5-21-515537669-4223687196-3249690583-513","HasSIDHistory":[],"SPNTargets":[],"UnconstrainedDelegation":false,"DomainSID":"S-1-5-21-515537669-4223687196-3249690583","Aces":[{"PrincipalSID":"S-1-5-21-515537669-4223687196-3249690583-512","PrincipalType":"Group","RightName":"Owns","IsInherited":false,"InheritanceHash":""},{"PrincipalSID":"CERTIFICATE.HTB-S-1-5-32-548","PrincipalType":"Group","RightName":"GenericAll","IsInherited":false,"InheritanceHash":""},{"PrincipalSID":"S-1-5-21-515537669-4223687196-3249690583-512","PrincipalType":"Group","RightName":"GenericAll","IsInherited":false,"InheritanceHash":""},{"PrincipalSID":"S-1-5-21-515537669-4223687196-3249690583-526","PrincipalType":"Group","RightName":"AddKeyCredentialLink","IsInherited":true,"InheritanceHash":"600B47DCA4EBFC6653152E01C47DE23A371340BB"},{"PrincipalSID":"S-1-5-21-515537669-4223687196-3249690583-527","PrincipalType":"Group","RightName":"AddKeyCredentialLink","IsInherited":true,"InheritanceHash":"6AC3AF2D3BB79BA8F1F08F5DC9CAE806D3FB0781"},{"PrincipalSID":"S-1-5-21-515537669-4223687196-3249690583-519","PrincipalType":"Group","RightName":"GenericAll","IsInherited":true,"InheritanceHash":"13E8665D6D7B06B5A77B1D76A88C9B985C34A1DB"},{"PrincipalSID":"CERTIFICATE.HTB-S-1-5-32-544","PrincipalType":"Group","RightName":"WriteDacl","IsInherited":true,"InheritanceHash":"62C26D4FB3FF64505B03CDD35D648DFBC6C157CC"},{"PrincipalSID":"CERTIFICATE.HTB-S-1-5-32-544","PrincipalType":"Group","RightName":"WriteOwner","IsInherited":true,"InheritanceHash":"62C26D4FB3FF64505B03CDD35D648DFBC6C157CC"},{"PrincipalSID":"CERTIFICATE.HTB-S-1-5-32-544","PrincipalType":"Group","RightName":"AllExtendedRights","IsInherited":true,"InheritanceHash":"62C26D4FB3FF64505B03CDD35D648DFBC6C157CC"},{"PrincipalSID":"CERTIFICATE.HTB-S-1-5-32-544","PrincipalType":"Group","RightName":"GenericWrite","IsInherited":true,"InheritanceHash":"62C26D4FB3FF64505B03CDD35D648DFBC6C157CC"}],"ObjectIdentifier":"S-1-5-21-515537669-4223687196-3249690583-1127","IsDeleted":false,"IsACLProtected":false,"ContainedBy":{"ObjectIdentifier":"8128ECB4-D5A1-48CC-A4AD-5EC7859417DC","ObjectType":"Container"}},{"Properties":{"domain":"CERTIFICATE.HTB","name":"XAMPPUSER@CERTIFICATE.HTB","distinguishedname":"CN=XAMPPUSER,CN=USERS,DC=CERTIFICATE,DC=HTB","domainsid":"S-1-5-21-515537669-4223687196-3249690583","samaccountname":"xamppuser","doesanyacegrantownerrights":false,"doesanyinheritedacegrantownerrights":false,"isaclprotected":true,"whencreated":1735465254,"sensitive":false,"dontreqpreauth":false,"passwordnotreqd":false,"unconstraineddelegation":false,"pwdneverexpires":true,"enabled":true,"trustedtoauth":false,"smartcardrequired":false,"encryptedtextpwdallowed":false,"usedeskeyonly":false,"logonscriptenabled":false,"lockedout":false,"passwordcantchange":false,"passwordexpired":false,"lastlogon":1748865977,"lastlogontimestamp":1747856316,"pwdlastset":1735465324,"serviceprincipalnames":[],"hasspn":false,"displayname":null,"email":null,"title":null,"homedirectory":null,"userpassword":null,"unixpassword":null,"unicodepassword":null,"sfupassword":null,"logonscript":null,"useraccountcontrol":66048,"profilepath":null,"admincount":true,"supportedencryptiontypes":null,"sidhistory":[]},"AllowedToDelegate":[],"PrimaryGroupSID":"S-1-5-21-515537669-4223687196-3249690583-513","HasSIDHistory":[],"SPNTargets":[],"UnconstrainedDelegation":false,"DomainSID":"S-1-5-21-515537669-4223687196-3249690583","Aces":[{"PrincipalSID":"S-1-5-21-515537669-4223687196-3249690583-512","PrincipalType":"Group","RightName":"Owns","IsInherited":false,"InheritanceHash":""},{"PrincipalSID":"CERTIFICATE.HTB-S-1-5-32-544","PrincipalType":"Group","RightName":"WriteDacl","IsInherited":false,"InheritanceHash":""},{"PrincipalSID":"CERTIFICATE.HTB-S-1-5-32-544","PrincipalType":"Group","RightName":"WriteOwner","IsInherited":false,"InheritanceHash":""},{"PrincipalSID":"CERTIFICATE.HTB-S-1-5-32-544","PrincipalType":"Group","RightName":"AllExtendedRights","IsInherited":false,"InheritanceHash":""},{"PrincipalSID":"CERTIFICATE.HTB-S-1-5-32-544","PrincipalType":"Group","RightName":"GenericWrite","IsInherited":false,"InheritanceHash":""},{"PrincipalSID":"S-1-5-21-515537669-4223687196-3249690583-512","PrincipalType":"Group","RightName":"WriteDacl","IsInherited":false,"InheritanceHash":""},{"PrincipalSID":"S-1-5-21-515537669-4223687196-3249690583-512","PrincipalType":"Group","RightName":"WriteOwner","IsInherited":false,"InheritanceHash":""},{"PrincipalSID":"S-1-5-21-515537669-4223687196-3249690583-512","PrincipalType":"Group","RightName":"AllExtendedRights","IsInherited":false,"InheritanceHash":""},{"PrincipalSID":"S-1-5-21-515537669-4223687196-3249690583-512","PrincipalType":"Group","RightName":"GenericWrite","IsInherited":false,"InheritanceHash":""},{"PrincipalSID":"S-1-5-21-515537669-4223687196-3249690583-519","PrincipalType":"Group","RightName":"WriteDacl","IsInherited":false,"InheritanceHash":""},{"PrincipalSID":"S-1-5-21-515537669-4223687196-3249690583-519","PrincipalType":"Group","RightName":"WriteOwner","IsInherited":false,"InheritanceHash":""},{"PrincipalSID":"S-1-5-21-515537669-4223687196-3249690583-519","PrincipalType":"Group","RightName":"AllExtendedRights","IsInherited":false,"InheritanceHash":""},{"PrincipalSID":"S-1-5-21-515537669-4223687196-3249690583-519","PrincipalType":"Group","RightName":"GenericWrite","IsInherited":false,"InheritanceHash":""}],"ObjectIdentifier":"S-1-5-21-515537669-4223687196-3249690583-1130","IsDeleted":false,"IsACLProtected":true,"ContainedBy":{"ObjectIdentifier":"8128ECB4-D5A1-48CC-A4AD-5EC7859417DC","ObjectType":"Container"}},{"Properties":{"domain":"CERTIFICATE.HTB","name":"SAAD.M@CERTIFICATE.HTB","distinguishedname":"CN=SAAD MAHER,CN=USERS,DC=CERTIFICATE,DC=HTB","domainsid":"S-1-5-21-515537669-4223687196-3249690583","samaccountname":"saad.m","doesanyacegrantownerrights":false,"doesanyinheritedacegrantownerrights":false,"isaclprotected":false,"whencreated":1732416263,"sensitive":false,"dontreqpreauth":false,"passwordnotreqd":false,"unconstraineddelegation":false,"pwdneverexpires":true,"enabled":true,"trustedtoauth":false,"smartcardrequired":false,"encryptedtextpwdallowed":false,"usedeskeyonly":false,"logonscriptenabled":false,"lockedout":false,"passwordcantchange":false,"passwordexpired":false,"lastlogon":0,"lastlogontimestamp":-1,"pwdlastset":1732416263,"serviceprincipalnames":[],"hasspn":false,"displayname":"Saad Maher","email":"saad.m@certificate.htb","title":null,"homedirectory":null,"userpassword":null,"unixpassword":null,"unicodepassword":null,"sfupassword":null,"logonscript":null,"useraccountcontrol":66048,"profilepath":null,"admincount":false,"supportedencryptiontypes":null,"sidhistory":[]},"AllowedToDelegate":[],"PrimaryGroupSID":"S-1-5-21-515537669-4223687196-3249690583-513","HasSIDHistory":[],"SPNTargets":[],"UnconstrainedDelegation":false,"DomainSID":"S-1-5-21-515537669-4223687196-3249690583","Aces":[{"PrincipalSID":"S-1-5-21-515537669-4223687196-3249690583-512","PrincipalType":"Group","RightName":"Owns","IsInherited":false,"InheritanceHash":""},{"PrincipalSID":"CERTIFICATE.HTB-S-1-5-32-548","PrincipalType":"Group","RightName":"GenericAll","IsInherited":false,"InheritanceHash":""},{"PrincipalSID":"S-1-5-21-515537669-4223687196-3249690583-512","PrincipalType":"Group","RightName":"GenericAll","IsInherited":false,"InheritanceHash":""},{"PrincipalSID":"S-1-5-21-515537669-4223687196-3249690583-526","PrincipalType":"Group","RightName":"AddKeyCredentialLink","IsInherited":true,"InheritanceHash":"600B47DCA4EBFC6653152E01C47DE23A371340BB"},{"PrincipalSID":"S-1-5-21-515537669-4223687196-3249690583-527","PrincipalType":"Group","RightName":"AddKeyCredentialLink","IsInherited":true,"InheritanceHash":"6AC3AF2D3BB79BA8F1F08F5DC9CAE806D3FB0781"},{"PrincipalSID":"S-1-5-21-515537669-4223687196-3249690583-519","PrincipalType":"Group","RightName":"GenericAll","IsInherited":true,"InheritanceHash":"13E8665D6D7B06B5A77B1D76A88C9B985C34A1DB"},{"PrincipalSID":"CERTIFICATE.HTB-S-1-5-32-544","PrincipalType":"Group","RightName":"WriteDacl","IsInherited":true,"InheritanceHash":"62C26D4FB3FF64505B03CDD35D648DFBC6C157CC"},{"PrincipalSID":"CERTIFICATE.HTB-S-1-5-32-544","PrincipalType":"Group","RightName":"WriteOwner","IsInherited":true,"InheritanceHash":"62C26D4FB3FF64505B03CDD35D648DFBC6C157CC"},{"PrincipalSID":"CERTIFICATE.HTB-S-1-5-32-544","PrincipalType":"Group","RightName":"AllExtendedRights","IsInherited":true,"InheritanceHash":"62C26D4FB3FF64505B03CDD35D648DFBC6C157CC"},{"PrincipalSID":"CERTIFICATE.HTB-S-1-5-32-544","PrincipalType":"Group","RightName":"GenericWrite","IsInherited":true,"InheritanceHash":"62C26D4FB3FF64505B03CDD35D648DFBC6C157CC"}],"ObjectIdentifier":"S-1-5-21-515537669-4223687196-3249690583-1128","IsDeleted":false,"IsACLProtected":false,"ContainedBy":{"ObjectIdentifier":"8128ECB4-D5A1-48CC-A4AD-5EC7859417DC","ObjectType":"Container"}}],"meta":{"methods":15725567,"type":"users","count":18,"version":6,"collectorversion":"2.6.6.0"}}