{"data":[{"Properties":{"domain":"CERTIFICATE.HTB","name":"CERTIFICATE-DC01-CA@CERTIFICATE.HTB","distinguishedname":"CN=CERTIFICATE-DC01-CA,CN=CERTIFICATION AUTHORITIES,CN=PUBLIC KEY SERVICES,CN=SERVICES,CN=CONFIGURATION,DC=CERTIFICATE,DC=HTB","domainsid":"S-1-5-21-515537669-4223687196-3249690583","doesanyacegrantownerrights":false,"doesanyinheritedacegrantownerrights":false,"isaclprotected":false,"whencreated":1730673641,"certthumbprint":"82AD1E0C20A332C8D6ADAC3E5EA243204B85D3A7","certname":"82AD1E0C20A332C8D6ADAC3E5EA243204B85D3A7","certchain":["82AD1E0C20A332C8D6ADAC3E5EA243204B85D3A7"],"hasbasicconstraints":false,"basicconstraintpathlength":0},"DomainSID":"S-1-5-21-515537669-4223687196-3249690583","Aces":[{"PrincipalSID":"S-1-5-21-515537669-4223687196-3249690583-519","PrincipalType":"Group","RightName":"Owns","IsInherited":false,"InheritanceHash":""},{"PrincipalSID":"CERTIFICATE.HTB-S-1-5-32-544","PrincipalType":"Group","RightName":"GenericAll","IsInherited":false,"InheritanceHash":""},{"PrincipalSID":"S-1-5-21-515537669-4223687196-3249690583-512","PrincipalType":"Group","RightName":"GenericAll","IsInherited":false,"InheritanceHash":""},{"PrincipalSID":"S-1-5-21-515537669-4223687196-3249690583-517","PrincipalType":"Group","RightName":"GenericAll","IsInherited":false,"InheritanceHash":""},{"PrincipalSID":"S-1-5-21-515537669-4223687196-3249690583-519","PrincipalType":"Group","RightName":"GenericAll","IsInherited":false,"InheritanceHash":""},{"PrincipalSID":"S-1-5-21-515537669-4223687196-3249690583-519","PrincipalType":"Group","RightName":"GenericAll","IsInherited":true,"InheritanceHash":"13E8665D6D7B06B5A77B1D76A88C9B985C34A1DB"},{"PrincipalSID":"S-1-5-21-515537669-4223687196-3249690583-512","PrincipalType":"Group","RightName":"WriteDacl","IsInherited":true,"InheritanceHash":"3C2A85AA99C3D31D0F5B50285764C25A080801D8"},{"PrincipalSID":"S-1-5-21-515537669-4223687196-3249690583-512","PrincipalType":"Group","RightName":"WriteOwner","IsInherited":true,"InheritanceHash":"3C2A85AA99C3D31D0F5B50285764C25A080801D8"},{"PrincipalSID":"S-1-5-21-515537669-4223687196-3249690583-512","PrincipalType":"Group","RightName":"GenericWrite","IsInherited":true,"InheritanceHash":"3C2A85AA99C3D31D0F5B50285764C25A080801D8"}],"ObjectIdentifier":"F9C225BF-A0E4-4DC4-879D-F79E32D7E40F","IsDeleted":false,"IsACLProtected":false,"ContainedBy":{"ObjectIdentifier":"2638C9B1-C790-4660-BC66-2D0EF63875CB","ObjectType":"Container"}},{"Properties":{"domain":"CERTIFICATE.HTB","name":"CERTIFICATE-LTD-CA@CERTIFICATE.HTB","distinguishedname":"CN=CERTIFICATE-LTD-CA,CN=CERTIFICATION AUTHORITIES,CN=PUBLIC KEY SERVICES,CN=SERVICES,CN=CONFIGURATION,DC=CERTIFICATE,DC=HTB","domainsid":"S-1-5-21-515537669-4223687196-3249690583","doesanyacegrantownerrights":false,"doesanyinheritedacegrantownerrights":false,"isaclprotected":false,"whencreated":1730675119,"certthumbprint":"2F02901DCFF083ED3DBB6CB0A15BBFEE6002B1A8","certname":"2F02901DCFF083ED3DBB6CB0A15BBFEE6002B1A8","certchain":["2F02901DCFF083ED3DBB6CB0A15BBFEE6002B1A8"],"hasbasicconstraints":false,"basicconstraintpathlength":0},"DomainSID":"S-1-5-21-515537669-4223687196-3249690583","Aces":[{"PrincipalSID":"S-1-5-21-515537669-4223687196-3249690583-519","PrincipalType":"Group","RightName":"Owns","IsInherited":false,"InheritanceHash":""},{"PrincipalSID":"CERTIFICATE.HTB-S-1-5-32-544","PrincipalType":"Group","RightName":"GenericAll","IsInherited":false,"InheritanceHash":""},{"PrincipalSID":"S-1-5-21-515537669-4223687196-3249690583-512","PrincipalType":"Group","RightName":"GenericAll","IsInherited":false,"InheritanceHash":""},{"PrincipalSID":"S-1-5-21-515537669-4223687196-3249690583-517","PrincipalType":"Group","RightName":"GenericAll","IsInherited":false,"InheritanceHash":""},{"PrincipalSID":"S-1-5-21-515537669-4223687196-3249690583-519","PrincipalType":"Group","RightName":"GenericAll","IsInherited":false,"InheritanceHash":""},{"PrincipalSID":"S-1-5-21-515537669-4223687196-3249690583-519","PrincipalType":"Group","RightName":"GenericAll","IsInherited":true,"InheritanceHash":"13E8665D6D7B06B5A77B1D76A88C9B985C34A1DB"},{"PrincipalSID":"S-1-5-21-515537669-4223687196-3249690583-512","PrincipalType":"Group","RightName":"WriteDacl","IsInherited":true,"InheritanceHash":"3C2A85AA99C3D31D0F5B50285764C25A080801D8"},{"PrincipalSID":"S-1-5-21-515537669-4223687196-3249690583-512","PrincipalType":"Group","RightName":"WriteOwner","IsInherited":true,"InheritanceHash":"3C2A85AA99C3D31D0F5B50285764C25A080801D8"},{"PrincipalSID":"S-1-5-21-515537669-4223687196-3249690583-512","PrincipalType":"Group","RightName":"GenericWrite","IsInherited":true,"InheritanceHash":"3C2A85AA99C3D31D0F5B50285764C25A080801D8"}],"ObjectIdentifier":"AA597030-6246-4EB9-B19F-CC509435C9F5","IsDeleted":false,"IsACLProtected":false,"ContainedBy":{"ObjectIdentifier":"2638C9B1-C790-4660-BC66-2D0EF63875CB","ObjectType":"Container"}}],"meta":{"methods":15725567,"type":"rootcas","count":2,"version":6,"collectorversion":"2.6.6.0"}}