{"data":[{"Properties":{"domain":"CERTIFICATE.HTB","name":"CERTIFICATE-LTD-CA@CERTIFICATE.HTB","distinguishedname":"CN=CERTIFICATE-LTD-CA,CN=ENROLLMENT SERVICES,CN=PUBLIC KEY SERVICES,CN=SERVICES,CN=CONFIGURATION,DC=CERTIFICATE,DC=HTB","domainsid":"S-1-5-21-515537669-4223687196-3249690583","doesanyacegrantownerrights":false,"doesanyinheritedacegrantownerrights":false,"isaclprotected":false,"whencreated":1730675119,"flags":"SUPPORTS_NT_AUTHENTICATION, CA_SERVERTYPE_ADVANCED","caname":"Certificate-LTD-CA","dnshostname":"DC01.certificate.htb","certthumbprint":"2F02901DCFF083ED3DBB6CB0A15BBFEE6002B1A8","certname":"2F02901DCFF083ED3DBB6CB0A15BBFEE6002B1A8","certchain":["2F02901DCFF083ED3DBB6CB0A15BBFEE6002B1A8"],"hasbasicconstraints":false,"basicconstraintpathlength":0,"unresolvedpublishedtemplates":[],"casecuritycollected":true,"enrollmentagentrestrictionscollected":true,"isuserspecifiessanenabledcollected":true,"roleseparationenabledcollected":true},"HostingComputer":"S-1-5-21-515537669-4223687196-3249690583-1000","CARegistryData":{"CASecurity":{"Data":[{"PrincipalSID":"CERTIFICATE.HTB-S-1-5-32-544","PrincipalType":"Group","RightName":"Owns","IsInherited":false,"InheritanceHash":null},{"PrincipalSID":"CERTIFICATE.HTB-S-1-5-11","PrincipalType":"Group","RightName":"Enroll","IsInherited":false,"InheritanceHash":null},{"PrincipalSID":"CERTIFICATE.HTB-S-1-5-32-544","PrincipalType":"Group","RightName":"ManageCA","IsInherited":false,"InheritanceHash":null},{"PrincipalSID":"CERTIFICATE.HTB-S-1-5-32-544","PrincipalType":"Group","RightName":"ManageCertificates","IsInherited":false,"InheritanceHash":null},{"PrincipalSID":"S-1-5-21-515537669-4223687196-3249690583-512","PrincipalType":"Group","RightName":"ManageCA","IsInherited":false,"InheritanceHash":null},{"PrincipalSID":"S-1-5-21-515537669-4223687196-3249690583-512","PrincipalType":"Group","RightName":"ManageCertificates","IsInherited":false,"InheritanceHash":null},{"PrincipalSID":"S-1-5-21-515537669-4223687196-3249690583-519","PrincipalType":"Group","RightName":"ManageCA","IsInherited":false,"InheritanceHash":null},{"PrincipalSID":"S-1-5-21-515537669-4223687196-3249690583-519","PrincipalType":"Group","RightName":"ManageCertificates","IsInherited":false,"InheritanceHash":null}],"Collected":true,"FailureReason":null},"EnrollmentAgentRestrictions":{"Restrictions":[],"Collected":true,"FailureReason":null},"IsUserSpecifiesSanEnabled":{"Value":false,"Collected":true,"FailureReason":null},"RoleSeparationEnabled":{"Value":false,"Collected":true,"FailureReason":null}},"EnabledCertTemplates":[{"ObjectIdentifier":"9B0EED7D-4021-47E3-B444-5F8EC256A840","ObjectType":"CertTemplate"},{"ObjectIdentifier":"5D90FBD7-FCF1-4EFE-A99E-F6E48846F0E0","ObjectType":"CertTemplate"},{"ObjectIdentifier":"E5C7E554-8FC6-4794-B3AC-B8745F255394","ObjectType":"CertTemplate"},{"ObjectIdentifier":"E3679DC8-B8F1-43BA-85EF-B3C2BB06561F","ObjectType":"CertTemplate"},{"ObjectIdentifier":"9A86A475-24BB-43D4-B982-08E76A2EC7F9","ObjectType":"CertTemplate"},{"ObjectIdentifier":"9587192C-CF40-4911-9951-1C3FF29AC690","ObjectType":"CertTemplate"},{"ObjectIdentifier":"70482C8D-CFD0-410A-8575-E7994DD764DB","ObjectType":"CertTemplate"},{"ObjectIdentifier":"CBE59E1A-ADDC-4A00-9F95-07938AD6798E","ObjectType":"CertTemplate"},{"ObjectIdentifier":"CD6B0E99-A6CD-4893-9F3E-87A414F1D2C0","ObjectType":"CertTemplate"},{"ObjectIdentifier":"5B0EBBA8-E3A2-4A8C-B0BB-86D0EDC86C2D","ObjectType":"CertTemplate"},{"ObjectIdentifier":"0FEE665D-F189-4AC8-85FA-87F208464B35","ObjectType":"CertTemplate"},{"ObjectIdentifier":"C9387826-AAA0-4846-9480-4C8A5EC0653E","ObjectType":"CertTemplate"}],"HttpEnrollmentEndpoints":[{"Result":null,"Collected":false,"FailureReason":"HttpRequestException occured checking NTLM accessibility for URL: http://dc01.certificate.htb/certsrv/. Exception: Response status code does not indicate success: 404 (Not Found)."},{"Result":null,"Collected":false,"FailureReason":"HttpRequestException occured checking NTLM accessibility for URL: https://dc01.certificate.htb/certsrv/. Exception: Response status code does not indicate success: 404 (Not Found)."},{"Result":null,"Collected":false,"FailureReason":"HttpRequestException occured checking NTLM accessibility for URL: http://dc01.certificate.htb/Certificate-LTD-CA_CES_Kerberos/service.svc. Exception: Response status code does not indicate success: 404 (Not Found)."},{"Result":null,"Collected":false,"FailureReason":"HttpRequestException occured checking NTLM accessibility for URL: https://dc01.certificate.htb/Certificate-LTD-CA_CES_Kerberos/service.svc. Exception: Response status code does not indicate success: 404 (Not Found)."}],"Aces":[{"PrincipalSID":"S-1-5-21-515537669-4223687196-3249690583-519","PrincipalType":"Group","RightName":"Owns","IsInherited":false,"InheritanceHash":""},{"PrincipalSID":"S-1-5-21-515537669-4223687196-3249690583-519","PrincipalType":"Group","RightName":"WriteDacl","IsInherited":false,"InheritanceHash":""},{"PrincipalSID":"S-1-5-21-515537669-4223687196-3249690583-519","PrincipalType":"Group","RightName":"WriteOwner","IsInherited":false,"InheritanceHash":""},{"PrincipalSID":"S-1-5-21-515537669-4223687196-3249690583-519","PrincipalType":"Group","RightName":"GenericWrite","IsInherited":false,"InheritanceHash":""},{"PrincipalSID":"S-1-5-21-515537669-4223687196-3249690583-519","PrincipalType":"Group","RightName":"ManageCA","IsInherited":false,"InheritanceHash":""},{"PrincipalSID":"S-1-5-21-515537669-4223687196-3249690583-519","PrincipalType":"Group","RightName":"ManageCertificates","IsInherited":false,"InheritanceHash":""},{"PrincipalSID":"S-1-5-21-515537669-4223687196-3249690583-1000","PrincipalType":"Computer","RightName":"WriteDacl","IsInherited":false,"InheritanceHash":""},{"PrincipalSID":"S-1-5-21-515537669-4223687196-3249690583-1000","PrincipalType":"Computer","RightName":"WriteOwner","IsInherited":false,"InheritanceHash":""},{"PrincipalSID":"S-1-5-21-515537669-4223687196-3249690583-1000","PrincipalType":"Computer","RightName":"GenericWrite","IsInherited":false,"InheritanceHash":""},{"PrincipalSID":"S-1-5-21-515537669-4223687196-3249690583-1000","PrincipalType":"Computer","RightName":"ManageCA","IsInherited":false,"InheritanceHash":""},{"PrincipalSID":"S-1-5-21-515537669-4223687196-3249690583-1000","PrincipalType":"Computer","RightName":"ManageCertificates","IsInherited":false,"InheritanceHash":""},{"PrincipalSID":"CERTIFICATE.HTB-S-1-5-11","PrincipalType":"Group","RightName":"Enroll","IsInherited":false,"InheritanceHash":""},{"PrincipalSID":"S-1-5-21-515537669-4223687196-3249690583-519","PrincipalType":"Group","RightName":"GenericAll","IsInherited":true,"InheritanceHash":"13E8665D6D7B06B5A77B1D76A88C9B985C34A1DB"},{"PrincipalSID":"S-1-5-21-515537669-4223687196-3249690583-512","PrincipalType":"Group","RightName":"WriteDacl","IsInherited":true,"InheritanceHash":"3C2A85AA99C3D31D0F5B50285764C25A080801D8"},{"PrincipalSID":"S-1-5-21-515537669-4223687196-3249690583-512","PrincipalType":"Group","RightName":"WriteOwner","IsInherited":true,"InheritanceHash":"3C2A85AA99C3D31D0F5B50285764C25A080801D8"},{"PrincipalSID":"S-1-5-21-515537669-4223687196-3249690583-512","PrincipalType":"Group","RightName":"GenericWrite","IsInherited":true,"InheritanceHash":"3C2A85AA99C3D31D0F5B50285764C25A080801D8"},{"PrincipalSID":"S-1-5-21-515537669-4223687196-3249690583-512","PrincipalType":"Group","RightName":"ManageCA","IsInherited":true,"InheritanceHash":"3C2A85AA99C3D31D0F5B50285764C25A080801D8"}],"ObjectIdentifier":"F4293A67-37AD-4975-B25E-63202654CF08","IsDeleted":false,"IsACLProtected":false,"ContainedBy":{"ObjectIdentifier":"9031EB83-DC5F-4B73-99AB-3FE21858D708","ObjectType":"Container"}}],"meta":{"methods":15725567,"type":"enterprisecas","count":1,"version":6,"collectorversion":"2.6.6.0"}}