{"data":[{"GPOChanges":{"LocalAdmins":[],"RemoteDesktopUsers":[],"DcomUsers":[],"PSRemoteUsers":[],"AffectedComputers":[]},"Properties":{"domain":"INLANEFREIGHT.LOCAL","name":"DOMAIN CONTROLLERS@INLANEFREIGHT.LOCAL","distinguishedname":"OU=DOMAIN CONTROLLERS,DC=INLANEFREIGHT,DC=LOCAL","domainsid":"S-1-5-21-2270287766-1317258649-2146029398","doesanyacegrantownerrights":false,"doesanyinheritedacegrantownerrights":false,"isaclprotected":false,"description":"Default container for domain controllers","whencreated":1648630414,"blocksinheritance":false},"Links":[{"IsEnforced":false,"GUID":"AA7ECF43-288B-4A00-AAF4-D092C249DA6B"}],"ChildObjects":[],"InheritanceHashes":[],"Aces":[{"PrincipalSID":"S-1-5-21-2270287766-1317258649-2146029398-512","PrincipalType":"Group","RightName":"Owns","IsInherited":false,"InheritanceHash":""},{"PrincipalSID":"S-1-5-21-2270287766-1317258649-2146029398-512","PrincipalType":"Group","RightName":"WriteDacl","IsInherited":false,"InheritanceHash":""},{"PrincipalSID":"S-1-5-21-2270287766-1317258649-2146029398-512","PrincipalType":"Group","RightName":"WriteOwner","IsInherited":false,"InheritanceHash":""},{"PrincipalSID":"S-1-5-21-2270287766-1317258649-2146029398-512","PrincipalType":"Group","RightName":"GenericWrite","IsInherited":false,"InheritanceHash":""},{"PrincipalSID":"S-1-5-21-2270287766-1317258649-2146029398-519","PrincipalType":"Group","RightName":"GenericAll","IsInherited":true,"InheritanceHash":"DCAC7090E2599AEA800A4B3F5543BC7E9B5D4751"},{"PrincipalSID":"INLANEFREIGHT.LOCAL-S-1-5-32-544","PrincipalType":"Group","RightName":"WriteDacl","IsInherited":true,"InheritanceHash":"62C26D4FB3FF64505B03CDD35D648DFBC6C157CC"},{"PrincipalSID":"INLANEFREIGHT.LOCAL-S-1-5-32-544","PrincipalType":"Group","RightName":"WriteOwner","IsInherited":true,"InheritanceHash":"62C26D4FB3FF64505B03CDD35D648DFBC6C157CC"},{"PrincipalSID":"INLANEFREIGHT.LOCAL-S-1-5-32-544","PrincipalType":"Group","RightName":"GenericWrite","IsInherited":true,"InheritanceHash":"62C26D4FB3FF64505B03CDD35D648DFBC6C157CC"}],"ObjectIdentifier":"9A3C9B90-00E0-4DD1-905F-9FA62EEE403B","IsDeleted":false,"IsACLProtected":false,"ContainedBy":{"ObjectIdentifier":"S-1-5-21-2270287766-1317258649-2146029398","ObjectType":"Domain"}},{"GPOChanges":{"LocalAdmins":[],"RemoteDesktopUsers":[],"DcomUsers":[],"PSRemoteUsers":[],"AffectedComputers":[]},"Properties":{"domain":"INLANEFREIGHT.LOCAL","name":"CORP@INLANEFREIGHT.LOCAL","distinguishedname":"OU=CORP,DC=INLANEFREIGHT,DC=LOCAL","domainsid":"S-1-5-21-2270287766-1317258649-2146029398","doesanyacegrantownerrights":false,"doesanyinheritedacegrantownerrights":false,"isaclprotected":false,"description":"Corp Organization","whencreated":1648631237,"blocksinheritance":false},"Links":[],"ChildObjects":[],"InheritanceHashes":[],"Aces":[{"PrincipalSID":"S-1-5-21-2270287766-1317258649-2146029398-512","PrincipalType":"Group","RightName":"Owns","IsInherited":false,"InheritanceHash":""},{"PrincipalSID":"S-1-5-21-2270287766-1317258649-2146029398-512","PrincipalType":"Group","RightName":"GenericAll","IsInherited":false,"InheritanceHash":""},{"PrincipalSID":"S-1-5-21-2270287766-1317258649-2146029398-519","PrincipalType":"Group","RightName":"GenericAll","IsInherited":true,"InheritanceHash":"DCAC7090E2599AEA800A4B3F5543BC7E9B5D4751"},{"PrincipalSID":"INLANEFREIGHT.LOCAL-S-1-5-32-544","PrincipalType":"Group","RightName":"WriteDacl","IsInherited":true,"InheritanceHash":"62C26D4FB3FF64505B03CDD35D648DFBC6C157CC"},{"PrincipalSID":"INLANEFREIGHT.LOCAL-S-1-5-32-544","PrincipalType":"Group","RightName":"WriteOwner","IsInherited":true,"InheritanceHash":"62C26D4FB3FF64505B03CDD35D648DFBC6C157CC"},{"PrincipalSID":"INLANEFREIGHT.LOCAL-S-1-5-32-544","PrincipalType":"Group","RightName":"GenericWrite","IsInherited":true,"InheritanceHash":"62C26D4FB3FF64505B03CDD35D648DFBC6C157CC"}],"ObjectIdentifier":"6E4DA34B-77F4-4CE4-84EA-A4DB20122606","IsDeleted":false,"IsACLProtected":false,"ContainedBy":{"ObjectIdentifier":"S-1-5-21-2270287766-1317258649-2146029398","ObjectType":"Domain"}},{"GPOChanges":{"LocalAdmins":[],"RemoteDesktopUsers":[],"DcomUsers":[],"PSRemoteUsers":[],"AffectedComputers":[]},"Properties":{"domain":"INLANEFREIGHT.LOCAL","name":"IT@INLANEFREIGHT.LOCAL","distinguishedname":"OU=IT,OU=CORP,DC=INLANEFREIGHT,DC=LOCAL","domainsid":"S-1-5-21-2270287766-1317258649-2146029398","doesanyacegrantownerrights":false,"doesanyinheritedacegrantownerrights":false,"isaclprotected":false,"description":"Information Technology personnel ","whencreated":1648631237,"blocksinheritance":false},"Links":[],"ChildObjects":[],"InheritanceHashes":[],"Aces":[{"PrincipalSID":"S-1-5-21-2270287766-1317258649-2146029398-512","PrincipalType":"Group","RightName":"Owns","IsInherited":false,"InheritanceHash":""},{"PrincipalSID":"S-1-5-21-2270287766-1317258649-2146029398-512","PrincipalType":"Group","RightName":"GenericAll","IsInherited":false,"InheritanceHash":""},{"PrincipalSID":"S-1-5-21-2270287766-1317258649-2146029398-519","PrincipalType":"Group","RightName":"GenericAll","IsInherited":true,"InheritanceHash":"DCAC7090E2599AEA800A4B3F5543BC7E9B5D4751"},{"PrincipalSID":"INLANEFREIGHT.LOCAL-S-1-5-32-544","PrincipalType":"Group","RightName":"WriteDacl","IsInherited":true,"InheritanceHash":"62C26D4FB3FF64505B03CDD35D648DFBC6C157CC"},{"PrincipalSID":"INLANEFREIGHT.LOCAL-S-1-5-32-544","PrincipalType":"Group","RightName":"WriteOwner","IsInherited":true,"InheritanceHash":"62C26D4FB3FF64505B03CDD35D648DFBC6C157CC"},{"PrincipalSID":"INLANEFREIGHT.LOCAL-S-1-5-32-544","PrincipalType":"Group","RightName":"GenericWrite","IsInherited":true,"InheritanceHash":"62C26D4FB3FF64505B03CDD35D648DFBC6C157CC"}],"ObjectIdentifier":"81CFC0E2-DEAB-4499-B9C4-95F0812B69A1","IsDeleted":false,"IsACLProtected":false,"ContainedBy":{"ObjectIdentifier":"6E4DA34B-77F4-4CE4-84EA-A4DB20122606","ObjectType":"OU"}},{"GPOChanges":{"LocalAdmins":[],"RemoteDesktopUsers":[],"DcomUsers":[],"PSRemoteUsers":[],"AffectedComputers":[]},"Properties":{"domain":"INLANEFREIGHT.LOCAL","name":"HELPDESK@INLANEFREIGHT.LOCAL","distinguishedname":"OU=HELPDESK,OU=IT,OU=CORP,DC=INLANEFREIGHT,DC=LOCAL","domainsid":"S-1-5-21-2270287766-1317258649-2146029398","doesanyacegrantownerrights":false,"doesanyinheritedacegrantownerrights":false,"isaclprotected":false,"description":"Help Desk personnel ","whencreated":1648631237,"blocksinheritance":false},"Links":[],"ChildObjects":[],"InheritanceHashes":[],"Aces":[{"PrincipalSID":"S-1-5-21-2270287766-1317258649-2146029398-512","PrincipalType":"Group","RightName":"Owns","IsInherited":false,"InheritanceHash":""},{"PrincipalSID":"S-1-5-21-2270287766-1317258649-2146029398-512","PrincipalType":"Group","RightName":"GenericAll","IsInherited":false,"InheritanceHash":""},{"PrincipalSID":"S-1-5-21-2270287766-1317258649-2146029398-519","PrincipalType":"Group","RightName":"GenericAll","IsInherited":true,"InheritanceHash":"DCAC7090E2599AEA800A4B3F5543BC7E9B5D4751"},{"PrincipalSID":"INLANEFREIGHT.LOCAL-S-1-5-32-544","PrincipalType":"Group","RightName":"WriteDacl","IsInherited":true,"InheritanceHash":"62C26D4FB3FF64505B03CDD35D648DFBC6C157CC"},{"PrincipalSID":"INLANEFREIGHT.LOCAL-S-1-5-32-544","PrincipalType":"Group","RightName":"WriteOwner","IsInherited":true,"InheritanceHash":"62C26D4FB3FF64505B03CDD35D648DFBC6C157CC"},{"PrincipalSID":"INLANEFREIGHT.LOCAL-S-1-5-32-544","PrincipalType":"Group","RightName":"GenericWrite","IsInherited":true,"InheritanceHash":"62C26D4FB3FF64505B03CDD35D648DFBC6C157CC"}],"ObjectIdentifier":"270EB06D-9A9D-4ACD-848A-426976DBECF1","IsDeleted":false,"IsACLProtected":false,"ContainedBy":{"ObjectIdentifier":"81CFC0E2-DEAB-4499-B9C4-95F0812B69A1","ObjectType":"OU"}},{"GPOChanges":{"LocalAdmins":[],"RemoteDesktopUsers":[],"DcomUsers":[],"PSRemoteUsers":[],"AffectedComputers":[]},"Properties":{"domain":"INLANEFREIGHT.LOCAL","name":"SERVER ADMIN@INLANEFREIGHT.LOCAL","distinguishedname":"OU=SERVER ADMIN,OU=IT,OU=CORP,DC=INLANEFREIGHT,DC=LOCAL","domainsid":"S-1-5-21-2270287766-1317258649-2146029398","doesanyacegrantownerrights":false,"doesanyinheritedacegrantownerrights":false,"isaclprotected":false,"description":"Server Administrators","whencreated":1648631237,"blocksinheritance":false},"Links":[],"ChildObjects":[],"InheritanceHashes":[],"Aces":[{"PrincipalSID":"S-1-5-21-2270287766-1317258649-2146029398-512","PrincipalType":"Group","RightName":"Owns","IsInherited":false,"InheritanceHash":""},{"PrincipalSID":"S-1-5-21-2270287766-1317258649-2146029398-512","PrincipalType":"Group","RightName":"GenericAll","IsInherited":false,"InheritanceHash":""},{"PrincipalSID":"S-1-5-21-2270287766-1317258649-2146029398-519","PrincipalType":"Group","RightName":"GenericAll","IsInherited":true,"InheritanceHash":"DCAC7090E2599AEA800A4B3F5543BC7E9B5D4751"},{"PrincipalSID":"INLANEFREIGHT.LOCAL-S-1-5-32-544","PrincipalType":"Group","RightName":"WriteDacl","IsInherited":true,"InheritanceHash":"62C26D4FB3FF64505B03CDD35D648DFBC6C157CC"},{"PrincipalSID":"INLANEFREIGHT.LOCAL-S-1-5-32-544","PrincipalType":"Group","RightName":"WriteOwner","IsInherited":true,"InheritanceHash":"62C26D4FB3FF64505B03CDD35D648DFBC6C157CC"},{"PrincipalSID":"INLANEFREIGHT.LOCAL-S-1-5-32-544","PrincipalType":"Group","RightName":"GenericWrite","IsInherited":true,"InheritanceHash":"62C26D4FB3FF64505B03CDD35D648DFBC6C157CC"}],"ObjectIdentifier":"EBCAF229-EA38-461D-8283-29163A56BA79","IsDeleted":false,"IsACLProtected":false,"ContainedBy":{"ObjectIdentifier":"81CFC0E2-DEAB-4499-B9C4-95F0812B69A1","ObjectType":"OU"}},{"GPOChanges":{"LocalAdmins":[],"RemoteDesktopUsers":[],"DcomUsers":[],"PSRemoteUsers":[],"AffectedComputers":[]},"Properties":{"domain":"INLANEFREIGHT.LOCAL","name":"DEVOPS@INLANEFREIGHT.LOCAL","distinguishedname":"OU=DEVOPS,OU=IT,OU=CORP,DC=INLANEFREIGHT,DC=LOCAL","domainsid":"S-1-5-21-2270287766-1317258649-2146029398","doesanyacegrantownerrights":false,"doesanyinheritedacegrantownerrights":false,"isaclprotected":false,"description":"DevOps personnel","whencreated":1648631237,"blocksinheritance":false},"Links":[],"ChildObjects":[],"InheritanceHashes":[],"Aces":[{"PrincipalSID":"S-1-5-21-2270287766-1317258649-2146029398-512","PrincipalType":"Group","RightName":"Owns","IsInherited":false,"InheritanceHash":""},{"PrincipalSID":"S-1-5-21-2270287766-1317258649-2146029398-512","PrincipalType":"Group","RightName":"GenericAll","IsInherited":false,"InheritanceHash":""},{"PrincipalSID":"S-1-5-21-2270287766-1317258649-2146029398-519","PrincipalType":"Group","RightName":"GenericAll","IsInherited":true,"InheritanceHash":"DCAC7090E2599AEA800A4B3F5543BC7E9B5D4751"},{"PrincipalSID":"INLANEFREIGHT.LOCAL-S-1-5-32-544","PrincipalType":"Group","RightName":"WriteDacl","IsInherited":true,"InheritanceHash":"62C26D4FB3FF64505B03CDD35D648DFBC6C157CC"},{"PrincipalSID":"INLANEFREIGHT.LOCAL-S-1-5-32-544","PrincipalType":"Group","RightName":"WriteOwner","IsInherited":true,"InheritanceHash":"62C26D4FB3FF64505B03CDD35D648DFBC6C157CC"},{"PrincipalSID":"INLANEFREIGHT.LOCAL-S-1-5-32-544","PrincipalType":"Group","RightName":"GenericWrite","IsInherited":true,"InheritanceHash":"62C26D4FB3FF64505B03CDD35D648DFBC6C157CC"}],"ObjectIdentifier":"07C6F72B-6F6A-4981-8560-73483B4B54D6","IsDeleted":false,"IsACLProtected":false,"ContainedBy":{"ObjectIdentifier":"81CFC0E2-DEAB-4499-B9C4-95F0812B69A1","ObjectType":"OU"}},{"GPOChanges":{"LocalAdmins":[],"RemoteDesktopUsers":[],"DcomUsers":[],"PSRemoteUsers":[],"AffectedComputers":[]},"Properties":{"domain":"INLANEFREIGHT.LOCAL","name":"IT ADMINS@INLANEFREIGHT.LOCAL","distinguishedname":"OU=IT ADMINS,OU=IT,OU=CORP,DC=INLANEFREIGHT,DC=LOCAL","domainsid":"S-1-5-21-2270287766-1317258649-2146029398","doesanyacegrantownerrights":false,"doesanyinheritedacegrantownerrights":false,"isaclprotected":false,"description":"IT Admins","whencreated":1648631237,"blocksinheritance":false},"Links":[],"ChildObjects":[],"InheritanceHashes":[],"Aces":[{"PrincipalSID":"S-1-5-21-2270287766-1317258649-2146029398-512","PrincipalType":"Group","RightName":"Owns","IsInherited":false,"InheritanceHash":""},{"PrincipalSID":"S-1-5-21-2270287766-1317258649-2146029398-512","PrincipalType":"Group","RightName":"GenericAll","IsInherited":false,"InheritanceHash":""},{"PrincipalSID":"S-1-5-21-2270287766-1317258649-2146029398-519","PrincipalType":"Group","RightName":"GenericAll","IsInherited":true,"InheritanceHash":"DCAC7090E2599AEA800A4B3F5543BC7E9B5D4751"},{"PrincipalSID":"INLANEFREIGHT.LOCAL-S-1-5-32-544","PrincipalType":"Group","RightName":"WriteDacl","IsInherited":true,"InheritanceHash":"62C26D4FB3FF64505B03CDD35D648DFBC6C157CC"},{"PrincipalSID":"INLANEFREIGHT.LOCAL-S-1-5-32-544","PrincipalType":"Group","RightName":"WriteOwner","IsInherited":true,"InheritanceHash":"62C26D4FB3FF64505B03CDD35D648DFBC6C157CC"},{"PrincipalSID":"INLANEFREIGHT.LOCAL-S-1-5-32-544","PrincipalType":"Group","RightName":"GenericWrite","IsInherited":true,"InheritanceHash":"62C26D4FB3FF64505B03CDD35D648DFBC6C157CC"}],"ObjectIdentifier":"3852D7CB-1136-4655-B350-58E410E63663","IsDeleted":false,"IsACLProtected":false,"ContainedBy":{"ObjectIdentifier":"81CFC0E2-DEAB-4499-B9C4-95F0812B69A1","ObjectType":"OU"}},{"GPOChanges":{"LocalAdmins":[],"RemoteDesktopUsers":[],"DcomUsers":[],"PSRemoteUsers":[],"AffectedComputers":[]},"Properties":{"domain":"INLANEFREIGHT.LOCAL","name":"SERVICE ACCOUNTS@INLANEFREIGHT.LOCAL","distinguishedname":"OU=SERVICE ACCOUNTS,OU=IT,OU=CORP,DC=INLANEFREIGHT,DC=LOCAL","domainsid":"S-1-5-21-2270287766-1317258649-2146029398","doesanyacegrantownerrights":false,"doesanyinheritedacegrantownerrights":false,"isaclprotected":false,"description":"Service Accounts","whencreated":1648631237,"blocksinheritance":false},"Links":[],"ChildObjects":[],"InheritanceHashes":[],"Aces":[{"PrincipalSID":"S-1-5-21-2270287766-1317258649-2146029398-512","PrincipalType":"Group","RightName":"Owns","IsInherited":false,"InheritanceHash":""},{"PrincipalSID":"S-1-5-21-2270287766-1317258649-2146029398-512","PrincipalType":"Group","RightName":"GenericAll","IsInherited":false,"InheritanceHash":""},{"PrincipalSID":"S-1-5-21-2270287766-1317258649-2146029398-519","PrincipalType":"Group","RightName":"GenericAll","IsInherited":true,"InheritanceHash":"DCAC7090E2599AEA800A4B3F5543BC7E9B5D4751"},{"PrincipalSID":"INLANEFREIGHT.LOCAL-S-1-5-32-544","PrincipalType":"Group","RightName":"WriteDacl","IsInherited":true,"InheritanceHash":"62C26D4FB3FF64505B03CDD35D648DFBC6C157CC"},{"PrincipalSID":"INLANEFREIGHT.LOCAL-S-1-5-32-544","PrincipalType":"Group","RightName":"WriteOwner","IsInherited":true,"InheritanceHash":"62C26D4FB3FF64505B03CDD35D648DFBC6C157CC"},{"PrincipalSID":"INLANEFREIGHT.LOCAL-S-1-5-32-544","PrincipalType":"Group","RightName":"GenericWrite","IsInherited":true,"InheritanceHash":"62C26D4FB3FF64505B03CDD35D648DFBC6C157CC"}],"ObjectIdentifier":"62F03A74-E62C-4704-8F12-57B485A079CD","IsDeleted":false,"IsACLProtected":false,"ContainedBy":{"ObjectIdentifier":"81CFC0E2-DEAB-4499-B9C4-95F0812B69A1","ObjectType":"OU"}},{"GPOChanges":{"LocalAdmins":[],"RemoteDesktopUsers":[],"DcomUsers":[],"PSRemoteUsers":[],"AffectedComputers":[]},"Properties":{"domain":"INLANEFREIGHT.LOCAL","name":"HUMAN RESOURCES@INLANEFREIGHT.LOCAL","distinguishedname":"OU=HUMAN RESOURCES,OU=CORP,DC=INLANEFREIGHT,DC=LOCAL","domainsid":"S-1-5-21-2270287766-1317258649-2146029398","doesanyacegrantownerrights":false,"doesanyinheritedacegrantownerrights":false,"isaclprotected":false,"description":"Human Resources personnel","whencreated":1648631237,"blocksinheritance":false},"Links":[],"ChildObjects":[],"InheritanceHashes":[],"Aces":[{"PrincipalSID":"S-1-5-21-2270287766-1317258649-2146029398-512","PrincipalType":"Group","RightName":"Owns","IsInherited":false,"InheritanceHash":""},{"PrincipalSID":"S-1-5-21-2270287766-1317258649-2146029398-512","PrincipalType":"Group","RightName":"GenericAll","IsInherited":false,"InheritanceHash":""},{"PrincipalSID":"S-1-5-21-2270287766-1317258649-2146029398-519","PrincipalType":"Group","RightName":"GenericAll","IsInherited":true,"InheritanceHash":"DCAC7090E2599AEA800A4B3F5543BC7E9B5D4751"},{"PrincipalSID":"INLANEFREIGHT.LOCAL-S-1-5-32-544","PrincipalType":"Group","RightName":"WriteDacl","IsInherited":true,"InheritanceHash":"62C26D4FB3FF64505B03CDD35D648DFBC6C157CC"},{"PrincipalSID":"INLANEFREIGHT.LOCAL-S-1-5-32-544","PrincipalType":"Group","RightName":"WriteOwner","IsInherited":true,"InheritanceHash":"62C26D4FB3FF64505B03CDD35D648DFBC6C157CC"},{"PrincipalSID":"INLANEFREIGHT.LOCAL-S-1-5-32-544","PrincipalType":"Group","RightName":"GenericWrite","IsInherited":true,"InheritanceHash":"62C26D4FB3FF64505B03CDD35D648DFBC6C157CC"}],"ObjectIdentifier":"EBCA8C06-27A6-4926-8466-685EEA42CBD0","IsDeleted":false,"IsACLProtected":false,"ContainedBy":{"ObjectIdentifier":"6E4DA34B-77F4-4CE4-84EA-A4DB20122606","ObjectType":"OU"}},{"GPOChanges":{"LocalAdmins":[],"RemoteDesktopUsers":[],"DcomUsers":[],"PSRemoteUsers":[],"AffectedComputers":[]},"Properties":{"domain":"INLANEFREIGHT.LOCAL","name":"SALES@INLANEFREIGHT.LOCAL","distinguishedname":"OU=SALES,OU=CORP,DC=INLANEFREIGHT,DC=LOCAL","domainsid":"S-1-5-21-2270287766-1317258649-2146029398","doesanyacegrantownerrights":false,"doesanyinheritedacegrantownerrights":false,"isaclprotected":false,"description":"Sales peronnel ","whencreated":1648631237,"blocksinheritance":false},"Links":[],"ChildObjects":[],"InheritanceHashes":[],"Aces":[{"PrincipalSID":"S-1-5-21-2270287766-1317258649-2146029398-512","PrincipalType":"Group","RightName":"Owns","IsInherited":false,"InheritanceHash":""},{"PrincipalSID":"S-1-5-21-2270287766-1317258649-2146029398-512","PrincipalType":"Group","RightName":"GenericAll","IsInherited":false,"InheritanceHash":""},{"PrincipalSID":"S-1-5-21-2270287766-1317258649-2146029398-519","PrincipalType":"Group","RightName":"GenericAll","IsInherited":true,"InheritanceHash":"DCAC7090E2599AEA800A4B3F5543BC7E9B5D4751"},{"PrincipalSID":"INLANEFREIGHT.LOCAL-S-1-5-32-544","PrincipalType":"Group","RightName":"WriteDacl","IsInherited":true,"InheritanceHash":"62C26D4FB3FF64505B03CDD35D648DFBC6C157CC"},{"PrincipalSID":"INLANEFREIGHT.LOCAL-S-1-5-32-544","PrincipalType":"Group","RightName":"WriteOwner","IsInherited":true,"InheritanceHash":"62C26D4FB3FF64505B03CDD35D648DFBC6C157CC"},{"PrincipalSID":"INLANEFREIGHT.LOCAL-S-1-5-32-544","PrincipalType":"Group","RightName":"GenericWrite","IsInherited":true,"InheritanceHash":"62C26D4FB3FF64505B03CDD35D648DFBC6C157CC"}],"ObjectIdentifier":"D9FFEE70-35D8-4DAB-B712-2331F37A868D","IsDeleted":false,"IsACLProtected":false,"ContainedBy":{"ObjectIdentifier":"6E4DA34B-77F4-4CE4-84EA-A4DB20122606","ObjectType":"OU"}},{"GPOChanges":{"LocalAdmins":[],"RemoteDesktopUsers":[],"DcomUsers":[],"PSRemoteUsers":[],"AffectedComputers":[]},"Properties":{"domain":"INLANEFREIGHT.LOCAL","name":"MARKETING@INLANEFREIGHT.LOCAL","distinguishedname":"OU=MARKETING,OU=CORP,DC=INLANEFREIGHT,DC=LOCAL","domainsid":"S-1-5-21-2270287766-1317258649-2146029398","doesanyacegrantownerrights":false,"doesanyinheritedacegrantownerrights":false,"isaclprotected":false,"description":"Marketing personnel","whencreated":1648631237,"blocksinheritance":false},"Links":[],"ChildObjects":[],"InheritanceHashes":[],"Aces":[{"PrincipalSID":"S-1-5-21-2270287766-1317258649-2146029398-512","PrincipalType":"Group","RightName":"Owns","IsInherited":false,"InheritanceHash":""},{"PrincipalSID":"S-1-5-21-2270287766-1317258649-2146029398-512","PrincipalType":"Group","RightName":"GenericAll","IsInherited":false,"InheritanceHash":""},{"PrincipalSID":"S-1-5-21-2270287766-1317258649-2146029398-519","PrincipalType":"Group","RightName":"GenericAll","IsInherited":true,"InheritanceHash":"DCAC7090E2599AEA800A4B3F5543BC7E9B5D4751"},{"PrincipalSID":"INLANEFREIGHT.LOCAL-S-1-5-32-544","PrincipalType":"Group","RightName":"WriteDacl","IsInherited":true,"InheritanceHash":"62C26D4FB3FF64505B03CDD35D648DFBC6C157CC"},{"PrincipalSID":"INLANEFREIGHT.LOCAL-S-1-5-32-544","PrincipalType":"Group","RightName":"WriteOwner","IsInherited":true,"InheritanceHash":"62C26D4FB3FF64505B03CDD35D648DFBC6C157CC"},{"PrincipalSID":"INLANEFREIGHT.LOCAL-S-1-5-32-544","PrincipalType":"Group","RightName":"GenericWrite","IsInherited":true,"InheritanceHash":"62C26D4FB3FF64505B03CDD35D648DFBC6C157CC"}],"ObjectIdentifier":"4D7E4445-7018-4751-9926-00CCE2EC4F03","IsDeleted":false,"IsACLProtected":false,"ContainedBy":{"ObjectIdentifier":"6E4DA34B-77F4-4CE4-84EA-A4DB20122606","ObjectType":"OU"}},{"GPOChanges":{"LocalAdmins":[],"RemoteDesktopUsers":[],"DcomUsers":[],"PSRemoteUsers":[],"AffectedComputers":[]},"Properties":{"domain":"INLANEFREIGHT.LOCAL","name":"OPERATIONS@INLANEFREIGHT.LOCAL","distinguishedname":"OU=OPERATIONS,OU=CORP,DC=INLANEFREIGHT,DC=LOCAL","domainsid":"S-1-5-21-2270287766-1317258649-2146029398","doesanyacegrantownerrights":false,"doesanyinheritedacegrantownerrights":false,"isaclprotected":false,"description":"Operations personnel","whencreated":1648631237,"blocksinheritance":false},"Links":[],"ChildObjects":[],"InheritanceHashes":[],"Aces":[{"PrincipalSID":"S-1-5-21-2270287766-1317258649-2146029398-512","PrincipalType":"Group","RightName":"Owns","IsInherited":false,"InheritanceHash":""},{"PrincipalSID":"S-1-5-21-2270287766-1317258649-2146029398-512","PrincipalType":"Group","RightName":"GenericAll","IsInherited":false,"InheritanceHash":""},{"PrincipalSID":"S-1-5-21-2270287766-1317258649-2146029398-519","PrincipalType":"Group","RightName":"GenericAll","IsInherited":true,"InheritanceHash":"DCAC7090E2599AEA800A4B3F5543BC7E9B5D4751"},{"PrincipalSID":"INLANEFREIGHT.LOCAL-S-1-5-32-544","PrincipalType":"Group","RightName":"WriteDacl","IsInherited":true,"InheritanceHash":"62C26D4FB3FF64505B03CDD35D648DFBC6C157CC"},{"PrincipalSID":"INLANEFREIGHT.LOCAL-S-1-5-32-544","PrincipalType":"Group","RightName":"WriteOwner","IsInherited":true,"InheritanceHash":"62C26D4FB3FF64505B03CDD35D648DFBC6C157CC"},{"PrincipalSID":"INLANEFREIGHT.LOCAL-S-1-5-32-544","PrincipalType":"Group","RightName":"GenericWrite","IsInherited":true,"InheritanceHash":"62C26D4FB3FF64505B03CDD35D648DFBC6C157CC"}],"ObjectIdentifier":"283F080F-7990-4EBB-A760-6A5A3065E539","IsDeleted":false,"IsACLProtected":false,"ContainedBy":{"ObjectIdentifier":"6E4DA34B-77F4-4CE4-84EA-A4DB20122606","ObjectType":"OU"}},{"GPOChanges":{"LocalAdmins":[],"RemoteDesktopUsers":[],"DcomUsers":[],"PSRemoteUsers":[],"AffectedComputers":[]},"Properties":{"domain":"INLANEFREIGHT.LOCAL","name":"BUSINESS DEVELOPMENT@INLANEFREIGHT.LOCAL","distinguishedname":"OU=BUSINESS DEVELOPMENT,OU=CORP,DC=INLANEFREIGHT,DC=LOCAL","domainsid":"S-1-5-21-2270287766-1317258649-2146029398","doesanyacegrantownerrights":false,"doesanyinheritedacegrantownerrights":false,"isaclprotected":false,"description":"Business development personnel","whencreated":1648631237,"blocksinheritance":false},"Links":[],"ChildObjects":[],"InheritanceHashes":[],"Aces":[{"PrincipalSID":"S-1-5-21-2270287766-1317258649-2146029398-512","PrincipalType":"Group","RightName":"Owns","IsInherited":false,"InheritanceHash":""},{"PrincipalSID":"S-1-5-21-2270287766-1317258649-2146029398-512","PrincipalType":"Group","RightName":"GenericAll","IsInherited":false,"InheritanceHash":""},{"PrincipalSID":"S-1-5-21-2270287766-1317258649-2146029398-519","PrincipalType":"Group","RightName":"GenericAll","IsInherited":true,"InheritanceHash":"DCAC7090E2599AEA800A4B3F5543BC7E9B5D4751"},{"PrincipalSID":"INLANEFREIGHT.LOCAL-S-1-5-32-544","PrincipalType":"Group","RightName":"WriteDacl","IsInherited":true,"InheritanceHash":"62C26D4FB3FF64505B03CDD35D648DFBC6C157CC"},{"PrincipalSID":"INLANEFREIGHT.LOCAL-S-1-5-32-544","PrincipalType":"Group","RightName":"WriteOwner","IsInherited":true,"InheritanceHash":"62C26D4FB3FF64505B03CDD35D648DFBC6C157CC"},{"PrincipalSID":"INLANEFREIGHT.LOCAL-S-1-5-32-544","PrincipalType":"Group","RightName":"GenericWrite","IsInherited":true,"InheritanceHash":"62C26D4FB3FF64505B03CDD35D648DFBC6C157CC"}],"ObjectIdentifier":"9974E2A6-96B5-4E5A-9A25-5D645D1494EF","IsDeleted":false,"IsACLProtected":false,"ContainedBy":{"ObjectIdentifier":"6E4DA34B-77F4-4CE4-84EA-A4DB20122606","ObjectType":"OU"}},{"GPOChanges":{"LocalAdmins":[],"RemoteDesktopUsers":[],"DcomUsers":[],"PSRemoteUsers":[],"AffectedComputers":[]},"Properties":{"domain":"INLANEFREIGHT.LOCAL","name":"AUDIT@INLANEFREIGHT.LOCAL","distinguishedname":"OU=AUDIT,OU=CORP,DC=INLANEFREIGHT,DC=LOCAL","domainsid":"S-1-5-21-2270287766-1317258649-2146029398","doesanyacegrantownerrights":false,"doesanyinheritedacegrantownerrights":false,"isaclprotected":false,"description":"Audit personnel","whencreated":1648631237,"blocksinheritance":false},"Links":[],"ChildObjects":[],"InheritanceHashes":[],"Aces":[{"PrincipalSID":"S-1-5-21-2270287766-1317258649-2146029398-512","PrincipalType":"Group","RightName":"Owns","IsInherited":false,"InheritanceHash":""},{"PrincipalSID":"S-1-5-21-2270287766-1317258649-2146029398-512","PrincipalType":"Group","RightName":"GenericAll","IsInherited":false,"InheritanceHash":""},{"PrincipalSID":"S-1-5-21-2270287766-1317258649-2146029398-519","PrincipalType":"Group","RightName":"GenericAll","IsInherited":true,"InheritanceHash":"DCAC7090E2599AEA800A4B3F5543BC7E9B5D4751"},{"PrincipalSID":"INLANEFREIGHT.LOCAL-S-1-5-32-544","PrincipalType":"Group","RightName":"WriteDacl","IsInherited":true,"InheritanceHash":"62C26D4FB3FF64505B03CDD35D648DFBC6C157CC"},{"PrincipalSID":"INLANEFREIGHT.LOCAL-S-1-5-32-544","PrincipalType":"Group","RightName":"WriteOwner","IsInherited":true,"InheritanceHash":"62C26D4FB3FF64505B03CDD35D648DFBC6C157CC"},{"PrincipalSID":"INLANEFREIGHT.LOCAL-S-1-5-32-544","PrincipalType":"Group","RightName":"GenericWrite","IsInherited":true,"InheritanceHash":"62C26D4FB3FF64505B03CDD35D648DFBC6C157CC"}],"ObjectIdentifier":"8A74FEBA-E634-49FC-B37B-D4B82EB072A2","IsDeleted":false,"IsACLProtected":false,"ContainedBy":{"ObjectIdentifier":"6E4DA34B-77F4-4CE4-84EA-A4DB20122606","ObjectType":"OU"}},{"GPOChanges":{"LocalAdmins":[],"RemoteDesktopUsers":[],"DcomUsers":[],"PSRemoteUsers":[],"AffectedComputers":[]},"Properties":{"domain":"INLANEFREIGHT.LOCAL","name":"FINANCE@INLANEFREIGHT.LOCAL","distinguishedname":"OU=FINANCE,OU=CORP,DC=INLANEFREIGHT,DC=LOCAL","domainsid":"S-1-5-21-2270287766-1317258649-2146029398","doesanyacegrantownerrights":false,"doesanyinheritedacegrantownerrights":false,"isaclprotected":false,"description":"Finance personnel","whencreated":1648631237,"blocksinheritance":false},"Links":[],"ChildObjects":[],"InheritanceHashes":[],"Aces":[{"PrincipalSID":"S-1-5-21-2270287766-1317258649-2146029398-512","PrincipalType":"Group","RightName":"Owns","IsInherited":false,"InheritanceHash":""},{"PrincipalSID":"S-1-5-21-2270287766-1317258649-2146029398-512","PrincipalType":"Group","RightName":"GenericAll","IsInherited":false,"InheritanceHash":""},{"PrincipalSID":"S-1-5-21-2270287766-1317258649-2146029398-519","PrincipalType":"Group","RightName":"GenericAll","IsInherited":true,"InheritanceHash":"DCAC7090E2599AEA800A4B3F5543BC7E9B5D4751"},{"PrincipalSID":"INLANEFREIGHT.LOCAL-S-1-5-32-544","PrincipalType":"Group","RightName":"WriteDacl","IsInherited":true,"InheritanceHash":"62C26D4FB3FF64505B03CDD35D648DFBC6C157CC"},{"PrincipalSID":"INLANEFREIGHT.LOCAL-S-1-5-32-544","PrincipalType":"Group","RightName":"WriteOwner","IsInherited":true,"InheritanceHash":"62C26D4FB3FF64505B03CDD35D648DFBC6C157CC"},{"PrincipalSID":"INLANEFREIGHT.LOCAL-S-1-5-32-544","PrincipalType":"Group","RightName":"GenericWrite","IsInherited":true,"InheritanceHash":"62C26D4FB3FF64505B03CDD35D648DFBC6C157CC"}],"ObjectIdentifier":"D62E34A0-2D93-4AE3-839F-6129639B7C90","IsDeleted":false,"IsACLProtected":false,"ContainedBy":{"ObjectIdentifier":"6E4DA34B-77F4-4CE4-84EA-A4DB20122606","ObjectType":"OU"}},{"GPOChanges":{"LocalAdmins":[],"RemoteDesktopUsers":[],"DcomUsers":[],"PSRemoteUsers":[],"AffectedComputers":[]},"Properties":{"domain":"INLANEFREIGHT.LOCAL","name":"WORKSTATIONS@INLANEFREIGHT.LOCAL","distinguishedname":"OU=WORKSTATIONS,OU=CORP,DC=INLANEFREIGHT,DC=LOCAL","domainsid":"S-1-5-21-2270287766-1317258649-2146029398","doesanyacegrantownerrights":false,"doesanyinheritedacegrantownerrights":false,"isaclprotected":false,"description":"Corp workstations","whencreated":1648631237,"blocksinheritance":false},"Links":[],"ChildObjects":[],"InheritanceHashes":[],"Aces":[{"PrincipalSID":"S-1-5-21-2270287766-1317258649-2146029398-512","PrincipalType":"Group","RightName":"Owns","IsInherited":false,"InheritanceHash":""},{"PrincipalSID":"S-1-5-21-2270287766-1317258649-2146029398-512","PrincipalType":"Group","RightName":"GenericAll","IsInherited":false,"InheritanceHash":""},{"PrincipalSID":"S-1-5-21-2270287766-1317258649-2146029398-519","PrincipalType":"Group","RightName":"GenericAll","IsInherited":true,"InheritanceHash":"DCAC7090E2599AEA800A4B3F5543BC7E9B5D4751"},{"PrincipalSID":"INLANEFREIGHT.LOCAL-S-1-5-32-544","PrincipalType":"Group","RightName":"WriteDacl","IsInherited":true,"InheritanceHash":"62C26D4FB3FF64505B03CDD35D648DFBC6C157CC"},{"PrincipalSID":"INLANEFREIGHT.LOCAL-S-1-5-32-544","PrincipalType":"Group","RightName":"WriteOwner","IsInherited":true,"InheritanceHash":"62C26D4FB3FF64505B03CDD35D648DFBC6C157CC"},{"PrincipalSID":"INLANEFREIGHT.LOCAL-S-1-5-32-544","PrincipalType":"Group","RightName":"GenericWrite","IsInherited":true,"InheritanceHash":"62C26D4FB3FF64505B03CDD35D648DFBC6C157CC"}],"ObjectIdentifier":"7F795344-FF0B-4284-A7C1-050CECE968F6","IsDeleted":false,"IsACLProtected":false,"ContainedBy":{"ObjectIdentifier":"6E4DA34B-77F4-4CE4-84EA-A4DB20122606","ObjectType":"OU"}},{"GPOChanges":{"LocalAdmins":[],"RemoteDesktopUsers":[],"DcomUsers":[],"PSRemoteUsers":[],"AffectedComputers":[]},"Properties":{"domain":"INLANEFREIGHT.LOCAL","name":"SECURITY GROUPS@INLANEFREIGHT.LOCAL","distinguishedname":"OU=SECURITY GROUPS,OU=CORP,DC=INLANEFREIGHT,DC=LOCAL","domainsid":"S-1-5-21-2270287766-1317258649-2146029398","doesanyacegrantownerrights":false,"doesanyinheritedacegrantownerrights":false,"isaclprotected":false,"description":"Security Groups","whencreated":1648631237,"blocksinheritance":false},"Links":[],"ChildObjects":[],"InheritanceHashes":[],"Aces":[{"PrincipalSID":"S-1-5-21-2270287766-1317258649-2146029398-512","PrincipalType":"Group","RightName":"Owns","IsInherited":false,"InheritanceHash":""},{"PrincipalSID":"S-1-5-21-2270287766-1317258649-2146029398-512","PrincipalType":"Group","RightName":"GenericAll","IsInherited":false,"InheritanceHash":""},{"PrincipalSID":"S-1-5-21-2270287766-1317258649-2146029398-519","PrincipalType":"Group","RightName":"GenericAll","IsInherited":true,"InheritanceHash":"DCAC7090E2599AEA800A4B3F5543BC7E9B5D4751"},{"PrincipalSID":"INLANEFREIGHT.LOCAL-S-1-5-32-544","PrincipalType":"Group","RightName":"WriteDacl","IsInherited":true,"InheritanceHash":"62C26D4FB3FF64505B03CDD35D648DFBC6C157CC"},{"PrincipalSID":"INLANEFREIGHT.LOCAL-S-1-5-32-544","PrincipalType":"Group","RightName":"WriteOwner","IsInherited":true,"InheritanceHash":"62C26D4FB3FF64505B03CDD35D648DFBC6C157CC"},{"PrincipalSID":"INLANEFREIGHT.LOCAL-S-1-5-32-544","PrincipalType":"Group","RightName":"GenericWrite","IsInherited":true,"InheritanceHash":"62C26D4FB3FF64505B03CDD35D648DFBC6C157CC"}],"ObjectIdentifier":"22E25DC7-91F4-4ED8-A356-E598DCB71EC4","IsDeleted":false,"IsACLProtected":false,"ContainedBy":{"ObjectIdentifier":"6E4DA34B-77F4-4CE4-84EA-A4DB20122606","ObjectType":"OU"}},{"GPOChanges":{"LocalAdmins":[],"RemoteDesktopUsers":[],"DcomUsers":[],"PSRemoteUsers":[],"AffectedComputers":[]},"Properties":{"domain":"INLANEFREIGHT.LOCAL","name":"SERVERS@INLANEFREIGHT.LOCAL","distinguishedname":"OU=SERVERS,OU=CORP,DC=INLANEFREIGHT,DC=LOCAL","domainsid":"S-1-5-21-2270287766-1317258649-2146029398","doesanyacegrantownerrights":false,"doesanyinheritedacegrantownerrights":false,"isaclprotected":false,"description":"Servers","whencreated":1648631237,"blocksinheritance":false},"Links":[],"ChildObjects":[],"InheritanceHashes":[],"Aces":[{"PrincipalSID":"S-1-5-21-2270287766-1317258649-2146029398-512","PrincipalType":"Group","RightName":"Owns","IsInherited":false,"InheritanceHash":""},{"PrincipalSID":"S-1-5-21-2270287766-1317258649-2146029398-512","PrincipalType":"Group","RightName":"GenericAll","IsInherited":false,"InheritanceHash":""},{"PrincipalSID":"S-1-5-21-2270287766-1317258649-2146029398-519","PrincipalType":"Group","RightName":"GenericAll","IsInherited":true,"InheritanceHash":"DCAC7090E2599AEA800A4B3F5543BC7E9B5D4751"},{"PrincipalSID":"INLANEFREIGHT.LOCAL-S-1-5-32-544","PrincipalType":"Group","RightName":"WriteDacl","IsInherited":true,"InheritanceHash":"62C26D4FB3FF64505B03CDD35D648DFBC6C157CC"},{"PrincipalSID":"INLANEFREIGHT.LOCAL-S-1-5-32-544","PrincipalType":"Group","RightName":"WriteOwner","IsInherited":true,"InheritanceHash":"62C26D4FB3FF64505B03CDD35D648DFBC6C157CC"},{"PrincipalSID":"INLANEFREIGHT.LOCAL-S-1-5-32-544","PrincipalType":"Group","RightName":"GenericWrite","IsInherited":true,"InheritanceHash":"62C26D4FB3FF64505B03CDD35D648DFBC6C157CC"}],"ObjectIdentifier":"AD04D02A-4DA1-4CBA-9EFC-1DEDAD435BC5","IsDeleted":false,"IsACLProtected":false,"ContainedBy":{"ObjectIdentifier":"6E4DA34B-77F4-4CE4-84EA-A4DB20122606","ObjectType":"OU"}},{"GPOChanges":{"LocalAdmins":[],"RemoteDesktopUsers":[],"DcomUsers":[],"PSRemoteUsers":[],"AffectedComputers":[]},"Properties":{"domain":"INLANEFREIGHT.LOCAL","name":"SQL SERVERS@INLANEFREIGHT.LOCAL","distinguishedname":"OU=SQL SERVERS,OU=SERVERS,OU=CORP,DC=INLANEFREIGHT,DC=LOCAL","domainsid":"S-1-5-21-2270287766-1317258649-2146029398","doesanyacegrantownerrights":false,"doesanyinheritedacegrantownerrights":false,"isaclprotected":false,"description":"SQL Servers","whencreated":1648631237,"blocksinheritance":false},"Links":[],"ChildObjects":[],"InheritanceHashes":[],"Aces":[{"PrincipalSID":"S-1-5-21-2270287766-1317258649-2146029398-512","PrincipalType":"Group","RightName":"Owns","IsInherited":false,"InheritanceHash":""},{"PrincipalSID":"S-1-5-21-2270287766-1317258649-2146029398-512","PrincipalType":"Group","RightName":"GenericAll","IsInherited":false,"InheritanceHash":""},{"PrincipalSID":"S-1-5-21-2270287766-1317258649-2146029398-519","PrincipalType":"Group","RightName":"GenericAll","IsInherited":true,"InheritanceHash":"DCAC7090E2599AEA800A4B3F5543BC7E9B5D4751"},{"PrincipalSID":"INLANEFREIGHT.LOCAL-S-1-5-32-544","PrincipalType":"Group","RightName":"WriteDacl","IsInherited":true,"InheritanceHash":"62C26D4FB3FF64505B03CDD35D648DFBC6C157CC"},{"PrincipalSID":"INLANEFREIGHT.LOCAL-S-1-5-32-544","PrincipalType":"Group","RightName":"WriteOwner","IsInherited":true,"InheritanceHash":"62C26D4FB3FF64505B03CDD35D648DFBC6C157CC"},{"PrincipalSID":"INLANEFREIGHT.LOCAL-S-1-5-32-544","PrincipalType":"Group","RightName":"GenericWrite","IsInherited":true,"InheritanceHash":"62C26D4FB3FF64505B03CDD35D648DFBC6C157CC"}],"ObjectIdentifier":"7CFEA92B-A5C4-422B-8321-54ADCF79E18D","IsDeleted":false,"IsACLProtected":false,"ContainedBy":{"ObjectIdentifier":"AD04D02A-4DA1-4CBA-9EFC-1DEDAD435BC5","ObjectType":"OU"}},{"GPOChanges":{"LocalAdmins":[],"RemoteDesktopUsers":[],"DcomUsers":[],"PSRemoteUsers":[],"AffectedComputers":[]},"Properties":{"domain":"INLANEFREIGHT.LOCAL","name":"FILE SERVERS@INLANEFREIGHT.LOCAL","distinguishedname":"OU=FILE SERVERS,OU=SERVERS,OU=CORP,DC=INLANEFREIGHT,DC=LOCAL","domainsid":"S-1-5-21-2270287766-1317258649-2146029398","doesanyacegrantownerrights":false,"doesanyinheritedacegrantownerrights":false,"isaclprotected":false,"description":"File Servers","whencreated":1648631237,"blocksinheritance":false},"Links":[],"ChildObjects":[],"InheritanceHashes":[],"Aces":[{"PrincipalSID":"S-1-5-21-2270287766-1317258649-2146029398-512","PrincipalType":"Group","RightName":"Owns","IsInherited":false,"InheritanceHash":""},{"PrincipalSID":"S-1-5-21-2270287766-1317258649-2146029398-512","PrincipalType":"Group","RightName":"GenericAll","IsInherited":false,"InheritanceHash":""},{"PrincipalSID":"S-1-5-21-2270287766-1317258649-2146029398-519","PrincipalType":"Group","RightName":"GenericAll","IsInherited":true,"InheritanceHash":"DCAC7090E2599AEA800A4B3F5543BC7E9B5D4751"},{"PrincipalSID":"INLANEFREIGHT.LOCAL-S-1-5-32-544","PrincipalType":"Group","RightName":"WriteDacl","IsInherited":true,"InheritanceHash":"62C26D4FB3FF64505B03CDD35D648DFBC6C157CC"},{"PrincipalSID":"INLANEFREIGHT.LOCAL-S-1-5-32-544","PrincipalType":"Group","RightName":"WriteOwner","IsInherited":true,"InheritanceHash":"62C26D4FB3FF64505B03CDD35D648DFBC6C157CC"},{"PrincipalSID":"INLANEFREIGHT.LOCAL-S-1-5-32-544","PrincipalType":"Group","RightName":"GenericWrite","IsInherited":true,"InheritanceHash":"62C26D4FB3FF64505B03CDD35D648DFBC6C157CC"}],"ObjectIdentifier":"B5059A03-FA79-44EF-B02A-1C0C507ED4BB","IsDeleted":false,"IsACLProtected":false,"ContainedBy":{"ObjectIdentifier":"AD04D02A-4DA1-4CBA-9EFC-1DEDAD435BC5","ObjectType":"OU"}},{"GPOChanges":{"LocalAdmins":[],"RemoteDesktopUsers":[],"DcomUsers":[],"PSRemoteUsers":[],"AffectedComputers":[]},"Properties":{"domain":"INLANEFREIGHT.LOCAL","name":"WEB SERVERS@INLANEFREIGHT.LOCAL","distinguishedname":"OU=WEB SERVERS,OU=SERVERS,OU=CORP,DC=INLANEFREIGHT,DC=LOCAL","domainsid":"S-1-5-21-2270287766-1317258649-2146029398","doesanyacegrantownerrights":false,"doesanyinheritedacegrantownerrights":false,"isaclprotected":false,"description":"Web Servers","whencreated":1648631237,"blocksinheritance":false},"Links":[],"ChildObjects":[],"InheritanceHashes":[],"Aces":[{"PrincipalSID":"S-1-5-21-2270287766-1317258649-2146029398-512","PrincipalType":"Group","RightName":"Owns","IsInherited":false,"InheritanceHash":""},{"PrincipalSID":"S-1-5-21-2270287766-1317258649-2146029398-512","PrincipalType":"Group","RightName":"GenericAll","IsInherited":false,"InheritanceHash":""},{"PrincipalSID":"S-1-5-21-2270287766-1317258649-2146029398-519","PrincipalType":"Group","RightName":"GenericAll","IsInherited":true,"InheritanceHash":"DCAC7090E2599AEA800A4B3F5543BC7E9B5D4751"},{"PrincipalSID":"INLANEFREIGHT.LOCAL-S-1-5-32-544","PrincipalType":"Group","RightName":"WriteDacl","IsInherited":true,"InheritanceHash":"62C26D4FB3FF64505B03CDD35D648DFBC6C157CC"},{"PrincipalSID":"INLANEFREIGHT.LOCAL-S-1-5-32-544","PrincipalType":"Group","RightName":"WriteOwner","IsInherited":true,"InheritanceHash":"62C26D4FB3FF64505B03CDD35D648DFBC6C157CC"},{"PrincipalSID":"INLANEFREIGHT.LOCAL-S-1-5-32-544","PrincipalType":"Group","RightName":"GenericWrite","IsInherited":true,"InheritanceHash":"62C26D4FB3FF64505B03CDD35D648DFBC6C157CC"}],"ObjectIdentifier":"CE7E0675-6262-4BDD-ABF6-60C6531142D9","IsDeleted":false,"IsACLProtected":false,"ContainedBy":{"ObjectIdentifier":"AD04D02A-4DA1-4CBA-9EFC-1DEDAD435BC5","ObjectType":"OU"}}],"meta":{"methods":7107563,"type":"ous","count":21,"version":6,"collectorversion":"2.6.6.0"}}